-- phpMyAdmin SQL Dump
-- version 4.9.2
-- https://www.phpmyadmin.net/
--
-- Host: 127.0.0.1:3306
-- Generation Time: Jul 27, 2025 at 10:52 AM
-- Server version: 8.0.18
-- PHP Version: 7.4.0

SET SQL_MODE = "NO_AUTO_VALUE_ON_ZERO";
SET AUTOCOMMIT = 0;
START TRANSACTION;
SET time_zone = "+00:00";


/*!40101 SET @OLD_CHARACTER_SET_CLIENT=@@CHARACTER_SET_CLIENT */;
/*!40101 SET @OLD_CHARACTER_SET_RESULTS=@@CHARACTER_SET_RESULTS */;
/*!40101 SET @OLD_COLLATION_CONNECTION=@@COLLATION_CONNECTION */;
/*!40101 SET NAMES utf8mb4 */;

--
-- Database: `eljotellug_house_rental2`
--

-- --------------------------------------------------------

--
-- Table structure for table `categories`
--

DROP TABLE IF EXISTS `categories`;
CREATE TABLE IF NOT EXISTS `categories` (
  `id` int(30) NOT NULL AUTO_INCREMENT,
  `name` varchar(200) COLLATE utf8mb4_general_ci NOT NULL,
  `shopid` varchar(255) COLLATE utf8mb4_general_ci DEFAULT NULL,
  `account_type` tinyint(1) NOT NULL COMMENT '1=rentals 2=estate',
  `no_of_records` int(25) NOT NULL,
  `cprice` double NOT NULL,
  PRIMARY KEY (`id`)
) ENGINE=InnoDB AUTO_INCREMENT=95 DEFAULT CHARSET=utf8mb4 COLLATE=utf8mb4_general_ci;

--
-- Dumping data for table `categories`
--

INSERT INTO `categories` (`id`, `name`, `shopid`, `account_type`, `no_of_records`, `cprice`) VALUES
(34, 'FLAT BLOCK-A', 'WBG2024000005', 0, 0, 0),
(35, 'GROUND FLOOR- BLOCK-A', 'WBG2024000005', 0, 0, 0),
(36, 'LEVEL1- BLOCK-A', 'WBG2024000005', 0, 0, 0),
(37, 'LEVEL2- BLOCK-A', 'WBG2024000005', 0, 0, 0),
(38, 'LEVEL3- BLOCK-A', 'WBG2024000005', 0, 0, 0),
(39, 'LEVEL4- BLOCK-A', 'WBG2024000005', 0, 0, 0),
(40, 'LEVEL5- BLOCK-A', 'WBG2024000005', 0, 0, 0),
(41, 'GROUND FLOOR- BLOCK-B', 'WBG2024000005', 0, 0, 0),
(42, 'FLAT', 'WBG2024000005', 0, 0, 0),
(43, 'GROUND FLOOR- BLOCK-A', 'MWS2024000003', 0, 0, 0),
(44, 'GROUND FLOOR- BLUEHEIGHTS', '1', 0, 0, 0),
(45, 'FIRST_FLOOR-_BLUEHEIGHTS', '1', 0, 0, 0),
(46, 'SECOND_FLOOR- BLUEHEIGHTS', '1', 0, 0, 0),
(47, 'THIRD_FLOOR- BLUEHEIGHTS', '1', 0, 0, 0),
(48, 'FOUR_FLOOR- BLUEHEIGHTS', '1', 0, 0, 0),
(49, 'FIFTH_FLOOR- BLUEHEIGHTS', '1', 0, 0, 0),
(50, 'GROUND FLOOR- BLUEHEIGHTSs', '1', 0, 0, 0),
(51, 'SINGLE ROOM', 'PS2024000007', 0, 0, 0),
(52, 'DOUBLE-ROOM', 'PS2024000007', 0, 0, 0),
(53, 'SINGLE ROOM', '1', 0, 0, 0),
(54, 'double rooms', '1', 0, 0, 0),
(55, 'Komamboga', 'HA2024000008', 0, 0, 0),
(56, 'Kikaya', 'HA2024000008', 0, 0, 0),
(57, 'Kyanja', 'HA2024000008', 0, 0, 0),
(58, 'Ashinaga', 'HA2024000008', 0, 0, 0),
(59, 'Kakiri', 'HA2024000008', 0, 0, 0),
(60, 'Nansana', 'HA2024000008', 0, 0, 0),
(61, 'NAKIBUULE', 'SA2024000011', 0, 0, 0),
(62, 'KISIMBIRI HILL', 'SA2024000011', 0, 0, 0),
(69, 'first floor roberta plaza', '1', 0, 0, 0),
(70, 'kisigula', 'SA2024000011', 0, 0, 0),
(71, 'WAKISO', '1', 0, 0, 0),
(72, 'BUGOLOBI', '1', 0, 0, 0),
(74, 'NAJJEMBA_BLOCK_255_WAKISO', 'TUBAP2025000014', 0, 0, 0),
(75, 'SERINYA_BLOCK_197_WAKISO', 'TUBAP2025000014', 0, 0, 0),
(76, 'KIKANDWA_BLOCK_149_WAKISO', 'TUBAP2025000014', 0, 0, 0),
(77, 'SERINYA_BLOCK_197_WAKISO', '1', 0, 0, 0),
(78, 'BULENGA_TOWN', '1', 0, 0, 0),
(79, 'NABWERU', 'Tabula2025000015', 0, 0, 0),
(80, 'NAKUULE', 'Tabula2025000015', 0, 0, 0),
(81, 'KABUMBI', 'Tabula2025000015', 0, 0, 0),
(83, 'KYAPISI_BLOCK_8_WAKISO', 'TUBAP2025000014', 0, 0, 0),
(84, 'SELINYA_BLOCK_197_WAKISO', 'TUBAP2025000014', 0, 0, 0),
(85, 'WAKISO CENTRAL', '1', 0, 0, 0),
(87, 'WAKISO ESTATE', '1', 0, 0, 0),
(88, 'SALA_BLOCK_216_WAKISO_ESTATE', 'GE2025000018', 0, 0, 0),
(91, 'WAKISO ESTATE', 'GE2025000018', 0, 0, 0),
(92, 'BULAMU', 'GE2025000018', 0, 0, 100000000);

-- --------------------------------------------------------

--
-- Table structure for table `expenses`
--

DROP TABLE IF EXISTS `expenses`;
CREATE TABLE IF NOT EXISTS `expenses` (
  `Idd` int(11) NOT NULL AUTO_INCREMENT,
  `shopid` varchar(200) NOT NULL,
  `SiteType` varchar(200) NOT NULL,
  `HouseId` varchar(200) NOT NULL,
  `Paid_by` varchar(150) NOT NULL,
  `Received_by` varchar(150) NOT NULL,
  `Authorised_by` varchar(150) NOT NULL,
  `ITEM` varchar(50) NOT NULL,
  `DESCRIPTION` varchar(99) NOT NULL,
  `RATE` int(10) NOT NULL,
  `TAX` decimal(10,0) NOT NULL,
  `QTY` int(10) NOT NULL,
  `AMOUNT` int(50) NOT NULL,
  `TRANSID` varchar(150) NOT NULL,
  `CATEGORY` varchar(150) NOT NULL DEFAULT 'Others',
  `SUB_CATEGORY` varchar(200) NOT NULL,
  `Date_of_entry` date NOT NULL,
  `Date_of_trans` date NOT NULL,
  PRIMARY KEY (`Idd`)
) ENGINE=MyISAM AUTO_INCREMENT=19 DEFAULT CHARSET=latin1;

--
-- Dumping data for table `expenses`
--

INSERT INTO `expenses` (`Idd`, `shopid`, `SiteType`, `HouseId`, `Paid_by`, `Received_by`, `Authorised_by`, `ITEM`, `DESCRIPTION`, `RATE`, `TAX`, `QTY`, `AMOUNT`, `TRANSID`, `CATEGORY`, `SUB_CATEGORY`, `Date_of_entry`, `Date_of_trans`) VALUES
(1, '1', '', '', 'KAUTHRA', 'KAUTHRA DAVID', 'JOSEPH', 'MEALS', 'MEALS', 7000, '0', 1, 7000, '1', 'Fuel', 'UAU533P', '2024-09-05', '2024-09-05'),
(2, '1', '', '', 'KAUTHRA', 'EDWARD', 'JOSEPH', 'FUEL', 'FUEL', 14000, '0', 1, 14000, '2', 'Staff_welfare', 'Medicine', '2024-09-06', '2024-09-06'),
(3, '1', '', '', 'KAUTHRA', 'EDWARD', 'JOSEPH', 'MEALS', 'MEALS', 8000, '0', 1, 8000, '3', 'Staff_welfare', 'Medicine', '2024-09-06', '2024-09-06'),
(4, '1', '', '', 'KAUTHRA', 'KAUTHRA', 'JOSEPH', 'MEALS', 'MEALS', 7000, '0', 1, 7000, '4', 'Staff_welfare', 'Medicine', '2024-09-06', '2024-09-06'),
(5, 'WBG2024000005', '', '', 'suze', 'suze', 'ceo', 'walls(paint)', 'walls(paint)', 50000, '0', 1, 50000, '1', 'maintenance', '', '2024-09-06', '1969-12-31'),
(6, '1', '', '', 'RECHAEL ', 'NAMUKASA AND SEVERAL ', 'JOSEPH', 'MEALS', 'MEALS', 5000, '0', 12, 60000, '5', 'Staff_Meals', 'WORKSHOP', '2024-09-12', '2024-09-12'),
(7, '1', '44', 'General', 'suze', 'suze', 'ceo', 'walls(paint)', 'walls(paint)', 50000, '0', 1, 50000, '6', 'maintenance', 'water', '2024-11-06', '2024-10-25'),
(8, '1', '44', 'General', 'Recho', 'Recho', 'ceo', 'security lights', 'security lights', 50000, '0', 1, 50000, '796', 'maintenance', 'water', '2024-11-07', '2024-10-04'),
(9, '1', '44', 'General', 'Recho', 'Recho', 'ceo', 'pakalast minutes', 'pakalast minutes', 255, '0', 1, 255, '456', 'airtime', 'Airtel', '2024-11-07', '2024-10-31'),
(10, 'Tabula2025000015', '79', 'NAB08', 'WYICLIFF', 'BROKER ROGERS', 'WYICLIFF', 'COMISSION', 'COMISSION', 40000, '0', 1, 40000, '1', 'COMISSION', 'BROKERS', '2025-05-09', '2025-05-05'),
(11, '1', '87', 'PLOT36', 'EDWARD', 'KAUTHRA ', 'manager', 'paper work', 'paper work', 51000, '0', 1, 51000, '93', 'administration', 'paper', '2025-07-16', '2025-07-15'),
(12, 'GE2025000018', '88', 'General', 'William', 'William', 'William', 'fuel', 'fuel', 20000, '0', 1, 20000, '1', 'Fuel', 'Car', '2025-07-16', '2025-07-14'),
(13, 'GE2025000018', '88', 'Plot1482_Sala', 'William', 'William', 'William', 'fuel', 'fuel', 20000, '0', 1, 20000, '2', 'Fuel', 'Car', '2025-07-16', '2025-07-14'),
(14, 'GE2025000018', '88', 'Plot1475_Sala', 'William', 'William', 'William', 'Brokerage fee', 'Brokerage fee', 2000000, '0', 1, 2000000, '3', 'Administration', 'Commission', '2025-07-16', '2025-07-14'),
(15, 'GE2025000018', '88', 'Plot1477_Sala', 'William', 'William', 'William', 'Brokerage fee', 'Brokerage fee', 2000000, '0', 1, 2000000, '4', '', '', '2025-07-16', '2025-07-01'),
(16, 'GE2025000018', '88', 'Plot1478_Sala', 'William', 'William', 'William', 'Brokerage fee', 'Brokerage fee', 2000000, '0', 1, 2000000, '5', 'Administration', 'Commission', '2025-07-16', '2025-06-30'),
(17, 'GE2025000018', '88', 'Plot1483_Sala', 'William', 'William', 'William', 'Brokerage fee', 'Brokerage fee', 2000000, '0', 1, 2000000, '6', '', '', '2025-07-16', '2025-06-06'),
(18, 'GE2025000018', '88', 'Plot1491_Sala', 'William', 'William', 'William', 'Brokerage fee', 'Brokerage fee', 2000000, '0', 1, 2000000, '7', '', '', '2025-07-16', '2025-06-03');

-- --------------------------------------------------------

--
-- Table structure for table `expense_category`
--

DROP TABLE IF EXISTS `expense_category`;
CREATE TABLE IF NOT EXISTS `expense_category` (
  `shopid` varchar(200) NOT NULL,
  `Expense_CategoryID` int(200) NOT NULL AUTO_INCREMENT,
  `Expense_Category` varchar(200) NOT NULL,
  PRIMARY KEY (`Expense_CategoryID`)
) ENGINE=MyISAM AUTO_INCREMENT=64 DEFAULT CHARSET=latin1;

--
-- Dumping data for table `expense_category`
--

INSERT INTO `expense_category` (`shopid`, `Expense_CategoryID`, `Expense_Category`) VALUES
('1', 4, 'Building_and_Construction'),
('1', 5, 'Staff_Meals'),
('1', 6, 'Utility Bills'),
('1', 7, 'Administrative_Expenditure'),
('1', 9, 'Advertising_and_Public_Relatio'),
('1', 10, 'Community_Donation'),
('1', 15, 'Fuel'),
('1', 16, 'Staff_welfare'),
('1', 17, 'Electricity'),
('1', 18, 'Staff_transport'),
('4JOTELL2016', 19, 'Fuel'),
('4JOTELL2016', 20, 'MEALS'),
('4JOTELL2016', 30, 'SMS'),
('4JOTELL2016', 29, 'CAFE REQUIREMENTS'),
('4JOTELL2016', 25, 'MAINTENENCE_AND_REPAIR'),
('4JOTELL2016', 26, 'Purchase_of_consumebles'),
('4JOTELL2016', 27, 'TRANSPORT'),
('4JOTELL2016', 28, 'HOME'),
('11JOT22016', 31, 'MEALS'),
('11JOT22016', 32, 'CAFE_ REQUIREMENT'),
('4JOTELL2016', 33, 'SAVING'),
('11JOT22016', 34, 'SAVING'),
('4JOTELL2016', 35, 'INTERNET'),
('67VDP2021', 37, 'INK'),
('67VDP2021', 38, 'ADVERTISING'),
('67VDP2021', 39, 'LUNCH'),
('67VDP2021', 40, 'HOME'),
('67VDP2021', 41, 'PRINTING MATERIAL'),
('67VDP2021', 42, 'BUSINESS REQUIREMENTS'),
('67VDP2021', 43, 'RUBBISH'),
('67VDP2021', 44, 'ELECTRICITY'),
('96MSSBA2021', 45, 'STAFF_WELFARE'),
('96MSSBA2021', 46, 'CONSUMABLES'),
('96MSSBA2021', 47, 'UTILITIES'),
('WBG2024000005', 49, 'maintenance'),
('1', 50, 'maintenance'),
('HA2024000008', 51, 'UTILITY_BILLS'),
('HA2024000008', 52, 'MAINTENANCE_AND_REPAIRS'),
('HA2024000008', 53, 'ROUTINE_MAINTENANCE'),
('1', 54, 'airtime'),
('1', 55, 'administration costs'),
('Tabula2025000015', 56, 'TRANSPORT'),
('Tabula2025000015', 57, 'RENOVATIONS'),
('Tabula2025000015', 58, 'TOILETS'),
('Tabula2025000015', 59, 'COMISSION'),
('Tabula2025000015', 60, 'PROPERTY TAX'),
('Tabula2025000015', 61, 'MAINTENANCE'),
('GE2025000018', 62, 'Administration costs'),
('GE2025000018', 63, 'Fuel');

-- --------------------------------------------------------

--
-- Table structure for table `expense_sub_category`
--

DROP TABLE IF EXISTS `expense_sub_category`;
CREATE TABLE IF NOT EXISTS `expense_sub_category` (
  `shopid` varchar(200) NOT NULL,
  `Expense_CategoryID` int(200) NOT NULL AUTO_INCREMENT,
  `Expense_Category` varchar(200) NOT NULL,
  `Expense_sub_category` varchar(200) NOT NULL,
  PRIMARY KEY (`Expense_CategoryID`)
) ENGINE=MyISAM AUTO_INCREMENT=118 DEFAULT CHARSET=latin1;

--
-- Dumping data for table `expense_sub_category`
--

INSERT INTO `expense_sub_category` (`shopid`, `Expense_CategoryID`, `Expense_Category`, `Expense_sub_category`) VALUES
('1', 11, 'Staff_Meals', 'Staff_Meals2'),
('1', 12, 'Staff_Meals', 'Staff_at_Cafe'),
('1', 13, 'Fuel', 'UAU533P'),
('1', 14, 'Fuel', 'Generator'),
('1', 15, 'Staff_welfare', 'Medicine'),
('1', 16, 'Electricity', 'CAFE'),
('1', 17, 'Staff_transport', 'Cafe_staff'),
('1', 18, 'Staff_transport', 'Home_staff'),
('4JOTELL2016', 19, 'Fuel', 'Generator'),
('4JOTELL2016', 20, 'Fuel', 'UAU533P'),
('4JOTELL2016', 21, 'MEALS', 'Staff_at_Cafe'),
('4JOTELL2016', 22, 'MEALS', 'Home_staff'),
('4JOTELL2016', 49, 'CAFE', 'ink'),
('4JOTELL2016', 50, 'SMS', 'SMS'),
('4JOTELL2016', 51, 'MAINTENENCE_AND_REPAIR', 'Generator_'),
('4JOTELL2016', 48, 'CAFE', 'papers'),
('4JOTELL2016', 47, '', 'GENE'),
('4JOTELL2016', 46, 'HOME', 'MEDICINE'),
('4jotell2016', 45, 'HOME', 'JOSE TRANS'),
('4JOTELL2016', 31, 'MAINTENENCE_AND_REPAIR', 'Photocopier'),
('4JOTELL2016', 32, 'MAINTENENCE_AND_REPAIR', 'Computers'),
('4JOTELL2016', 33, 'MAINTENENCE_AND_REPAIR', 'Printer_LaserJetPro_477fdn'),
('4JOTELL2016', 34, 'MAINTENENCE_AND_REPAIR', 'Printer_LaserJetPro_175fw'),
('4JOTELL2016', 35, 'Purchase_of_consumebles', 'Colored_ink_Laserjets'),
('4JOTELL2016', 36, 'Purchase_of_consumebles', 'Reams_of_paper'),
('4JOTELL2016', 37, 'Purchase_of_consumebles', 'Refill_toner_Canon'),
('4JOTELL2016', 38, 'Purchase_of_consumebles', 'Refill_ink_jet'),
('4JOTELL2016', 39, 'Purchase_of_consumebles', 'Zenuis_plastic_cards'),
('4JOTELL2016', 40, 'Purchase_of_consumebles', 'Epison_Id_cards'),
('4JOTELL2016', 41, 'Purchase_of_consumebles', 'Epson_Ink_refill'),
('4JOTELL2016', 42, 'TRANSPORT', 'cafe_staff'),
('4JOTELL2016', 43, 'HOME', 'milk'),
('4JOTELL2016', 44, 'HOME', 'home expenses'),
('4JOTELL2016', 52, 'MAINTENENCE_AND_REPAIR', 'CAR_UAU533P'),
('4JOTELL2016', 53, 'Purchase_of_consumebles', 'TV_SUBSCRIPTION'),
('4JOTELL2016', 54, 'CAFE', 'OTT'),
('11JOT22016', 55, 'MEALS', 'STAFF_CAFE'),
('11JOT22016', 56, 'CAFE_', 'OTT'),
('11JOT22016', 57, 'CAFE_', 'YAKA'),
('11JOT22016', 58, 'CAFE_', 'FUEL'),
('11JOT22016', 59, 'CAFE_', 'PRINTER _REPAIR'),
('11JOT22016', 60, 'CAFE_', 'CAFE STATIONARY_PAPER'),
('11JOT22016', 61, 'CAFE_', 'BUNDLES'),
('4JOTELL2016', 62, 'SAVING', 'END OF MONTH ITEMS'),
('11JOT22016', 63, 'SAVING', 'SAVING'),
('4JOTELL2016', 64, 'CAFE', 'TV'),
('4JOTELL2016', 65, 'HOME', 'PASSION FRIUTS'),
('4JOTELL2016', 66, 'CAFE', 'DATA_BUNDLES'),
('4JOTELL2016', 67, 'CAFE', 'UMEME_YAKA'),
('67VDP2021', 69, 'INK', 'Sublimation '),
('67VDP2021', 70, 'INK', 'Epson'),
('67VDP2021', 71, 'INK', 'SupperBlack'),
('67VDP2021', 72, 'INK', 'HpColored'),
('67VDP2021', 73, 'ADVERTISING', 'Facebook '),
('67VDP2021', 74, 'LUNCH', 'Transport '),
('67VDP2021', 75, 'HOME', 'HOME REQUIREMENTS'),
('67VDP2021', 76, 'HOME', 'School Requirements'),
('67VDP2021', 77, 'HOME', 'Personal Requirements'),
('67VDP2021', 78, 'HOME', 'Charcoal Home'),
('67VDP2021', 79, 'PRINTING', 'Vinyl Sticker'),
('67VDP2021', 80, 'ADVERTISING', 'Posters'),
('67VDP2021', 81, 'BUSINESS', 'OTHER'),
('67VDP2021', 82, 'LUNCH', 'Meals'),
('67VDP2021', 83, 'RUBBISH', 'Rubbish Collectors'),
('67VDP2021', 84, 'PRINTING', 'Sublimation papers'),
('67VDP2021', 85, 'ELECTRICITY', 'Yaka'),
('96MSSBA2021', 86, 'STAFF_WELFARE', 'MEALS'),
('96MSSBA2021', 87, 'UTILITIES', 'WATER'),
('96MSSBA2021', 88, 'STAFF_WELFARE', 'TRANSPORT'),
('96MSSBA2021', 89, 'STAFF_WELFARE', 'DAILY_ALLOWANCE'),
('96MSSBA2021', 90, 'STAFF_WELFARE', 'WEEKLY_ALLOWANCE'),
('1', 91, 'Staff_Meals', 'WORKSHOP MEALS'),
('1', 92, 'maintenance', 'water'),
('HA2024000008', 93, 'UTILITY_BILLS', 'NWSC_WATER'),
('HA2024000008', 94, 'UTILITY_BILLS', 'ELECTRICITY'),
('HA2024000008', 95, 'UTILITY_BILLS', 'INTERNET'),
('HA2024000008', 96, 'UTILITY_BILLS', 'Gabbage_collection'),
('HA2024000008', 97, 'MAINTENANCE_AND_REPAIRS', 'Painting_and_Renovation'),
('HA2024000008', 98, 'MAINTENANCE_AND_REPAIRS', 'Plumbing '),
('HA2024000008', 99, 'MAINTENANCE_AND_REPAIRS', 'Electrical_work'),
('HA2024000008', 100, 'MAINTENANCE_AND_REPAIRS', 'Structural_Repairs'),
('HA2024000008', 101, 'ROUTINE_MAINTENANCE', 'Cleaning '),
('HA2024000008', 102, 'ROUTINE_MAINTENANCE', 'Gardening '),
('HA2024000008', 103, 'ROUTINE_MAINTENANCE', 'Pest_Control'),
('1', 104, 'airtime', 'Airtel'),
('1', 105, 'administration', 'paper work'),
('Tabula2025000015', 106, 'TRANSPORT', 'FUEL'),
('Tabula2025000015', 107, 'TRANSPORT', 'REPAIRS'),
('Tabula2025000015', 108, 'COMISSION', 'BROKERS'),
('Tabula2025000015', 109, 'RENOVATIONS', 'CLEANING '),
('Tabula2025000015', 110, 'TOILETS', 'EMPTYING'),
('Tabula2025000015', 111, 'RENOVATIONS', 'PAINTING'),
('Tabula2025000015', 112, 'PROPERTY', 'TAXES'),
('Tabula2025000015', 113, 'MAINTENANCE', 'ELECTRICITY'),
('Tabula2025000015', 114, 'MAINTENANCE', 'WATER'),
('Tabula2025000015', 115, 'MAINTENANCE', 'PLUMBING'),
('GE2025000018', 116, 'Administration', 'Commission'),
('GE2025000018', 117, 'Fuel', 'Car fuel');

-- --------------------------------------------------------

--
-- Table structure for table `houses`
--

DROP TABLE IF EXISTS `houses`;
CREATE TABLE IF NOT EXISTS `houses` (
  `id` int(30) NOT NULL AUTO_INCREMENT,
  `house_no` varchar(50) COLLATE utf8mb4_general_ci NOT NULL,
  `category_id` int(30) NOT NULL,
  `description` text COLLATE utf8mb4_general_ci NOT NULL,
  `status` tinyint(1) NOT NULL DEFAULT '1' COMMENT '1 = active,0=',
  `shopid` varchar(255) COLLATE utf8mb4_general_ci DEFAULT NULL,
  `unit_img` varchar(255) COLLATE utf8mb4_general_ci DEFAULT NULL,
  `account_type` tinyint(1) NOT NULL COMMENT '1=rentals 2=estate',
  `no_of_records` int(25) NOT NULL,
  PRIMARY KEY (`id`)
) ENGINE=InnoDB AUTO_INCREMENT=276 DEFAULT CHARSET=utf8mb4 COLLATE=utf8mb4_general_ci;

--
-- Dumping data for table `houses`
--

INSERT INTO `houses` (`id`, `house_no`, `category_id`, `description`, `status`, `shopid`, `unit_img`, `account_type`, `no_of_records`) VALUES
(20, 'G001', 35, 'Room 1 on ground floor', 1, 'WBG2024000005\r\n', NULL, 0, 0),
(21, 'G002', 35, 'Room 1 on ground floor', 1, 'WBG2024000005\r\n', NULL, 0, 0),
(23, 'G004', 35, 'Room 4 on ground floor', 1, 'WBG2024000005\r\n', NULL, 0, 0),
(24, 'G005', 35, 'Room 5on ground floor', 1, 'WBG2024000005\r\n', NULL, 0, 0),
(26, 'G003', 35, 'Room 3 on ground floor with a balcony', 1, 'WBG2024000005\r\n', NULL, 0, 0),
(27, 'L001', 36, 'Room 1 on first floor', 1, 'WBG2024000005\r\n', NULL, 0, 0),
(28, 'L002', 37, 'Room 2 on first floor', 1, 'WBG2024000005\r\n', NULL, 0, 0),
(29, 'L003', 36, 'Room 3 on first floor', 1, 'WBG2024000005\r\n', NULL, 0, 0),
(30, 'L004', 36, 'Room 4 on first floor', 1, 'WBG2024000005\r\n', NULL, 0, 0),
(31, 'Lv1005', 36, 'Room 5 on first floor', 1, 'WBG2024000005\r\n', NULL, 0, 0),
(33, 'Lv2001', 37, 'Room 1on second floor', 1, 'WBG2024000005\r\n', NULL, 0, 0),
(34, 'Lv2002', 36, 'Room 2 on second floor', 1, 'WBG2024000005\r\n', NULL, 0, 0),
(35, 'Lv2003', 37, 'Room 3 on second floor', 1, 'WBG2024000005\r\n', NULL, 0, 0),
(36, 'Lv2004', 37, 'Room 4 on second floor', 1, 'WBG2024000005\r\n', NULL, 0, 0),
(37, 'Lv2005', 37, 'Room 5 on second floor', 1, 'WBG2024000005\r\n', NULL, 0, 0),
(38, 'Lv3001', 38, 'Room 1 on third floor', 1, 'WBG2024000005\r\n', NULL, 0, 0),
(39, 'Lv3002', 38, 'Room 2 on third floor', 1, 'WBG2024000005\r\n', NULL, 0, 0),
(40, 'Lv3003', 38, 'Room 3 on third floor', 1, 'WBG2024000005\r\n', NULL, 0, 0),
(43, 'Lv3004', 38, 'Room 4 on third floor', 1, 'WBG2024000005\r\n', NULL, 0, 0),
(44, 'Lv3005', 38, 'Room 5 on third floor', 1, 'WBG2024000005\r\n', NULL, 0, 0),
(45, 'Lv4005', 39, 'Room 5 on fourth floor', 1, 'WBG2024000005\r\n', NULL, 0, 0),
(46, 'Lv4004', 39, 'Room 4 on fourth floor', 1, 'WBG2024000005\r\n', NULL, 0, 0),
(47, 'Lv4003', 39, 'Room 3 on fourth floor', 1, 'WBG2024000005\r\n', NULL, 0, 0),
(48, 'Lv4002', 39, 'Room 2 on fourth floor', 1, 'WBG2024000005\r\n', NULL, 0, 0),
(49, 'Lv4001', 39, 'Room 1on fourth floor', 1, 'WBG2024000005\r\n', NULL, 0, 0),
(50, 'Lv5001', 40, 'Room 1 on fifth floor', 1, 'WBG2024000005\r\n', NULL, 0, 0),
(51, 'Lv5002', 40, 'Room 2 on fifth floor', 1, 'WBG2024000005\r\n', NULL, 0, 0),
(52, 'Lv5003', 40, 'Room 3 on fifth floor', 1, 'WBG2024000005\r\n', NULL, 0, 0),
(53, 'Lv5004', 40, 'Room 4 on fifth floor', 1, 'WBG2024000005\r\n', NULL, 0, 0),
(54, 'Lv5005', 40, 'Room 5 on fifth floor', 1, 'WBG2024000005\r\n', NULL, 0, 0),
(55, 'H00144', 42, 'HOO144', 1, 'WBG2024000005', NULL, 0, 0),
(56, 'BH001', 43, 'SINGLE ROOM ', 1, 'MWS2024000003', NULL, 0, 0),
(57, 'BH002', 43, 'BH002', 1, 'MWS2024000003', NULL, 0, 0),
(58, 'BH003', 43, 'BH003', 1, 'MWS2024000003', NULL, 0, 0),
(59, 'BHK058', 42, 'lkjhgfd', 0, '', NULL, 0, 0),
(62, 'G001', 45, 'FIRST FLOOR BLUE HEIGHTS BUILDING ', 1, '1', 'G001.jpg', 0, 0),
(69, 'G002', 44, 'GROUND FLOOR', 1, '1', NULL, 0, 0),
(71, 'G003', 44, 'GROUND FLOOR ', 1, '1', NULL, 0, 0),
(72, 'G004', 44, 'GROUND FLOOR ', 1, '1', NULL, 0, 0),
(73, 'G005', 44, 'GROUND FLOOR ', 1, '1', NULL, 0, 0),
(74, 'L1001', 45, 'FIRST FLOOR BLUE HEIGHTS BUILDING ', 1, '1', 'L1001.jpeg', 0, 0),
(75, 'L1002', 45, 'FIRST FLOOR BLUE HEIGHTS BUILDING ', 1, '1', NULL, 0, 0),
(76, 'L1003', 49, 'FIRST FLOOR BLUE HEIGHTS BUILDING ', 1, '1', NULL, 0, 0),
(78, 'L1004', 45, 'FIRST FLOOR BLUE HEIGHTS BUILDING ', 1, '1', NULL, 0, 0),
(79, 'L1005', 45, 'FIRST FLOOR BLUE HEIGHTS BUILDING ', 1, '1', NULL, 0, 0),
(80, 'L2001', 46, 'SECOND FLOOR BLUE HEIGHTS BUILDING ', 1, '1', NULL, 0, 0),
(81, 'L2002', 46, 'SECOND FLOOR BLUE HEIGHTS BUILDING ', 1, '1', NULL, 0, 0),
(82, 'L2003', 46, 'SECOND FLOOR BLUE HEIGHTS BUILDING ', 1, '1', NULL, 0, 0),
(83, 'L2004', 46, 'SECOND FLOOR BLUE HEIGHTS BUILDING ', 1, '1', NULL, 0, 0),
(84, 'L2005', 46, 'SECOND FLOOR BLUE HEIGHTS BUILDING ', 1, '1', NULL, 0, 0),
(85, 'L3001', 47, 'THIRD FLOOR BLUE HEIGHTS BUILDING ', 1, '1', NULL, 0, 0),
(86, 'L3002', 47, 'THIRD FLOOR BLUE HEIGHTS BUILDING ', 1, '1', NULL, 0, 0),
(87, 'L3003', 47, 'THIRD FLOOR BLUE HEIGHTS BUILDING ', 1, '1', NULL, 0, 0),
(88, 'L3004', 47, 'THIRD FLOOR BLUE HEIGHTS BUILDING ', 1, '1', NULL, 0, 0),
(89, 'L3005', 47, 'THIRD FLOOR BLUE HEIGHTS BUILDING ', 1, '1', NULL, 0, 0),
(90, 'L4001', 48, 'FOURTH FLOOR BLUE HEIGHTS BUILDING ', 1, '1', NULL, 0, 0),
(91, 'L4002', 48, 'FOURTH FLOOR BLUE HEIGHTS BUILDING ', 1, '1', NULL, 0, 0),
(92, 'L4003', 45, 'FOURTH FLOOR BLUE HEIGHTS BUILDING ', 1, '1', NULL, 0, 0),
(93, 'L4004', 48, 'FOURTH FLOOR BLUE HEIGHTS BUILDING ', 1, '1', NULL, 0, 0),
(94, 'L4005', 48, 'FOURTH FLOOR BLUE HEIGHTS BUILDING ', 1, '1', NULL, 0, 0),
(95, 'L5001', 49, 'FIFTH FLOOR BLUE HEIGHTS BUILDING ', 1, '1', NULL, 0, 0),
(96, 'L5002', 49, 'FIFTH FLOOR BLUE HEIGHTS BUILDING ', 1, '1', NULL, 0, 0),
(97, 'L5003', 49, 'FIFTH FLOOR BLUE HEIGHTS BUILDING ', 1, '1', NULL, 0, 0),
(98, 'L5004', 49, 'FIFTH FLOOR BLUE HEIGHTS BUILDING ', 1, '1', NULL, 0, 0),
(99, 'L5005', 49, 'FIFTH FLOOR BLUE HEIGHTS BUILDING ', 1, '1', NULL, 0, 0),
(100, 'PS-001', 51, 'one bed-room', 1, 'PS2024000007', NULL, 0, 0),
(101, 'PS-002', 51, 'one bed-room', 1, 'PS2024000007', NULL, 0, 0),
(102, 'PS-003', 52, 'one bedroom, living room', 1, 'PS2024000007', NULL, 0, 0),
(103, 'PS-004', 52, 'one bedroom, living room', 1, 'PS2024000007', NULL, 0, 0),
(105, 'PS-005', 52, 'bedroom, dining room', 1, 'PS2024000007', NULL, 0, 0),
(106, 'PS-006', 51, 'Hoima rd', 0, 'PS2024000007', NULL, 0, 0),
(107, 'PS-007', 51, 'Hoima rd', 0, 'PS2024000007', NULL, 0, 0),
(108, 'signgle2', 53, 'hgt', 1, '1', 'signgle2.jpeg', 0, 0),
(109, ' K001', 54, 'ONE DININING ROOM \r\nOUTSIDE BATHROOMS', 1, '1', NULL, 0, 0),
(110, 'L01', 55, 'House in Komamboga', 1, 'HA2024000008', NULL, 0, 0),
(111, 'L02', 55, 'House in Komamboga', 1, 'HA2024000008', NULL, 0, 0),
(112, 'L03', 55, 'House in Komamboga', 1, 'HA2024000008', NULL, 0, 0),
(113, 'L04', 55, 'House in Komamboga', 1, 'HA2024000008', NULL, 0, 0),
(114, 'L05', 55, 'House in Komamboga', 1, 'HA2024000008', NULL, 0, 0),
(115, 'L06', 55, 'House in Komamboga', 1, 'HA2024000008', NULL, 0, 0),
(116, 'L07', 55, 'House in Komamboga', 1, 'HA2024000008', NULL, 0, 0),
(117, 'L08', 55, 'House in Komamboga', 1, 'HA2024000008', NULL, 0, 0),
(118, 'L09', 55, 'House in Komamboga', 1, 'HA2024000008', NULL, 0, 0),
(119, 'L10', 55, 'House in Komamboga', 1, 'HA2024000008', NULL, 0, 0),
(120, 'M01', 55, 'House in Komamboga', 1, 'HA2024000008', NULL, 0, 0),
(121, 'M02', 55, 'House in Komamboga', 1, 'HA2024000008', NULL, 0, 0),
(122, 'M03', 55, 'House in Komamboga', 1, 'HA2024000008', NULL, 0, 0),
(123, 'S01', 55, 'House in Komamboga zone', 1, 'HA2024000008', NULL, 0, 0),
(124, 'S02', 55, 'House in Komamboga zone', 1, 'HA2024000008', NULL, 0, 0),
(125, 'S03', 55, 'House in Komamboga zone', 1, 'HA2024000008', NULL, 0, 0),
(126, 'S04', 55, 'House in Komamboga zone', 1, 'HA2024000008', NULL, 0, 0),
(127, 'S05', 55, 'House in Komamboga zone', 1, 'HA2024000008', NULL, 0, 0),
(128, 'AP', 56, 'House in Kikaya zone', 1, 'HA2024000008', NULL, 0, 0),
(129, 'BB', 56, 'House in Kikaya zone', 1, 'HA2024000008', NULL, 0, 0),
(130, 'CC', 56, 'House in Kikaya zone', 1, 'HA2024000008', NULL, 0, 0),
(131, 'DD', 56, 'House in Kikaya zone', 1, 'HA2024000008', NULL, 0, 0),
(132, 'EE', 56, 'House in Kikaya zone', 1, 'HA2024000008', NULL, 0, 0),
(133, 'GG', 56, 'House in Kikaya zone', 1, 'HA2024000008', NULL, 0, 0),
(134, 'HH', 56, 'House in Kikaya zone', 1, 'HA2024000008', NULL, 0, 0),
(135, 'JJ', 56, 'House in Kikaya zone', 1, 'HA2024000008', NULL, 0, 0),
(136, 'KK', 56, 'House in Kikaya zone', 1, 'HA2024000008', NULL, 0, 0),
(137, 'A1', 57, 'House in Kyanja zone', 1, 'HA2024000008', NULL, 0, 0),
(138, 'A2', 57, 'House in Kyanja zone', 1, 'HA2024000008', NULL, 0, 0),
(139, 'A3', 57, 'House in Kyanja zone', 1, 'HA2024000008', NULL, 0, 0),
(140, 'A', 58, 'House in Ashinaga zone', 1, 'HA2024000008', NULL, 0, 0),
(141, 'B', 59, 'House in Kakiri zone', 1, 'HA2024000008', NULL, 0, 0),
(148, 'HS1', 60, 'House in Nansana zone', 1, 'HA2024000008', NULL, 0, 0),
(149, 'HS2', 60, 'House in Nansana zone', 1, 'HA2024000008', NULL, 0, 0),
(150, 'HS3', 60, 'House in Nansana zone', 1, 'HA2024000008', NULL, 0, 0),
(151, 'HS4', 60, 'House in Nansana zone', 1, 'HA2024000008', NULL, 0, 0),
(152, 'HS5', 60, 'House in Nansana zone', 1, 'HA2024000008', NULL, 0, 0),
(153, 'HS6', 60, 'House in Nansana zone', 1, 'HA2024000008', NULL, 0, 0),
(154, 'G1', 61, 'Unit at Nakibuule', 1, 'SA2024000011', NULL, 0, 0),
(155, 'G2', 61, 'Unit at Nakibuule', 1, 'SA2024000011', NULL, 0, 0),
(156, 'G4', 61, 'Unit at Nakibuule', 1, 'SA2024000011', NULL, 0, 0),
(157, 'G8', 61, 'Unit at Nakibuule', 1, 'SA2024000011', NULL, 0, 0),
(158, 'G10', 61, 'Unit at Nakibuule', 1, 'SA2024000011', NULL, 0, 0),
(159, 'F1', 61, 'Unit at Nakibuule', 1, 'SA2024000011', NULL, 0, 0),
(160, 'F15', 61, 'Unit at Nakibuule', 1, 'SA2024000011', NULL, 0, 0),
(161, 'F13', 61, 'Unit at Nakibuule', 1, 'SA2024000011', NULL, 0, 0),
(166, '1', 62, 'Unit at Kisimbiri', 1, 'SA2024000011', NULL, 0, 0),
(167, '2', 62, 'Unit at Kisimbiri', 1, 'SA2024000011', NULL, 0, 0),
(168, '3', 62, 'Unit at Kisimbiri', 1, 'SA2024000011', NULL, 0, 0),
(169, '4', 62, 'Unit at Kisimbiri', 1, 'SA2024000011', NULL, 0, 0),
(170, 'Block_B1', 62, 'Unit at Kisimbiri', 1, 'SA2024000011', NULL, 0, 0),
(171, 'Block_B2', 62, 'Unit at Kisimbiri', 1, 'SA2024000011', NULL, 0, 0),
(172, 'Block_B3', 62, 'Unit at Kisimbiri', 1, 'SA2024000011', NULL, 0, 0),
(173, 'Block_B4', 62, 'Unit at Kisimbiri', 1, 'SA2024000011', NULL, 0, 0),
(174, 'Block_B5', 62, 'Unit at Kisimbiri', 1, 'SA2024000011', NULL, 0, 0),
(175, 'Block B6', 62, 'Unit at Kisimbiri', 1, 'SA2024000011', NULL, 0, 0),
(176, 'L_02', 61, 'Unit at Nakibuule', 1, 'SA2024000011', NULL, 0, 0),
(177, 'L_03', 61, 'Unit at Nakibuule', 1, 'SA2024000011', NULL, 0, 0),
(178, 'L_07', 61, 'Unit at Nakibuule', 1, 'SA2024000011', NULL, 0, 0),
(179, 'L_01', 61, 'Unit at Nakibuule', 1, 'SA2024000011', NULL, 0, 0),
(183, 'BH001', 54, 'ONE DININING ROOM OUTSIDE BATHROOMS', 1, '1', 'BH001.jpeg', 0, 0),
(184, 'BHK', 49, 'double room', 1, '1', 'BHK.jpg', 0, 0),
(185, 'NER001', 53, 'SINGLE ROOM', 1, '1', 'NER001.jpg', 0, 0),
(190, '5', 69, 'physiotherapy clinic', 1, '1', NULL, 0, 0),
(192, 'WKS001', 71, 'house  in Wakiso', 1, '1', NULL, 0, 0),
(193, 'BUG001', 72, 'DOUBLE ROOM', 1, '1', NULL, 0, 0),
(196, 'PLOT_330_BUSIRO', 74, 'PLOT IN NAJJEMBA ', 1, 'TUBAP2025000014', NULL, 0, 0),
(197, 'PLOT_1900_BUSIRO', 75, 'PLOT AT SERINYA', 1, 'TUBAP2025000014', NULL, 0, 0),
(200, 'PLOT_191_BUSIRO', 76, 'KIKANDWA BLOCK 149 WAKISO', 1, 'TUBAP2025000014', NULL, 0, 0),
(201, 'PLOT_1511_KYAPISI', 83, 'KYAPISI BLOCK 8 WAKISO PLOT 15511 KYAPISI', 1, 'TUBAP2025000014', NULL, 0, 0),
(202, 'PLOT_1882_SERINYA', 84, '0.0330 HECTACTARES AT SERINYA', 1, 'TUBAP2025000014', NULL, 0, 0),
(203, 'PLOT_1815_BUSIRO', 84, '50X100FT PLOT AT SERINYA', 1, 'TUBAP2025000014', NULL, 0, 0),
(204, 'KAB01', 81, 'SINGLE ROOM IN KABUMBI', 1, 'Tabula2025000015', NULL, 0, 0),
(205, 'KAB02', 81, 'HOUSE IN KABUMBI', 1, 'Tabula2025000015', NULL, 0, 0),
(206, 'KAB03', 81, 'HOUSE IN KABUMBI', 1, 'Tabula2025000015', NULL, 0, 0),
(207, 'KAB04', 81, 'HOUSE IN KABUMBI', 1, 'Tabula2025000015', NULL, 0, 0),
(212, 'KAB08', 81, 'HOUSE IN KABUMBI', 1, 'Tabula2025000015', NULL, 0, 0),
(213, 'KAB11', 81, 'HOUSE IN KABUMBI', 1, 'Tabula2025000015', NULL, 0, 0),
(214, 'KAB12', 81, 'HOUSE IN KABUMBI', 1, 'Tabula2025000015', NULL, 0, 0),
(215, 'KAB13', 81, 'HOUSE IN KABUMBI', 1, 'Tabula2025000015', NULL, 0, 0),
(216, 'NAB03', 79, 'HOUSE IN NABWERU', 1, 'Tabula2025000015', NULL, 0, 0),
(217, 'NAB05', 79, 'HOUSE IN NABWERU', 1, 'Tabula2025000015', NULL, 0, 0),
(218, 'NAB08', 79, 'House in Nabweru', 1, 'Tabula2025000015', NULL, 0, 0),
(219, 'NAB09', 79, 'House in Nabweru', 1, 'Tabula2025000015', NULL, 0, 0),
(220, 'NAB10', 79, 'House in Nabweru', 1, 'Tabula2025000015', NULL, 0, 0),
(221, 'NAB11', 79, 'House in Nabweru', 1, 'Tabula2025000015', NULL, 0, 0),
(222, 'NAB13', 79, 'House in Nabweru', 1, 'Tabula2025000015', NULL, 0, 0),
(223, 'KAB05', 81, 'House in Kabumbi', 1, 'Tabula2025000015', NULL, 0, 0),
(224, 'KAB06', 81, 'House in Kabumbi', 1, 'Tabula2025000015', NULL, 0, 0),
(225, 'KAB07', 81, 'House in Kabumbi', 1, 'Tabula2025000015', NULL, 0, 0),
(227, 'NAKU01', 80, 'House in Nakuule', 1, 'Tabula2025000015', NULL, 0, 0),
(228, 'NAKU02', 80, 'House in Nakuule', 1, 'Tabula2025000015', NULL, 0, 0),
(229, 'NAKU03', 80, 'House in Nakuule', 1, 'Tabula2025000015', NULL, 0, 0),
(230, 'NAKU04', 80, 'House in Nakuule', 1, 'Tabula2025000015', NULL, 0, 0),
(231, 'NAKU05', 80, 'House in Nakuule', 1, 'Tabula2025000015', NULL, 0, 0),
(232, 'NAKU06', 80, 'House in Nakuule', 1, 'Tabula2025000015', NULL, 0, 0),
(233, 'NAKU07', 80, 'House in Nakuule', 1, 'Tabula2025000015', NULL, 0, 0),
(234, 'NAKU08', 80, 'House in Nakuule', 1, 'Tabula2025000015', NULL, 0, 0),
(235, 'NAKU09', 80, 'House in Nakuule', 1, 'Tabula2025000015', NULL, 0, 0),
(236, 'NAKU10', 80, 'House in Nakuule', 1, 'Tabula2025000015', NULL, 0, 0),
(237, 'NAKU11', 80, 'House in Nakuule', 1, 'Tabula2025000015', NULL, 0, 0),
(238, 'NAKU12', 80, 'House in Nakuule', 1, 'Tabula2025000015', NULL, 0, 0),
(239, 'NAKU13', 80, 'House in Nakuule', 1, 'Tabula2025000015', NULL, 0, 0),
(240, 'NAKU14', 80, 'House in Nakuule', 1, 'Tabula2025000015', NULL, 0, 0),
(241, 'NAKU15', 80, 'House in Nakuule', 1, 'Tabula2025000015', NULL, 0, 0),
(242, 'PLOT36', 87, 'THISIS BR ROAD HOIMA ROAD', 1, '1', NULL, 0, 0),
(243, 'plot1474_sala', 88, '0.0470 ha ', 1, 'GE2025000018', NULL, 0, 0),
(244, 'Plot1475_Sala', 88, '0.0470 ha', 1, 'GE2025000018', NULL, 0, 0),
(245, 'Plot1476_Sala', 88, '0.0470 ha', 1, 'GE2025000018', NULL, 0, 0),
(246, 'Plot1477_Sala', 88, '0.0470 ha', 1, 'GE2025000018', NULL, 0, 0),
(247, 'Plot1478_Sala', 88, '0.0470 ha', 1, 'GE2025000018', NULL, 0, 0),
(249, 'Plot1480_Sala', 88, '0.0490 ha', 1, 'GE2025000018', NULL, 0, 0),
(250, 'Plot1482_Sala', 88, '0.0480 ha', 1, 'GE2025000018', NULL, 0, 0),
(251, 'Plot1483_Sala', 88, '0.0440 ha', 1, 'GE2025000018', NULL, 0, 0),
(252, 'Plot1484_Sala', 88, '0.0420 ha', 1, '', NULL, 0, 0),
(253, 'Plot1484_Sala', 88, '0.0420 ha', 1, 'GE2025000018', NULL, 0, 0),
(254, 'Plot1485_Sala', 88, '0.0610 ha', 0, 'GE2025000018', NULL, 0, 0),
(255, 'Plot1486_Sala', 88, '0.0630 ha', 0, 'GE2025000018', NULL, 0, 0),
(256, 'Plot1487_Sala', 88, '0.0470 ha', 0, 'GE2025000018', NULL, 0, 0),
(257, 'Plot1489_Sala', 88, '0.0460 ha', 0, 'GE2025000018', NULL, 0, 0),
(258, 'Plot1490_Sala', 88, '0.0470 ha', 0, 'GE2025000018', NULL, 0, 0),
(259, 'Plot1491_Sala', 88, '0.0450 ha', 1, 'GE2025000018', NULL, 0, 0),
(260, 'Plot1492_Sala', 88, '0.0590 ha', 0, 'GE2025000018', NULL, 0, 0),
(261, 'Plot1495_Sala', 88, '0.0500 ha', 0, 'GE2025000018', NULL, 0, 0),
(262, 'Plot1496_Sala', 88, '0.0470 ha', 0, 'GE2025000018', NULL, 0, 0),
(263, 'Plot1497_Sala', 88, '0.0480 ha', 0, 'GE2025000018', NULL, 0, 0),
(264, 'Plot1498_Sala', 88, '0.0480 ha', 0, 'GE2025000018', NULL, 0, 0),
(265, 'Plot1499_Sala', 88, '0.0460 ha', 0, 'GE2025000018', NULL, 0, 0),
(266, 'Plot1500_Sala', 88, '0.0450 ha', 0, 'GE2025000018', NULL, 0, 0),
(267, 'Plot1501_Sala', 88, '0.0450 ha', 0, 'GE2025000018', NULL, 0, 0),
(268, 'Plot1502_Sala', 88, '0.0450 ha', 0, 'GE2025000018', NULL, 0, 0),
(269, 'WKE001', 87, 'PLOTOF LAND ALONG HOIMA ROAD', 1, '1', NULL, 0, 0),
(270, '9524', 88, 'uytcrfg', 1, 'GE2025000018', '9524.jpeg', 0, 0),
(271, 'Plot1479_Sala', 88, 'Plot in sala', 1, 'GE2025000018', 'Plot1479_Sala.jpeg', 0, 0),
(274, 'WKE0001', 91, 'land on main road of wakiso town mpunga', 1, 'GE2025000018', 'WKE0001.jpeg', 0, 0),
(275, 'WKE0002', 91, 'land', 1, 'GE2025000018', NULL, 0, 0);

-- --------------------------------------------------------

--
-- Table structure for table `house_data`
--

DROP TABLE IF EXISTS `house_data`;
CREATE TABLE IF NOT EXISTS `house_data` (
  `ID` int(200) NOT NULL AUTO_INCREMENT,
  `house_id` varchar(200) NOT NULL,
  `month` varchar(200) NOT NULL,
  `year` int(200) NOT NULL,
  `price` double NOT NULL,
  `shopid` varchar(255) DEFAULT NULL,
  `account_type` tinyint(1) NOT NULL COMMENT '1=rentals 2=estate',
  `no_of_records` int(25) NOT NULL,
  PRIMARY KEY (`ID`)
) ENGINE=MyISAM AUTO_INCREMENT=2362 DEFAULT CHARSET=latin1;

--
-- Dumping data for table `house_data`
--

INSERT INTO `house_data` (`ID`, `house_id`, `month`, `year`, `price`, `shopid`, `account_type`, `no_of_records`) VALUES
(89, '26', 'April', 2024, 2000000, 'WBG2024000005\r\n', 0, 0),
(88, '26', 'March', 2024, 2000000, 'WBG2024000005\r\n', 0, 0),
(87, '26', 'February', 2024, 2000000, 'WBG2024000005\r\n', 0, 0),
(86, '26', 'January', 2024, 2000000, 'WBG2024000005\r\n', 0, 0),
(85, '21', 'December', 2024, 2000000, 'WBG2024000005\r\n', 0, 0),
(84, '21', 'November', 2024, 2000000, 'WBG2024000005\r\n', 0, 0),
(83, '21', 'October', 2024, 2000000, 'WBG2024000005\r\n', 0, 0),
(82, '21', 'September', 2024, 2000000, 'WBG2024000005\r\n', 0, 0),
(81, '21', 'August', 2024, 2000000, 'WBG2024000005\r\n', 0, 0),
(80, '21', 'July', 2024, 2000000, 'WBG2024000005\r\n', 0, 0),
(79, '21', 'June', 2024, 2000000, 'WBG2024000005\r\n', 0, 0),
(78, '21', 'May', 2024, 2000000, 'WBG2024000005\r\n', 0, 0),
(77, '21', 'April', 2024, 2000000, 'WBG2024000005\r\n', 0, 0),
(76, '21', 'March', 2024, 2000000, 'WBG2024000005\r\n', 0, 0),
(75, '21', 'February', 2024, 2000000, 'WBG2024000005\r\n', 0, 0),
(74, '21', 'January', 2024, 2000000, 'WBG2024000005\r\n', 0, 0),
(73, '20', 'December', 2024, 2000000, 'WBG2024000005\r\n', 0, 0),
(72, '20', 'November', 2024, 2000000, 'WBG2024000005\r\n', 0, 0),
(71, '20', 'October', 2024, 2000000, 'WBG2024000005\r\n', 0, 0),
(70, '20', 'September', 2024, 2000000, 'WBG2024000005\r\n', 0, 0),
(69, '20', 'August', 2024, 2000000, 'WBG2024000005\r\n', 0, 0),
(68, '20', 'July', 2024, 2000000, 'WBG2024000005\r\n', 0, 0),
(67, '20', 'June', 2024, 2000000, 'WBG2024000005\r\n', 0, 0),
(66, '20', 'May', 2024, 2000000, 'WBG2024000005\r\n', 0, 0),
(65, '20', 'April', 2024, 2000000, 'WBG2024000005\r\n', 0, 0),
(64, '20', 'March', 2024, 2000000, 'WBG2024000005\r\n', 0, 0),
(63, '20', 'February', 2024, 2000000, 'WBG2024000005\r\n', 0, 0),
(62, '20', 'January', 2024, 2000000, 'WBG2024000005\r\n', 0, 0),
(90, '26', 'May', 2024, 2000000, 'WBG2024000005\r\n', 0, 0),
(91, '26', 'June', 2024, 2000000, 'WBG2024000005\r\n', 0, 0),
(92, '26', 'July', 2024, 2000000, 'WBG2024000005\r\n', 0, 0),
(93, '26', 'August', 2024, 2000000, 'WBG2024000005\r\n', 0, 0),
(94, '26', 'September', 2024, 2000000, 'WBG2024000005\r\n', 0, 0),
(95, '26', 'October', 2024, 2000000, 'WBG2024000005\r\n', 0, 0),
(96, '26', 'November', 2024, 2000000, 'WBG2024000005\r\n', 0, 0),
(97, '26', 'December', 2024, 2000000, 'WBG2024000005\r\n', 0, 0),
(98, '23', 'January', 2024, 2000000, 'WBG2024000005\r\n', 0, 0),
(99, '23', 'February', 2024, 2000000, 'WBG2024000005\r\n', 0, 0),
(100, '23', 'March', 2024, 2000000, 'WBG2024000005\r\n', 0, 0),
(101, '23', 'April', 2024, 2000000, 'WBG2024000005\r\n', 0, 0),
(102, '23', 'May', 2024, 2000000, 'WBG2024000005\r\n', 0, 0),
(103, '23', 'June', 2024, 2000000, 'WBG2024000005\r\n', 0, 0),
(104, '23', 'July', 2024, 2000000, 'WBG2024000005\r\n', 0, 0),
(105, '23', 'August', 2024, 2000000, 'WBG2024000005\r\n', 0, 0),
(106, '23', 'September', 2024, 2000000, 'WBG2024000005\r\n', 0, 0),
(107, '23', 'October', 2024, 2000000, 'WBG2024000005\r\n', 0, 0),
(108, '23', 'November', 2024, 2000000, 'WBG2024000005\r\n', 0, 0),
(109, '23', 'December', 2024, 2000000, 'WBG2024000005\r\n', 0, 0),
(110, '24', 'January', 2024, 2000000, 'WBG2024000005\r\n', 0, 0),
(111, '24', 'February', 2024, 2000000, 'WBG2024000005\r\n', 0, 0),
(112, '24', 'March', 2024, 2000000, 'WBG2024000005\r\n', 0, 0),
(113, '24', 'April', 2024, 2000000, 'WBG2024000005\r\n', 0, 0),
(114, '24', 'May', 2024, 2000000, 'WBG2024000005\r\n', 0, 0),
(115, '24', 'June', 2024, 2000000, 'WBG2024000005\r\n', 0, 0),
(116, '24', 'July', 2024, 2000000, 'WBG2024000005\r\n', 0, 0),
(117, '24', 'August', 2024, 2000000, 'WBG2024000005\r\n', 0, 0),
(118, '24', 'September', 2024, 2000000, 'WBG2024000005\r\n', 0, 0),
(119, '24', 'October', 2024, 2000000, 'WBG2024000005\r\n', 0, 0),
(120, '24', 'November', 2024, 2000000, 'WBG2024000005\r\n', 0, 0),
(121, '24', 'December', 2024, 2000000, 'WBG2024000005\r\n', 0, 0),
(122, '27', 'January', 2024, 1000000, 'WBG2024000005\r\n', 0, 0),
(123, '27', 'February', 2024, 1000000, 'WBG2024000005\r\n', 0, 0),
(124, '27', 'March', 2024, 1000000, 'WBG2024000005\r\n', 0, 0),
(125, '27', 'April', 2024, 1000000, 'WBG2024000005\r\n', 0, 0),
(126, '27', 'May', 2024, 1000000, 'WBG2024000005\r\n', 0, 0),
(127, '27', 'June', 2024, 1000000, 'WBG2024000005\r\n', 0, 0),
(128, '27', 'July', 2024, 1000000, 'WBG2024000005\r\n', 0, 0),
(129, '27', 'August', 2024, 1000000, 'WBG2024000005\r\n', 0, 0),
(130, '27', 'September', 2024, 1000000, 'WBG2024000005\r\n', 0, 0),
(131, '27', 'October', 2024, 1000000, 'WBG2024000005\r\n', 0, 0),
(132, '27', 'November', 2024, 1000000, 'WBG2024000005\r\n', 0, 0),
(133, '27', 'December', 2024, 1000000, 'WBG2024000005\r\n', 0, 0),
(134, '28', 'January', 2024, 1000000, 'WBG2024000005\r\n', 0, 0),
(135, '28', 'February', 2024, 1000000, 'WBG2024000005\r\n', 0, 0),
(136, '28', 'March', 2024, 1000000, 'WBG2024000005\r\n', 0, 0),
(137, '28', 'April', 2024, 1000000, 'WBG2024000005\r\n', 0, 0),
(138, '28', 'May', 2024, 1000000, 'WBG2024000005\r\n', 0, 0),
(139, '28', 'June', 2024, 1000000, 'WBG2024000005\r\n', 0, 0),
(140, '28', 'July', 2024, 1000000, 'WBG2024000005\r\n', 0, 0),
(141, '28', 'August', 2024, 1000000, 'WBG2024000005\r\n', 0, 0),
(142, '28', 'September', 2024, 1000000, 'WBG2024000005\r\n', 0, 0),
(143, '28', 'October', 2024, 1000000, 'WBG2024000005\r\n', 0, 0),
(144, '28', 'November', 2024, 1000000, 'WBG2024000005\r\n', 0, 0),
(145, '28', 'December', 2024, 1000000, 'WBG2024000005\r\n', 0, 0),
(146, '29', 'January', 2024, 1000000, 'WBG2024000005\r\n', 0, 0),
(147, '29', 'February', 2024, 1000000, 'WBG2024000005\r\n', 0, 0),
(148, '29', 'March', 2024, 1000000, 'WBG2024000005\r\n', 0, 0),
(149, '29', 'April', 2024, 1000000, 'WBG2024000005\r\n', 0, 0),
(150, '29', 'May', 2024, 1000000, 'WBG2024000005\r\n', 0, 0),
(151, '29', 'June', 2024, 1000000, 'WBG2024000005\r\n', 0, 0),
(152, '29', 'July', 2024, 1000000, 'WBG2024000005\r\n', 0, 0),
(153, '29', 'August', 2024, 1000000, 'WBG2024000005\r\n', 0, 0),
(154, '29', 'September', 2024, 1000000, 'WBG2024000005\r\n', 0, 0),
(155, '29', 'October', 2024, 1000000, 'WBG2024000005\r\n', 0, 0),
(156, '29', 'November', 2024, 1000000, 'WBG2024000005\r\n', 0, 0),
(157, '29', 'December', 2024, 1000000, 'WBG2024000005\r\n', 0, 0),
(158, '30', 'January', 2024, 1000000, 'WBG2024000005\r\n', 0, 0),
(159, '30', 'February', 2024, 1000000, 'WBG2024000005\r\n', 0, 0),
(160, '30', 'March', 2024, 1000000, 'WBG2024000005\r\n', 0, 0),
(161, '30', 'April', 2024, 1000000, 'WBG2024000005\r\n', 0, 0),
(162, '30', 'May', 2024, 1000000, 'WBG2024000005\r\n', 0, 0),
(163, '30', 'June', 2024, 1000000, 'WBG2024000005\r\n', 0, 0),
(164, '30', 'July', 2024, 1000000, 'WBG2024000005\r\n', 0, 0),
(165, '30', 'August', 2024, 1000000, 'WBG2024000005\r\n', 0, 0),
(166, '30', 'September', 2024, 1000000, 'WBG2024000005\r\n', 0, 0),
(167, '30', 'October', 2024, 1000000, 'WBG2024000005\r\n', 0, 0),
(168, '30', 'November', 2024, 1000000, 'WBG2024000005\r\n', 0, 0),
(169, '30', 'December', 2024, 1000000, 'WBG2024000005\r\n', 0, 0),
(191, '31', 'October', 2024, 1000000, 'WBG2024000005\r\n', 0, 0),
(190, '31', 'September', 2024, 1000000, 'WBG2024000005\r\n', 0, 0),
(189, '31', 'August', 2024, 1000000, 'WBG2024000005\r\n', 0, 0),
(188, '31', 'July', 2024, 1000000, 'WBG2024000005\r\n', 0, 0),
(187, '31', 'June', 2024, 1000000, 'WBG2024000005\r\n', 0, 0),
(186, '31', 'May', 2024, 1000000, 'WBG2024000005\r\n', 0, 0),
(185, '31', 'April', 2024, 1000000, 'WBG2024000005\r\n', 0, 0),
(184, '31', 'March', 2024, 1000000, 'WBG2024000005\r\n', 0, 0),
(183, '31', 'February', 2024, 1000000, 'WBG2024000005\r\n', 0, 0),
(182, '31', 'January', 2024, 1000000, 'WBG2024000005\r\n', 0, 0),
(192, '31', 'November', 2024, 1000000, 'WBG2024000005\r\n', 0, 0),
(193, '31', 'December', 2024, 1000000, 'WBG2024000005\r\n', 0, 0),
(194, '33', 'January', 2024, 800000, 'WBG2024000005\r\n', 0, 0),
(195, '33', 'February', 2024, 800000, 'WBG2024000005\r\n', 0, 0),
(196, '33', 'March', 2024, 800000, 'WBG2024000005\r\n', 0, 0),
(197, '33', 'April', 2024, 800000, 'WBG2024000005\r\n', 0, 0),
(198, '33', 'May', 2024, 800000, 'WBG2024000005\r\n', 0, 0),
(199, '33', 'June', 2024, 800000, 'WBG2024000005\r\n', 0, 0),
(200, '33', 'July', 2024, 800000, 'WBG2024000005\r\n', 0, 0),
(201, '33', 'August', 2024, 800000, 'WBG2024000005\r\n', 0, 0),
(202, '33', 'September', 2024, 800000, 'WBG2024000005\r\n', 0, 0),
(203, '33', 'October', 2024, 800000, 'WBG2024000005\r\n', 0, 0),
(204, '33', 'November', 2024, 800000, 'WBG2024000005\r\n', 0, 0),
(205, '33', 'December', 2024, 800000, 'WBG2024000005\r\n', 0, 0),
(206, '34', 'January', 2024, 800000, 'WBG2024000005\r\n', 0, 0),
(207, '34', 'February', 2024, 800000, 'WBG2024000005\r\n', 0, 0),
(208, '34', 'March', 2024, 800000, 'WBG2024000005\r\n', 0, 0),
(209, '34', 'April', 2024, 800000, 'WBG2024000005\r\n', 0, 0),
(210, '34', 'May', 2024, 800000, 'WBG2024000005\r\n', 0, 0),
(211, '34', 'June', 2024, 800000, 'WBG2024000005\r\n', 0, 0),
(212, '34', 'July', 2024, 800000, 'WBG2024000005\r\n', 0, 0),
(213, '34', 'August', 2024, 800000, 'WBG2024000005\r\n', 0, 0),
(214, '34', 'September', 2024, 800000, 'WBG2024000005\r\n', 0, 0),
(215, '34', 'October', 2024, 800000, 'WBG2024000005\r\n', 0, 0),
(216, '34', 'November', 2024, 800000, 'WBG2024000005\r\n', 0, 0),
(217, '34', 'December', 2024, 800000, 'WBG2024000005\r\n', 0, 0),
(218, '35', 'January', 2024, 800000, 'WBG2024000005\r\n', 0, 0),
(219, '35', 'February', 2024, 800000, 'WBG2024000005\r\n', 0, 0),
(220, '35', 'March', 2024, 800000, 'WBG2024000005\r\n', 0, 0),
(221, '35', 'April', 2024, 800000, 'WBG2024000005\r\n', 0, 0),
(222, '35', 'May', 2024, 800000, 'WBG2024000005\r\n', 0, 0),
(223, '35', 'June', 2024, 800000, 'WBG2024000005\r\n', 0, 0),
(224, '35', 'July', 2024, 800000, 'WBG2024000005\r\n', 0, 0),
(225, '35', 'August', 2024, 800000, 'WBG2024000005\r\n', 0, 0),
(226, '35', 'September', 2024, 800000, 'WBG2024000005\r\n', 0, 0),
(227, '35', 'October', 2024, 800000, 'WBG2024000005\r\n', 0, 0),
(228, '35', 'November', 2024, 800000, 'WBG2024000005\r\n', 0, 0),
(229, '35', 'December', 2024, 800000, 'WBG2024000005\r\n', 0, 0),
(230, '36', 'January', 2024, 800000, 'WBG2024000005\r\n', 0, 0),
(231, '36', 'February', 2024, 800000, 'WBG2024000005\r\n', 0, 0),
(232, '36', 'March', 2024, 800000, 'WBG2024000005\r\n', 0, 0),
(233, '36', 'April', 2024, 800000, 'WBG2024000005\r\n', 0, 0),
(234, '36', 'May', 2024, 800000, 'WBG2024000005\r\n', 0, 0),
(235, '36', 'June', 2024, 800000, 'WBG2024000005\r\n', 0, 0),
(236, '36', 'July', 2024, 800000, 'WBG2024000005\r\n', 0, 0),
(237, '36', 'August', 2024, 800000, 'WBG2024000005\r\n', 0, 0),
(238, '36', 'September', 2024, 800000, 'WBG2024000005\r\n', 0, 0),
(239, '36', 'October', 2024, 800000, 'WBG2024000005\r\n', 0, 0),
(240, '36', 'November', 2024, 800000, 'WBG2024000005\r\n', 0, 0),
(241, '36', 'December', 2024, 800000, 'WBG2024000005\r\n', 0, 0),
(242, '37', 'January', 2024, 800000, 'WBG2024000005\r\n', 0, 0),
(243, '37', 'February', 2024, 800000, 'WBG2024000005\r\n', 0, 0),
(244, '37', 'March', 2024, 800000, 'WBG2024000005\r\n', 0, 0),
(245, '37', 'April', 2024, 800000, 'WBG2024000005\r\n', 0, 0),
(246, '37', 'May', 2024, 800000, 'WBG2024000005\r\n', 0, 0),
(247, '37', 'June', 2024, 800000, 'WBG2024000005\r\n', 0, 0),
(248, '37', 'July', 2024, 800000, 'WBG2024000005\r\n', 0, 0),
(249, '37', 'August', 2024, 800000, 'WBG2024000005\r\n', 0, 0),
(250, '37', 'September', 2024, 800000, 'WBG2024000005\r\n', 0, 0),
(251, '37', 'October', 2024, 800000, 'WBG2024000005\r\n', 0, 0),
(252, '37', 'November', 2024, 800000, 'WBG2024000005\r\n', 0, 0),
(253, '37', 'December', 2024, 800000, 'WBG2024000005\r\n', 0, 0),
(254, '38', 'January', 2024, 750000, 'WBG2024000005\r\n', 0, 0),
(255, '38', 'February', 2024, 750000, 'WBG2024000005\r\n', 0, 0),
(256, '38', 'March', 2024, 750000, 'WBG2024000005\r\n', 0, 0),
(257, '38', 'April', 2024, 750000, 'WBG2024000005\r\n', 0, 0),
(258, '38', 'May', 2024, 750000, 'WBG2024000005\r\n', 0, 0),
(259, '38', 'June', 2024, 750000, 'WBG2024000005\r\n', 0, 0),
(260, '38', 'July', 2024, 750000, 'WBG2024000005\r\n', 0, 0),
(261, '38', 'August', 2024, 750000, 'WBG2024000005\r\n', 0, 0),
(262, '38', 'September', 2024, 750000, 'WBG2024000005\r\n', 0, 0),
(263, '38', 'October', 2024, 750000, 'WBG2024000005\r\n', 0, 0),
(264, '38', 'November', 2024, 750000, 'WBG2024000005\r\n', 0, 0),
(265, '38', 'December', 2024, 750000, 'WBG2024000005\r\n', 0, 0),
(266, '39', 'January', 2024, 750000, 'WBG2024000005\r\n', 0, 0),
(267, '39', 'February', 2024, 750000, 'WBG2024000005\r\n', 0, 0),
(268, '39', 'March', 2024, 750000, 'WBG2024000005\r\n', 0, 0),
(269, '39', 'April', 2024, 750000, 'WBG2024000005\r\n', 0, 0),
(270, '39', 'May', 2024, 750000, 'WBG2024000005\r\n', 0, 0),
(271, '39', 'June', 2024, 750000, 'WBG2024000005\r\n', 0, 0),
(272, '39', 'July', 2024, 750000, 'WBG2024000005\r\n', 0, 0),
(273, '39', 'August', 2024, 750000, 'WBG2024000005\r\n', 0, 0),
(274, '39', 'September', 2024, 750000, 'WBG2024000005\r\n', 0, 0),
(275, '39', 'October', 2024, 750000, 'WBG2024000005\r\n', 0, 0),
(276, '39', 'November', 2024, 750000, 'WBG2024000005\r\n', 0, 0),
(277, '39', 'December', 2024, 750000, 'WBG2024000005\r\n', 0, 0),
(278, '40', 'January', 2024, 750000, 'WBG2024000005\r\n', 0, 0),
(279, '40', 'February', 2024, 750000, 'WBG2024000005\r\n', 0, 0),
(280, '40', 'March', 2024, 750000, 'WBG2024000005\r\n', 0, 0),
(281, '40', 'April', 2024, 750000, 'WBG2024000005\r\n', 0, 0),
(282, '40', 'May', 2024, 750000, 'WBG2024000005\r\n', 0, 0),
(283, '40', 'June', 2024, 750000, 'WBG2024000005\r\n', 0, 0),
(284, '40', 'July', 2024, 750000, 'WBG2024000005\r\n', 0, 0),
(285, '40', 'August', 2024, 750000, 'WBG2024000005\r\n', 0, 0),
(286, '40', 'September', 2024, 750000, 'WBG2024000005\r\n', 0, 0),
(287, '40', 'October', 2024, 750000, 'WBG2024000005\r\n', 0, 0),
(288, '40', 'November', 2024, 750000, 'WBG2024000005\r\n', 0, 0),
(289, '40', 'December', 2024, 750000, 'WBG2024000005\r\n', 0, 0),
(290, '43', 'January', 2024, 750000, 'WBG2024000005\r\n', 0, 0),
(291, '43', 'February', 2024, 750000, 'WBG2024000005\r\n', 0, 0),
(292, '43', 'March', 2024, 750000, 'WBG2024000005\r\n', 0, 0),
(293, '43', 'April', 2024, 750000, 'WBG2024000005\r\n', 0, 0),
(294, '43', 'May', 2024, 750000, 'WBG2024000005\r\n', 0, 0),
(295, '43', 'June', 2024, 750000, 'WBG2024000005\r\n', 0, 0),
(296, '43', 'July', 2024, 750000, 'WBG2024000005\r\n', 0, 0),
(297, '43', 'August', 2024, 750000, 'WBG2024000005\r\n', 0, 0),
(298, '43', 'September', 2024, 750000, 'WBG2024000005\r\n', 0, 0),
(299, '43', 'October', 2024, 750000, 'WBG2024000005\r\n', 0, 0),
(300, '43', 'November', 2024, 750000, 'WBG2024000005\r\n', 0, 0),
(301, '43', 'December', 2024, 750000, 'WBG2024000005\r\n', 0, 0),
(302, '44', 'January', 2024, 750000, 'WBG2024000005\r\n', 0, 0),
(303, '44', 'February', 2024, 750000, 'WBG2024000005\r\n', 0, 0),
(304, '44', 'March', 2024, 750000, 'WBG2024000005\r\n', 0, 0),
(305, '44', 'April', 2024, 750000, 'WBG2024000005\r\n', 0, 0),
(306, '44', 'May', 2024, 750000, 'WBG2024000005\r\n', 0, 0),
(307, '44', 'June', 2024, 750000, 'WBG2024000005\r\n', 0, 0),
(308, '44', 'July', 2024, 750000, 'WBG2024000005\r\n', 0, 0),
(309, '44', 'August', 2024, 750000, 'WBG2024000005\r\n', 0, 0),
(310, '44', 'September', 2024, 750000, 'WBG2024000005\r\n', 0, 0),
(311, '44', 'October', 2024, 750000, 'WBG2024000005\r\n', 0, 0),
(312, '44', 'November', 2024, 750000, 'WBG2024000005\r\n', 0, 0),
(313, '44', 'December', 2024, 750000, 'WBG2024000005\r\n', 0, 0),
(314, '49', 'January', 2024, 700000, 'WBG2024000005\r\n', 0, 0),
(315, '49', 'February', 2024, 700000, 'WBG2024000005\r\n', 0, 0),
(316, '49', 'March', 2024, 700000, 'WBG2024000005\r\n', 0, 0),
(317, '49', 'April', 2024, 700000, 'WBG2024000005\r\n', 0, 0),
(318, '49', 'May', 2024, 700000, 'WBG2024000005\r\n', 0, 0),
(319, '49', 'June', 2024, 700000, 'WBG2024000005\r\n', 0, 0),
(320, '49', 'July', 2024, 700000, 'WBG2024000005\r\n', 0, 0),
(321, '49', 'August', 2024, 700000, 'WBG2024000005\r\n', 0, 0),
(322, '49', 'September', 2024, 700000, 'WBG2024000005\r\n', 0, 0),
(323, '49', 'October', 2024, 700000, 'WBG2024000005\r\n', 0, 0),
(324, '49', 'November', 2024, 700000, 'WBG2024000005\r\n', 0, 0),
(325, '49', 'December', 2024, 700000, 'WBG2024000005\r\n', 0, 0),
(326, '48', 'January', 2024, 700000, 'WBG2024000005\r\n', 0, 0),
(327, '48', 'February', 2024, 700000, 'WBG2024000005\r\n', 0, 0),
(328, '48', 'March', 2024, 700000, 'WBG2024000005\r\n', 0, 0),
(329, '48', 'April', 2024, 700000, 'WBG2024000005\r\n', 0, 0),
(330, '48', 'May', 2024, 700000, 'WBG2024000005\r\n', 0, 0),
(331, '48', 'June', 2024, 700000, 'WBG2024000005\r\n', 0, 0),
(332, '48', 'July', 2024, 700000, 'WBG2024000005\r\n', 0, 0),
(333, '48', 'August', 2024, 700000, 'WBG2024000005\r\n', 0, 0),
(334, '48', 'September', 2024, 700000, 'WBG2024000005\r\n', 0, 0),
(335, '48', 'October', 2024, 700000, 'WBG2024000005\r\n', 0, 0),
(336, '48', 'November', 2024, 700000, 'WBG2024000005\r\n', 0, 0),
(337, '48', 'December', 2024, 700000, 'WBG2024000005\r\n', 0, 0),
(338, '47', 'January', 2024, 700000, 'WBG2024000005\r\n', 0, 0),
(339, '47', 'February', 2024, 700000, 'WBG2024000005\r\n', 0, 0),
(340, '47', 'March', 2024, 700000, 'WBG2024000005\r\n', 0, 0),
(341, '47', 'April', 2024, 700000, 'WBG2024000005\r\n', 0, 0),
(342, '47', 'May', 2024, 700000, 'WBG2024000005\r\n', 0, 0),
(343, '47', 'June', 2024, 700000, 'WBG2024000005\r\n', 0, 0),
(344, '47', 'July', 2024, 700000, 'WBG2024000005\r\n', 0, 0),
(345, '47', 'August', 2024, 700000, 'WBG2024000005\r\n', 0, 0),
(346, '47', 'September', 2024, 700000, 'WBG2024000005\r\n', 0, 0),
(347, '47', 'October', 2024, 700000, 'WBG2024000005\r\n', 0, 0),
(348, '47', 'November', 2024, 700000, 'WBG2024000005\r\n', 0, 0),
(349, '47', 'December', 2024, 700000, 'WBG2024000005\r\n', 0, 0),
(350, '46', 'January', 2024, 700000, 'WBG2024000005\r\n', 0, 0),
(351, '46', 'February', 2024, 700000, 'WBG2024000005\r\n', 0, 0),
(352, '46', 'March', 2024, 700000, 'WBG2024000005\r\n', 0, 0),
(353, '46', 'April', 2024, 700000, 'WBG2024000005\r\n', 0, 0),
(354, '46', 'May', 2024, 700000, 'WBG2024000005\r\n', 0, 0),
(355, '46', 'June', 2024, 700000, 'WBG2024000005\r\n', 0, 0),
(356, '46', 'July', 2024, 700000, 'WBG2024000005\r\n', 0, 0),
(357, '46', 'August', 2024, 700000, 'WBG2024000005\r\n', 0, 0),
(358, '46', 'September', 2024, 700000, 'WBG2024000005\r\n', 0, 0),
(359, '46', 'October', 2024, 700000, 'WBG2024000005\r\n', 0, 0),
(360, '46', 'November', 2024, 700000, 'WBG2024000005\r\n', 0, 0),
(361, '46', 'December', 2024, 700000, 'WBG2024000005\r\n', 0, 0),
(362, '45', 'January', 2024, 700000, 'WBG2024000005\r\n', 0, 0),
(363, '45', 'February', 2024, 700000, 'WBG2024000005\r\n', 0, 0),
(364, '45', 'March', 2024, 700000, 'WBG2024000005\r\n', 0, 0),
(365, '45', 'April', 2024, 700000, 'WBG2024000005\r\n', 0, 0),
(366, '45', 'May', 2024, 700000, 'WBG2024000005\r\n', 0, 0),
(367, '45', 'June', 2024, 700000, 'WBG2024000005\r\n', 0, 0),
(368, '45', 'July', 2024, 700000, 'WBG2024000005\r\n', 0, 0),
(369, '45', 'August', 2024, 700000, 'WBG2024000005\r\n', 0, 0),
(370, '45', 'September', 2024, 700000, 'WBG2024000005\r\n', 0, 0),
(371, '45', 'October', 2024, 700000, 'WBG2024000005\r\n', 0, 0),
(372, '45', 'November', 2024, 700000, 'WBG2024000005\r\n', 0, 0),
(373, '45', 'December', 2024, 700000, 'WBG2024000005\r\n', 0, 0),
(374, '50', 'January', 2024, 650000, 'WBG2024000005\r\n', 0, 0),
(375, '50', 'February', 2024, 650000, 'WBG2024000005\r\n', 0, 0),
(376, '50', 'March', 2024, 650000, 'WBG2024000005\r\n', 0, 0),
(377, '50', 'April', 2024, 650000, 'WBG2024000005\r\n', 0, 0),
(378, '50', 'May', 2024, 650000, 'WBG2024000005\r\n', 0, 0),
(379, '50', 'June', 2024, 650000, 'WBG2024000005\r\n', 0, 0),
(380, '50', 'July', 2024, 650000, 'WBG2024000005\r\n', 0, 0),
(381, '50', 'August', 2024, 650000, 'WBG2024000005\r\n', 0, 0),
(382, '50', 'September', 2024, 650000, 'WBG2024000005\r\n', 0, 0),
(383, '50', 'October', 2024, 650000, 'WBG2024000005\r\n', 0, 0),
(384, '50', 'November', 2024, 650000, 'WBG2024000005\r\n', 0, 0),
(385, '50', 'December', 2024, 650000, 'WBG2024000005\r\n', 0, 0),
(386, '51', 'January', 2024, 650000, 'WBG2024000005\r\n', 0, 0),
(387, '51', 'February', 2024, 650000, 'WBG2024000005\r\n', 0, 0),
(388, '51', 'March', 2024, 650000, 'WBG2024000005\r\n', 0, 0),
(389, '51', 'April', 2024, 650000, 'WBG2024000005\r\n', 0, 0),
(390, '51', 'May', 2024, 650000, 'WBG2024000005\r\n', 0, 0),
(391, '51', 'June', 2024, 650000, 'WBG2024000005\r\n', 0, 0),
(392, '51', 'July', 2024, 650000, 'WBG2024000005\r\n', 0, 0),
(393, '51', 'August', 2024, 650000, 'WBG2024000005\r\n', 0, 0),
(394, '51', 'September', 2024, 650000, 'WBG2024000005\r\n', 0, 0),
(395, '51', 'October', 2024, 650000, 'WBG2024000005\r\n', 0, 0),
(396, '51', 'November', 2024, 650000, 'WBG2024000005\r\n', 0, 0),
(397, '51', 'December', 2024, 650000, 'WBG2024000005\r\n', 0, 0),
(398, '52', 'January', 2024, 650000, 'WBG2024000005\r\n', 0, 0),
(399, '52', 'February', 2024, 650000, 'WBG2024000005\r\n', 0, 0),
(400, '52', 'March', 2024, 650000, 'WBG2024000005\r\n', 0, 0),
(401, '52', 'April', 2024, 650000, 'WBG2024000005\r\n', 0, 0),
(402, '52', 'May', 2024, 650000, 'WBG2024000005\r\n', 0, 0),
(403, '52', 'June', 2024, 650000, 'WBG2024000005\r\n', 0, 0),
(404, '52', 'July', 2024, 650000, 'WBG2024000005\r\n', 0, 0),
(405, '52', 'August', 2024, 650000, 'WBG2024000005\r\n', 0, 0),
(406, '52', 'September', 2024, 650000, 'WBG2024000005\r\n', 0, 0),
(407, '52', 'October', 2024, 650000, 'WBG2024000005\r\n', 0, 0),
(408, '52', 'November', 2024, 650000, 'WBG2024000005\r\n', 0, 0),
(409, '52', 'December', 2024, 650000, 'WBG2024000005\r\n', 0, 0),
(410, '53', 'January', 2024, 650000, 'WBG2024000005\r\n', 0, 0),
(411, '53', 'February', 2024, 650000, 'WBG2024000005\r\n', 0, 0),
(412, '53', 'March', 2024, 650000, 'WBG2024000005\r\n', 0, 0),
(413, '53', 'April', 2024, 650000, 'WBG2024000005\r\n', 0, 0),
(414, '53', 'May', 2024, 650000, 'WBG2024000005\r\n', 0, 0),
(415, '53', 'June', 2024, 650000, 'WBG2024000005\r\n', 0, 0),
(416, '53', 'July', 2024, 650000, 'WBG2024000005\r\n', 0, 0),
(417, '53', 'August', 2024, 650000, 'WBG2024000005\r\n', 0, 0),
(418, '53', 'September', 2024, 650000, 'WBG2024000005\r\n', 0, 0),
(419, '53', 'October', 2024, 650000, 'WBG2024000005\r\n', 0, 0),
(420, '53', 'November', 2024, 650000, 'WBG2024000005\r\n', 0, 0),
(421, '53', 'December', 2024, 650000, 'WBG2024000005\r\n', 0, 0),
(422, '54', 'January', 2024, 650000, 'WBG2024000005\r\n', 0, 0),
(423, '54', 'February', 2024, 650000, 'WBG2024000005\r\n', 0, 0),
(424, '54', 'March', 2024, 650000, 'WBG2024000005\r\n', 0, 0),
(425, '54', 'April', 2024, 650000, 'WBG2024000005\r\n', 0, 0),
(426, '54', 'May', 2024, 650000, 'WBG2024000005\r\n', 0, 0),
(427, '54', 'June', 2024, 650000, 'WBG2024000005\r\n', 0, 0),
(428, '54', 'July', 2024, 650000, 'WBG2024000005\r\n', 0, 0),
(429, '54', 'August', 2024, 650000, 'WBG2024000005\r\n', 0, 0),
(430, '54', 'September', 2024, 650000, 'WBG2024000005\r\n', 0, 0),
(431, '54', 'October', 2024, 650000, 'WBG2024000005\r\n', 0, 0),
(432, '54', 'November', 2024, 650000, 'WBG2024000005\r\n', 0, 0),
(433, '54', 'December', 2024, 650000, 'WBG2024000005\r\n', 0, 0),
(434, '56', 'September', 2024, 250000, 'MWS2024000003', 0, 0),
(435, '56', 'October', 2024, 250000, 'MWS2024000003', 0, 0),
(436, '56', 'November', 2024, 250000, 'MWS2024000003', 0, 0),
(437, '56', 'December', 2024, 250000, 'MWS2024000003', 0, 0),
(438, '58', 'September', 2024, 350000, 'MWS2024000003', 0, 0),
(439, '58', 'October', 2024, 350000, 'MWS2024000003', 0, 0),
(440, '58', 'November', 2024, 350000, 'MWS2024000003', 0, 0),
(441, '58', 'December', 2024, 350000, 'MWS2024000003', 0, 0),
(442, '56', 'August', 2024, 350000, 'MWS2024000003', 0, 0),
(443, '57', 'August', 2024, 227500, 'MWS2024000003', 0, 0),
(444, '58', 'August', 2024, 650000, 'MWS2024000003', 0, 0),
(445, '55', 'January', 2024, 1200000, 'WBG2024000005', 0, 0),
(446, '55', 'February', 2024, 1200000, 'WBG2024000005', 0, 0),
(447, '55', 'March', 2024, 1200000, 'WBG2024000005', 0, 0),
(448, '55', 'April', 2024, 1200000, 'WBG2024000005', 0, 0),
(449, '55', 'May', 2024, 1200000, 'WBG2024000005', 0, 0),
(450, '55', 'June', 2024, 1200000, 'WBG2024000005', 0, 0),
(451, '55', 'July', 2024, 1200000, 'WBG2024000005', 0, 0),
(452, '55', 'August', 2024, 1200000, 'WBG2024000005', 0, 0),
(453, '55', 'September', 2024, 247000, 'WBG2024000005', 0, 0),
(454, '55', 'October', 2024, 1200000, 'WBG2024000005', 0, 0),
(455, '55', 'November', 2024, 1200000, 'WBG2024000005', 0, 0),
(456, '55', 'December', 2024, 1200000, 'WBG2024000005', 0, 0),
(457, '60', 'January', 2024, 34000000, '1', 0, 0),
(458, '60', 'February', 2024, 34000000, '1', 0, 0),
(459, '60', 'March', 2024, 34000000, '1', 0, 0),
(460, '60', 'April', 2024, 34000000, '1', 0, 0),
(461, '60', 'May', 2024, 34000000, '1', 0, 0),
(462, '60', 'June', 2024, 34000000, '1', 0, 0),
(463, '60', 'July', 2024, 34000000, '1', 0, 0),
(464, '60', 'August', 2024, 34000000, '1', 0, 0),
(465, '60', 'September', 2024, 34000000, '1', 0, 0),
(466, '60', 'October', 2024, 34000000, '1', 0, 0),
(467, '60', 'November', 2024, 34000000, '1', 0, 0),
(468, '60', 'December', 2024, 34000000, '1', 0, 0),
(469, '62', 'September', 2024, 350000, '1', 0, 0),
(470, '62', 'October', 2024, 350000, '1', 0, 0),
(471, '62', 'November', 2024, 350000, '1', 0, 0),
(472, '62', 'December', 2024, 350000, '1', 0, 0),
(473, '69', 'September', 2024, 2250000, '1', 0, 0),
(474, '69', 'October', 2024, 2250000, '1', 0, 0),
(475, '69', 'November', 2024, 2250000, '1', 0, 0),
(476, '69', 'December', 2024, 2250000, '1', 0, 0),
(477, 'L5005', 'September', 2024, 300000, '1', 0, 0),
(478, 'L5005', 'October', 2024, 2250000, '1', 0, 0),
(479, 'L5005', 'November', 2024, 2250000, '1', 0, 0),
(480, 'L5005', 'December', 2024, 2250000, '1', 0, 0),
(481, 'L5004', 'September', 2024, 2250000, '1', 0, 0),
(482, 'L5004', 'October', 2024, 2250000, '1', 0, 0),
(483, 'L5004', 'November', 2024, 2250000, '1', 0, 0),
(484, 'L5004', 'December', 2024, 2250000, '1', 0, 0),
(485, 'L5003', 'September', 2024, 2250000, '1', 0, 0),
(486, 'L5003', 'October', 2024, 2250000, '1', 0, 0),
(487, 'L5003', 'November', 2024, 2250000, '1', 0, 0),
(488, 'L5003', 'December', 2024, 2250000, '1', 0, 0),
(489, 'L5002', 'September', 2024, 1450000, '1', 0, 0),
(490, 'L5002', 'October', 2024, 1450000, '1', 0, 0),
(491, 'L5002', 'November', 2024, 1450000, '1', 0, 0),
(492, 'L5002', 'December', 2024, 1450000, '1', 0, 0),
(493, 'L5001', 'September', 2024, 1450000, '1', 0, 0),
(494, 'L5001', 'October', 2024, 1450000, '1', 0, 0),
(495, 'L5001', 'November', 2024, 1450000, '1', 0, 0),
(496, 'L5001', 'December', 2024, 1450000, '1', 0, 0),
(497, 'L4005', 'September', 2024, 1450000, '1', 0, 0),
(498, 'L4005', 'October', 2024, 1450000, '1', 0, 0),
(499, 'L4005', 'November', 2024, 1450000, '1', 0, 0),
(500, 'L4005', 'December', 2024, 1450000, '1', 0, 0),
(501, 'L4003', 'September', 2024, 1450000, '1', 0, 0),
(502, 'L4003', 'October', 2024, 1450000, '1', 0, 0),
(503, 'L4003', 'November', 2024, 1450000, '1', 0, 0),
(504, 'L4003', 'December', 2024, 1450000, '1', 0, 0),
(505, 'L4002', 'September', 2024, 1450000, '1', 0, 0),
(506, 'L4002', 'October', 2024, 1450000, '1', 0, 0),
(507, 'L4002', 'November', 2024, 1450000, '1', 0, 0),
(508, 'L4002', 'December', 2024, 450000, '1', 0, 0),
(509, 'L4001', 'September', 2024, 1050000, '1', 0, 0),
(510, 'L4001', 'October', 2024, 1050000, '1', 0, 0),
(511, 'L4001', 'November', 2024, 1050000, '1', 0, 0),
(512, 'L4001', 'December', 2024, 1050000, '1', 0, 0),
(513, 'L3001', 'September', 2024, 1050000, '1', 0, 0),
(514, 'L3001', 'October', 2024, 1050000, '1', 0, 0),
(515, 'L3001', 'November', 2024, 1050000, '1', 0, 0),
(516, 'L3001', 'December', 2024, 1050000, '1', 0, 0),
(517, 'L3005', 'September', 2024, 1050000, '1', 0, 0),
(518, 'L3005', 'October', 2024, 1050000, '1', 0, 0),
(519, 'L3005', 'November', 2024, 1050000, '1', 0, 0),
(520, 'L3005', 'December', 2024, 1050000, '1', 0, 0),
(521, 'L3004', 'September', 2024, 1050000, '1', 0, 0),
(522, 'L3004', 'October', 2024, 1050000, '1', 0, 0),
(523, 'L3004', 'November', 2024, 1050000, '1', 0, 0),
(524, 'L3004', 'December', 2024, 1050000, '1', 0, 0),
(525, 'L3002', 'September', 2024, 1050000, '1', 0, 0),
(526, 'L3002', 'October', 2024, 1050000, '1', 0, 0),
(527, 'L3002', 'November', 2024, 1050000, '1', 0, 0),
(528, 'L3002', 'December', 2024, 1050000, '1', 0, 0),
(529, 'L2005', 'September', 2024, 950000, '1', 0, 0),
(530, 'L2005', 'October', 2024, 950000, '1', 0, 0),
(531, 'L2005', 'November', 2024, 950000, '1', 0, 0),
(532, 'L2005', 'December', 2024, 950000, '1', 0, 0),
(533, 'L2004', 'September', 2024, 950000, '1', 0, 0),
(534, 'L2004', 'October', 2024, 950000, '1', 0, 0),
(535, 'L2004', 'November', 2024, 950000, '1', 0, 0),
(536, 'L2004', 'December', 2024, 950000, '1', 0, 0),
(537, 'L2004', 'September', 2024, 950000, '1', 0, 0),
(538, 'L2004', 'October', 2024, 950000, '1', 0, 0),
(539, 'L2004', 'November', 2024, 950000, '1', 0, 0),
(540, 'L2004', 'December', 2024, 950000, '1', 0, 0),
(541, 'L2003', 'September', 2024, 950000, '1', 0, 0),
(542, 'L2003', 'October', 2024, 950000, '1', 0, 0),
(543, 'L2003', 'November', 2024, 950000, '1', 0, 0),
(544, 'L2003', 'December', 2024, 950000, '1', 0, 0),
(545, 'L2002', 'September', 2024, 950000, '1', 0, 0),
(546, 'L2002', 'October', 2024, 950000, '1', 0, 0),
(547, 'L2002', 'November', 2024, 950000, '1', 0, 0),
(548, 'L2002', 'December', 2024, 950000, '1', 0, 0),
(549, 'L2001', 'September', 2024, 650000, '1', 0, 0),
(550, 'L2001', 'October', 2024, 650000, '1', 0, 0),
(551, 'L2001', 'November', 2024, 650000, '1', 0, 0),
(552, 'L2001', 'December', 2024, 650000, '1', 0, 0),
(553, 'L1005', 'September', 2024, 250000, '1', 0, 0),
(554, 'L1005', 'October', 2024, 250000, '1', 0, 0),
(555, 'L1005', 'November', 2024, 250000, '1', 0, 0),
(556, 'L1005', 'December', 2024, 250000, '1', 0, 0),
(557, 'L1004', 'September', 2024, 650000, '1', 0, 0),
(558, 'L1004', 'October', 2024, 650000, '1', 0, 0),
(559, 'L1004', 'November', 2024, 650000, '1', 0, 0),
(560, 'L1004', 'December', 2024, 650000, '1', 0, 0),
(561, 'L1003', 'September', 2024, 650000, '1', 0, 0),
(562, 'L1003', 'October', 2024, 650000, '1', 0, 0),
(563, 'L1003', 'November', 2024, 650000, '1', 0, 0),
(564, 'L1003', 'December', 2024, 650000, '1', 0, 0),
(565, 'L1002', 'September', 2024, 650000, '1', 0, 0),
(566, 'L1002', 'October', 2024, 650000, '1', 0, 0),
(567, 'L1002', 'November', 2024, 650000, '1', 0, 0),
(568, 'L1002', 'December', 2024, 650000, '1', 0, 0),
(569, 'L1001', 'September', 2024, 350000, '1', 0, 0),
(570, 'L1001', 'October', 2024, 350000, '1', 0, 0),
(571, 'L1001', 'November', 2024, 350000, '1', 0, 0),
(572, 'L1001', 'December', 2024, 350000, '1', 0, 0),
(573, 'G004', 'September', 2024, 350000, '1', 0, 0),
(574, 'G004', 'October', 2024, 350000, '1', 0, 0),
(575, 'G004', 'November', 2024, 350000, '1', 0, 0),
(576, 'G004', 'December', 2024, 350000, '1', 0, 0),
(577, 'G005', 'September', 2024, 350000, '1', 0, 0),
(578, 'G005', 'October', 2024, 350000, '1', 0, 0),
(579, 'G005', 'November', 2024, 350000, '1', 0, 0),
(580, 'G005', 'December', 2024, 350000, '1', 0, 0),
(581, 'G004', 'September', 2024, 350000, '1', 0, 0),
(582, 'G004', 'October', 2024, 350000, '1', 0, 0),
(583, 'G004', 'November', 2024, 350000, '1', 0, 0),
(584, 'G004', 'December', 2024, 350000, '1', 0, 0),
(585, 'G005', 'September', 2024, 350000, '1', 0, 0),
(586, 'G005', 'October', 2024, 350000, '1', 0, 0),
(587, 'G005', 'November', 2024, 350000, '1', 0, 0),
(588, 'G005', 'December', 2024, 350000, '1', 0, 0),
(589, 'G001', 'August', 2024, 450000, '1', 0, 0),
(590, 'G001', 'May', 2024, 450000, '1', 0, 0),
(591, 'G001', 'June', 2024, 450000, '1', 0, 0),
(592, 'G001', 'July', 2024, 450000, '1', 0, 0),
(593, 'G002', 'September', 2024, 650000, '1', 0, 0),
(594, 'L3003', 'September', 2024, 650000, '1', 0, 0),
(595, 'G001', 'January', 2025, 2560000, '1', 0, 0),
(596, 'G001', 'February', 2025, 450000, '1', 0, 0),
(597, 'G001', 'September', 2024, 450000, '1', 0, 0),
(598, 'PS-001', 'January', 2024, 500000, 'PS2024000007', 0, 0),
(599, 'PS-001', 'February', 2024, 500000, 'PS2024000007', 0, 0),
(600, 'PS-001', 'March', 2024, 500000, 'PS2024000007', 0, 0),
(601, 'PS-001', 'April', 2024, 500000, 'PS2024000007', 0, 0),
(602, 'PS-001', 'May', 2024, 500000, 'PS2024000007', 0, 0),
(603, 'PS-001', 'June', 2024, 500000, 'PS2024000007', 0, 0),
(604, 'PS-001', 'July', 2024, 500000, 'PS2024000007', 0, 0),
(605, 'PS-001', 'August', 2024, 500000, 'PS2024000007', 0, 0),
(606, 'PS-001', 'September', 2024, 500000, 'PS2024000007', 0, 0),
(607, 'PS-001', 'October', 2024, 500000, 'PS2024000007', 0, 0),
(608, 'PS-001', 'November', 2024, 500000, 'PS2024000007', 0, 0),
(609, 'PS-001', 'December', 2024, 500000, 'PS2024000007', 0, 0),
(610, 'L4004', 'January', 2024, 450000, '1', 0, 0),
(611, 'L4004', 'February', 2024, 450000, '1', 0, 0),
(612, 'L4004', 'March', 2024, 450000, '1', 0, 0),
(613, 'L4004', 'April', 2024, 450000, '1', 0, 0),
(614, 'L4004', 'May', 2024, 450000, '1', 0, 0),
(615, 'L4004', 'June', 2024, 450000, '1', 0, 0),
(616, 'L4004', 'July', 2024, 450000, '1', 0, 0),
(617, 'L4004', 'August', 2024, 450000, '1', 0, 0),
(618, 'L4004', 'September', 2024, 450000, '1', 0, 0),
(619, 'L4004', 'October', 2024, 450000, '1', 0, 0),
(620, 'L4004', 'November', 2024, 450000, '1', 0, 0),
(621, 'L4004', 'December', 2024, 450000, '1', 0, 0),
(622, 'L3004', 'February', 2024, 1050000, '1', 0, 0),
(623, 'PS-003', 'January', 2024, 250000, 'PS2024000007', 0, 0),
(624, 'PS-003', 'February', 2024, 250000, 'PS2024000007', 0, 0),
(625, 'PS-003', 'March', 2024, 250000, 'PS2024000007', 0, 0),
(626, 'PS-003', 'April', 2024, 250000, 'PS2024000007', 0, 0),
(627, 'PS-003', 'May', 2024, 250000, 'PS2024000007', 0, 0),
(628, 'PS-003', 'June', 2024, 250000, 'PS2024000007', 0, 0),
(629, 'PS-003', 'July', 2024, 250000, 'PS2024000007', 0, 0),
(630, 'PS-003', 'August', 2024, 250000, 'PS2024000007', 0, 0),
(631, 'PS-003', 'September', 2024, 250000, 'PS2024000007', 0, 0),
(632, 'PS-003', 'October', 2024, 250000, 'PS2024000007', 0, 0),
(633, 'PS-003', 'November', 2024, 250000, 'PS2024000007', 0, 0),
(634, 'PS-003', 'December', 2024, 250000, 'PS2024000007', 0, 0),
(635, 'PS-002', 'January', 2024, 350000, 'PS2024000007', 0, 0),
(636, 'PS-002', 'February', 2024, 350000, 'PS2024000007', 0, 0),
(637, 'PS-002', 'March', 2024, 350000, 'PS2024000007', 0, 0),
(638, 'PS-002', 'April', 2024, 350000, 'PS2024000007', 0, 0),
(639, 'PS-002', 'May', 2024, 350000, 'PS2024000007', 0, 0),
(640, 'PS-002', 'June', 2024, 350000, 'PS2024000007', 0, 0),
(641, 'PS-002', 'July', 2024, 350000, 'PS2024000007', 0, 0),
(642, 'PS-002', 'August', 2024, 350000, 'PS2024000007', 0, 0),
(643, 'PS-002', 'September', 2024, 350000, 'PS2024000007', 0, 0),
(644, 'PS-002', 'October', 2024, 350000, 'PS2024000007', 0, 0),
(645, 'PS-002', 'November', 2024, 350000, 'PS2024000007', 0, 0),
(646, 'PS-002', 'December', 2024, 350000, 'PS2024000007', 0, 0),
(647, 'L4002', 'August', 2024, 250000, '1', 0, 0),
(648, 'L4002', 'July', 2024, 250000, '1', 0, 0),
(649, 'L5005', 'August', 2024, 550000, '1', 0, 0),
(650, 'signgle2', 'January', 2024, 200000, '1', 0, 0),
(651, 'signgle2', 'February', 2024, 200000, '1', 0, 0),
(652, 'signgle2', 'March', 2024, 200000, '1', 0, 0),
(653, 'signgle2', 'April', 2024, 200000, '1', 0, 0),
(654, 'signgle2', 'September', 2024, 780000, '1', 0, 0),
(655, 'PS-004', 'September', 2024, 1000000, 'PS2024000007', 0, 0),
(656, 'G002', 'January', 2024, 650000, '1', 0, 0),
(657, 'G002', 'February', 2024, 650000, '1', 0, 0),
(658, 'G002', 'March', 2024, 650000, '1', 0, 0),
(659, 'G002', 'April', 2024, 650000, '1', 0, 0),
(660, 'G002', 'May', 2024, 650000, '1', 0, 0),
(661, 'G002', 'June', 2024, 650000, '1', 0, 0),
(662, 'G002', 'July', 2024, 650000, '1', 0, 0),
(663, 'G002', 'August', 2024, 650000, '1', 0, 0),
(664, 'G002', 'October', 2024, 650000, '1', 0, 0),
(665, 'G002', 'November', 2024, 650000, '1', 0, 0),
(666, 'G002', 'December', 2024, 650000, '1', 0, 0),
(667, ' K001', 'January', 2024, 500000, '1', 0, 0),
(668, ' K001', 'February', 2024, 500000, '1', 0, 0),
(669, ' K001', 'March', 2024, 500000, '1', 0, 0),
(670, ' K001', 'April', 2024, 500000, '1', 0, 0),
(671, ' K001', 'May', 2024, 500000, '1', 0, 0),
(672, ' K001', 'June', 2024, 500000, '1', 0, 0),
(673, ' K001', 'July', 2024, 500000, '1', 0, 0),
(674, ' K001', 'August', 2024, 500000, '1', 0, 0),
(675, ' K001', 'September', 2024, 500000, '1', 0, 0),
(676, ' K001', 'October', 2024, 500000, '1', 0, 0),
(677, ' K001', 'November', 2024, 500000, '1', 0, 0),
(678, ' K001', 'December', 2024, 500000, '1', 0, 0),
(679, 'L01', 'January', 2024, 950000, 'HA2024000008', 0, 0),
(680, 'L01', 'February', 2024, 950000, 'HA2024000008', 0, 0),
(681, 'L01', 'March', 2024, 950000, 'HA2024000008', 0, 0),
(682, 'L01', 'April', 2024, 950000, 'HA2024000008', 0, 0),
(683, 'L01', 'May', 2024, 950000, 'HA2024000008', 0, 0),
(684, 'L01', 'June', 2024, 950000, 'HA2024000008', 0, 0),
(685, 'L01', 'July', 2024, 950000, 'HA2024000008', 0, 0),
(686, 'L01', 'August', 2024, 950000, 'HA2024000008', 0, 0),
(687, 'L01', 'September', 2024, 950000, 'HA2024000008', 0, 0),
(688, 'L01', 'October', 2024, 950000, 'HA2024000008', 0, 0),
(689, 'L01', 'November', 2024, 950000, 'HA2024000008', 0, 0),
(690, 'L01', 'December', 2024, 950000, 'HA2024000008', 0, 0),
(691, 'L02', 'January', 2024, 950000, 'HA2024000008', 0, 0),
(692, 'L02', 'February', 2024, 950000, 'HA2024000008', 0, 0),
(693, 'L02', 'March', 2024, 950000, 'HA2024000008', 0, 0),
(694, 'L02', 'April', 2024, 950000, 'HA2024000008', 0, 0),
(695, 'L02', 'May', 2024, 950000, 'HA2024000008', 0, 0),
(696, 'L02', 'June', 2024, 950000, 'HA2024000008', 0, 0),
(697, 'L02', 'July', 2024, 950000, 'HA2024000008', 0, 0),
(698, 'L02', 'August', 2024, 950000, 'HA2024000008', 0, 0),
(699, 'L02', 'September', 2024, 950000, 'HA2024000008', 0, 0),
(700, 'L02', 'October', 2024, 950000, 'HA2024000008', 0, 0),
(701, 'L02', 'November', 2024, 950000, 'HA2024000008', 0, 0),
(702, 'L02', 'December', 2024, 950000, 'HA2024000008', 0, 0),
(703, 'L03', 'January', 2024, 950000, 'HA2024000008', 0, 0),
(704, 'L03', 'February', 2024, 950000, 'HA2024000008', 0, 0),
(705, 'L03', 'March', 2024, 950000, 'HA2024000008', 0, 0),
(706, 'L03', 'April', 2024, 950000, 'HA2024000008', 0, 0),
(707, 'L03', 'May', 2024, 950000, 'HA2024000008', 0, 0),
(708, 'L03', 'June', 2024, 950000, 'HA2024000008', 0, 0),
(709, 'L03', 'July', 2024, 950000, 'HA2024000008', 0, 0),
(710, 'L03', 'August', 2024, 950000, 'HA2024000008', 0, 0),
(711, 'L03', 'September', 2024, 950000, 'HA2024000008', 0, 0),
(712, 'L03', 'October', 2024, 950000, 'HA2024000008', 0, 0),
(713, 'L03', 'November', 2024, 950000, 'HA2024000008', 0, 0),
(714, 'L03', 'December', 2024, 950000, 'HA2024000008', 0, 0),
(715, 'L04', 'January', 2024, 950000, 'HA2024000008', 0, 0),
(716, 'L04', 'February', 2024, 950000, 'HA2024000008', 0, 0),
(717, 'L04', 'March', 2024, 950000, 'HA2024000008', 0, 0),
(718, 'L04', 'April', 2024, 950000, 'HA2024000008', 0, 0),
(719, 'L04', 'May', 2024, 950000, 'HA2024000008', 0, 0),
(720, 'L04', 'June', 2024, 950000, 'HA2024000008', 0, 0),
(721, 'L04', 'July', 2024, 950000, 'HA2024000008', 0, 0),
(722, 'L04', 'August', 2024, 950000, 'HA2024000008', 0, 0),
(723, 'L04', 'September', 2024, 950000, 'HA2024000008', 0, 0),
(724, 'L04', 'October', 2024, 950000, 'HA2024000008', 0, 0),
(725, 'L04', 'November', 2024, 950000, 'HA2024000008', 0, 0),
(726, 'L04', 'December', 2024, 950000, 'HA2024000008', 0, 0),
(727, 'L05', 'January', 2024, 950000, 'HA2024000008', 0, 0),
(728, 'L05', 'February', 2024, 950000, 'HA2024000008', 0, 0),
(729, 'L05', 'March', 2024, 950000, 'HA2024000008', 0, 0),
(730, 'L05', 'April', 2024, 950000, 'HA2024000008', 0, 0),
(731, 'L05', 'May', 2024, 950000, 'HA2024000008', 0, 0),
(732, 'L05', 'June', 2024, 950000, 'HA2024000008', 0, 0),
(733, 'L05', 'July', 2024, 950000, 'HA2024000008', 0, 0),
(734, 'L05', 'August', 2024, 950000, 'HA2024000008', 0, 0),
(735, 'L05', 'September', 2024, 950000, 'HA2024000008', 0, 0),
(736, 'L05', 'October', 2024, 950000, 'HA2024000008', 0, 0),
(737, 'L05', 'November', 2024, 950000, 'HA2024000008', 0, 0),
(738, 'L05', 'December', 2024, 950000, 'HA2024000008', 0, 0),
(739, 'L06', 'January', 2024, 950000, 'HA2024000008', 0, 0),
(740, 'L06', 'February', 2024, 950000, 'HA2024000008', 0, 0),
(741, 'L06', 'March', 2024, 950000, 'HA2024000008', 0, 0),
(742, 'L06', 'April', 2024, 950000, 'HA2024000008', 0, 0),
(743, 'L06', 'May', 2024, 950000, 'HA2024000008', 0, 0),
(744, 'L06', 'June', 2024, 950000, 'HA2024000008', 0, 0),
(745, 'L06', 'July', 2024, 950000, 'HA2024000008', 0, 0),
(746, 'L06', 'August', 2024, 950000, 'HA2024000008', 0, 0),
(747, 'L06', 'September', 2024, 950000, 'HA2024000008', 0, 0),
(748, 'L06', 'October', 2024, 950000, 'HA2024000008', 0, 0),
(749, 'L06', 'November', 2024, 950000, 'HA2024000008', 0, 0),
(750, 'L06', 'December', 2024, 950000, 'HA2024000008', 0, 0),
(751, 'L07', 'January', 2024, 950000, 'HA2024000008', 0, 0),
(752, 'L07', 'February', 2024, 950000, 'HA2024000008', 0, 0),
(753, 'L07', 'March', 2024, 950000, 'HA2024000008', 0, 0),
(754, 'L07', 'April', 2024, 950000, 'HA2024000008', 0, 0),
(755, 'L07', 'May', 2024, 950000, 'HA2024000008', 0, 0),
(756, 'L07', 'June', 2024, 950000, 'HA2024000008', 0, 0),
(757, 'L07', 'July', 2024, 950000, 'HA2024000008', 0, 0),
(758, 'L07', 'August', 2024, 950000, 'HA2024000008', 0, 0),
(759, 'L07', 'September', 2024, 950000, 'HA2024000008', 0, 0),
(760, 'L07', 'October', 2024, 950000, 'HA2024000008', 0, 0),
(761, 'L07', 'November', 2024, 950000, 'HA2024000008', 0, 0),
(762, 'L07', 'December', 2024, 950000, 'HA2024000008', 0, 0),
(763, 'L08', 'January', 2024, 870000, 'HA2024000008', 0, 0),
(764, 'L08', 'February', 2024, 870000, 'HA2024000008', 0, 0),
(765, 'L08', 'March', 2024, 870000, 'HA2024000008', 0, 0),
(766, 'L08', 'April', 2024, 870000, 'HA2024000008', 0, 0),
(767, 'L08', 'May', 2024, 870000, 'HA2024000008', 0, 0),
(768, 'L08', 'June', 2024, 870000, 'HA2024000008', 0, 0),
(769, 'L08', 'July', 2024, 870000, 'HA2024000008', 0, 0),
(770, 'L08', 'August', 2024, 870000, 'HA2024000008', 0, 0),
(771, 'L08', 'September', 2024, 870000, 'HA2024000008', 0, 0),
(772, 'L08', 'October', 2024, 870000, 'HA2024000008', 0, 0),
(773, 'L08', 'November', 2024, 870000, 'HA2024000008', 0, 0),
(774, 'L08', 'December', 2024, 870000, 'HA2024000008', 0, 0),
(775, 'L09', 'January', 2024, 870000, 'HA2024000008', 0, 0),
(776, 'L09', 'February', 2024, 870000, 'HA2024000008', 0, 0),
(777, 'L09', 'March', 2024, 870000, 'HA2024000008', 0, 0),
(778, 'L09', 'April', 2024, 870000, 'HA2024000008', 0, 0),
(779, 'L09', 'May', 2024, 870000, 'HA2024000008', 0, 0),
(780, 'L09', 'June', 2024, 870000, 'HA2024000008', 0, 0),
(781, 'L09', 'July', 2024, 870000, 'HA2024000008', 0, 0),
(782, 'L09', 'August', 2024, 870000, 'HA2024000008', 0, 0),
(783, 'L09', 'September', 2024, 870000, 'HA2024000008', 0, 0),
(784, 'L09', 'October', 2024, 870000, 'HA2024000008', 0, 0),
(785, 'L09', 'November', 2024, 870000, 'HA2024000008', 0, 0),
(786, 'L09', 'December', 2024, 870000, 'HA2024000008', 0, 0),
(787, 'L10', 'January', 2024, 870000, 'HA2024000008', 0, 0),
(788, 'L10', 'February', 2024, 870000, 'HA2024000008', 0, 0),
(789, 'L10', 'March', 2024, 870000, 'HA2024000008', 0, 0),
(790, 'L10', 'April', 2024, 870000, 'HA2024000008', 0, 0),
(791, 'L10', 'May', 2024, 870000, 'HA2024000008', 0, 0),
(792, 'L10', 'June', 2024, 870000, 'HA2024000008', 0, 0),
(793, 'L10', 'July', 2024, 870000, 'HA2024000008', 0, 0),
(794, 'L10', 'August', 2024, 870000, 'HA2024000008', 0, 0),
(795, 'L10', 'September', 2024, 870000, 'HA2024000008', 0, 0),
(796, 'L10', 'October', 2024, 870000, 'HA2024000008', 0, 0),
(797, 'L10', 'November', 2024, 870000, 'HA2024000008', 0, 0),
(798, 'L10', 'December', 2024, 870000, 'HA2024000008', 0, 0),
(799, 'M01', 'January', 2024, 800000, 'HA2024000008', 0, 0),
(800, 'M01', 'February', 2024, 800000, 'HA2024000008', 0, 0),
(801, 'M01', 'March', 2024, 800000, 'HA2024000008', 0, 0),
(802, 'M01', 'April', 2024, 800000, 'HA2024000008', 0, 0),
(803, 'M01', 'May', 2024, 800000, 'HA2024000008', 0, 0),
(804, 'M01', 'June', 2024, 800000, 'HA2024000008', 0, 0),
(805, 'M01', 'July', 2024, 800000, 'HA2024000008', 0, 0),
(806, 'M01', 'August', 2024, 800000, 'HA2024000008', 0, 0),
(807, 'M01', 'September', 2024, 800000, 'HA2024000008', 0, 0),
(808, 'M01', 'October', 2024, 800000, 'HA2024000008', 0, 0),
(809, 'M01', 'November', 2024, 800000, 'HA2024000008', 0, 0),
(810, 'M01', 'December', 2024, 800000, 'HA2024000008', 0, 0),
(811, 'M02', 'January', 2024, 800000, 'HA2024000008', 0, 0),
(812, 'M02', 'February', 2024, 800000, 'HA2024000008', 0, 0),
(813, 'M02', 'March', 2024, 800000, 'HA2024000008', 0, 0),
(814, 'M02', 'April', 2024, 800000, 'HA2024000008', 0, 0),
(815, 'M02', 'May', 2024, 800000, 'HA2024000008', 0, 0),
(816, 'M02', 'June', 2024, 800000, 'HA2024000008', 0, 0),
(817, 'M02', 'July', 2024, 800000, 'HA2024000008', 0, 0),
(818, 'M02', 'August', 2024, 800000, 'HA2024000008', 0, 0),
(819, 'M02', 'September', 2024, 800000, 'HA2024000008', 0, 0),
(820, 'M02', 'October', 2024, 800000, 'HA2024000008', 0, 0),
(821, 'M02', 'November', 2024, 800000, 'HA2024000008', 0, 0),
(822, 'M02', 'December', 2024, 800000, 'HA2024000008', 0, 0),
(823, 'M03', 'January', 2024, 800000, 'HA2024000008', 0, 0),
(824, 'M03', 'February', 2024, 800000, 'HA2024000008', 0, 0),
(825, 'M03', 'March', 2024, 800000, 'HA2024000008', 0, 0),
(826, 'M03', 'April', 2024, 800000, 'HA2024000008', 0, 0),
(827, 'M03', 'May', 2024, 800000, 'HA2024000008', 0, 0),
(828, 'M03', 'June', 2024, 800000, 'HA2024000008', 0, 0),
(829, 'M03', 'July', 2024, 800000, 'HA2024000008', 0, 0),
(830, 'M03', 'August', 2024, 800000, 'HA2024000008', 0, 0),
(831, 'M03', 'September', 2024, 800000, 'HA2024000008', 0, 0),
(832, 'M03', 'October', 2024, 800000, 'HA2024000008', 0, 0),
(833, 'M03', 'November', 2024, 800000, 'HA2024000008', 0, 0),
(834, 'M03', 'December', 2024, 800000, 'HA2024000008', 0, 0),
(835, 'S01', 'January', 2024, 750000, 'HA2024000008', 0, 0),
(836, 'S01', 'February', 2024, 750000, 'HA2024000008', 0, 0),
(837, 'S01', 'March', 2024, 750000, 'HA2024000008', 0, 0),
(838, 'S01', 'April', 2024, 750000, 'HA2024000008', 0, 0),
(839, 'S01', 'May', 2024, 750000, 'HA2024000008', 0, 0),
(840, 'S01', 'June', 2024, 750000, 'HA2024000008', 0, 0),
(841, 'S01', 'July', 2024, 750000, 'HA2024000008', 0, 0),
(842, 'S01', 'August', 2024, 750000, 'HA2024000008', 0, 0),
(843, 'S01', 'September', 2024, 750000, 'HA2024000008', 0, 0),
(844, 'S01', 'October', 2024, 750000, 'HA2024000008', 0, 0),
(845, 'S01', 'November', 2024, 750000, 'HA2024000008', 0, 0),
(846, 'S01', 'December', 2024, 750000, 'HA2024000008', 0, 0),
(847, 'S02', 'January', 2024, 750000, 'HA2024000008', 0, 0),
(848, 'S02', 'February', 2024, 750000, 'HA2024000008', 0, 0),
(849, 'S02', 'March', 2024, 750000, 'HA2024000008', 0, 0),
(850, 'S02', 'April', 2024, 750000, 'HA2024000008', 0, 0),
(851, 'S02', 'May', 2024, 750000, 'HA2024000008', 0, 0),
(852, 'S02', 'June', 2024, 750000, 'HA2024000008', 0, 0),
(853, 'S02', 'July', 2024, 750000, 'HA2024000008', 0, 0),
(854, 'S02', 'August', 2024, 750000, 'HA2024000008', 0, 0),
(855, 'S02', 'September', 2024, 750000, 'HA2024000008', 0, 0),
(856, 'S02', 'October', 2024, 750000, 'HA2024000008', 0, 0),
(857, 'S02', 'November', 2024, 750000, 'HA2024000008', 0, 0),
(858, 'S02', 'December', 2024, 750000, 'HA2024000008', 0, 0),
(859, 'S03', 'January', 2024, 750000, 'HA2024000008', 0, 0),
(860, 'S03', 'February', 2024, 750000, 'HA2024000008', 0, 0),
(861, 'S03', 'March', 2024, 750000, 'HA2024000008', 0, 0),
(862, 'S03', 'April', 2024, 750000, 'HA2024000008', 0, 0),
(863, 'S03', 'May', 2024, 750000, 'HA2024000008', 0, 0),
(864, 'S03', 'June', 2024, 750000, 'HA2024000008', 0, 0),
(865, 'S03', 'July', 2024, 750000, 'HA2024000008', 0, 0),
(866, 'S03', 'August', 2024, 750000, 'HA2024000008', 0, 0),
(867, 'S03', 'September', 2024, 750000, 'HA2024000008', 0, 0),
(868, 'S03', 'October', 2024, 750000, 'HA2024000008', 0, 0),
(869, 'S03', 'November', 2024, 750000, 'HA2024000008', 0, 0),
(870, 'S03', 'December', 2024, 750000, 'HA2024000008', 0, 0),
(871, 'S04', 'January', 2024, 750000, 'HA2024000008', 0, 0),
(872, 'S04', 'February', 2024, 750000, 'HA2024000008', 0, 0),
(873, 'S04', 'March', 2024, 750000, 'HA2024000008', 0, 0),
(874, 'S04', 'April', 2024, 750000, 'HA2024000008', 0, 0),
(875, 'S04', 'May', 2024, 750000, 'HA2024000008', 0, 0),
(876, 'S04', 'June', 2024, 750000, 'HA2024000008', 0, 0),
(877, 'S04', 'July', 2024, 750000, 'HA2024000008', 0, 0),
(878, 'S04', 'August', 2024, 750000, 'HA2024000008', 0, 0),
(879, 'S04', 'September', 2024, 750000, 'HA2024000008', 0, 0),
(880, 'S04', 'October', 2024, 750000, 'HA2024000008', 0, 0),
(881, 'S04', 'November', 2024, 750000, 'HA2024000008', 0, 0),
(882, 'S04', 'December', 2024, 750000, 'HA2024000008', 0, 0),
(883, 'S05', 'January', 2024, 750000, 'HA2024000008', 0, 0),
(884, 'S05', 'February', 2024, 750000, 'HA2024000008', 0, 0),
(885, 'S05', 'March', 2024, 750000, 'HA2024000008', 0, 0),
(886, 'S05', 'April', 2024, 750000, 'HA2024000008', 0, 0),
(887, 'S05', 'May', 2024, 750000, 'HA2024000008', 0, 0),
(888, 'S05', 'June', 2024, 750000, 'HA2024000008', 0, 0),
(889, 'S05', 'July', 2024, 750000, 'HA2024000008', 0, 0),
(890, 'S05', 'August', 2024, 750000, 'HA2024000008', 0, 0),
(891, 'S05', 'September', 2024, 750000, 'HA2024000008', 0, 0),
(892, 'S05', 'October', 2024, 750000, 'HA2024000008', 0, 0),
(893, 'S05', 'November', 2024, 750000, 'HA2024000008', 0, 0),
(894, 'S05', 'December', 2024, 750000, 'HA2024000008', 0, 0),
(895, 'AP', 'January', 2024, 900000, 'HA2024000008', 0, 0),
(896, 'AP', 'February', 2024, 900000, 'HA2024000008', 0, 0),
(897, 'AP', 'March', 2024, 900000, 'HA2024000008', 0, 0),
(898, 'AP', 'April', 2024, 900000, 'HA2024000008', 0, 0),
(899, 'AP', 'May', 2024, 900000, 'HA2024000008', 0, 0),
(900, 'AP', 'June', 2024, 900000, 'HA2024000008', 0, 0),
(901, 'AP', 'July', 2024, 900000, 'HA2024000008', 0, 0),
(902, 'AP', 'August', 2024, 900000, 'HA2024000008', 0, 0),
(903, 'AP', 'September', 2024, 900000, 'HA2024000008', 0, 0),
(904, 'AP', 'October', 2024, 900000, 'HA2024000008', 0, 0),
(905, 'AP', 'November', 2024, 900000, 'HA2024000008', 0, 0),
(906, 'AP', 'December', 2024, 900000, 'HA2024000008', 0, 0),
(907, 'BB', 'January', 2024, 800000, 'HA2024000008', 0, 0),
(908, 'BB', 'February', 2024, 800000, 'HA2024000008', 0, 0),
(909, 'BB', 'March', 2024, 800000, 'HA2024000008', 0, 0),
(910, 'BB', 'April', 2024, 800000, 'HA2024000008', 0, 0),
(911, 'BB', 'May', 2024, 800000, 'HA2024000008', 0, 0),
(912, 'BB', 'June', 2024, 800000, 'HA2024000008', 0, 0),
(913, 'BB', 'July', 2024, 800000, 'HA2024000008', 0, 0),
(914, 'BB', 'August', 2024, 800000, 'HA2024000008', 0, 0),
(915, 'BB', 'September', 2024, 800000, 'HA2024000008', 0, 0),
(916, 'BB', 'October', 2024, 800000, 'HA2024000008', 0, 0),
(917, 'BB', 'November', 2024, 800000, 'HA2024000008', 0, 0),
(918, 'BB', 'December', 2024, 800000, 'HA2024000008', 0, 0),
(919, 'CC', 'January', 2024, 850000, 'HA2024000008', 0, 0),
(920, 'CC', 'February', 2024, 850000, 'HA2024000008', 0, 0),
(921, 'CC', 'March', 2024, 850000, 'HA2024000008', 0, 0),
(922, 'CC', 'April', 2024, 850000, 'HA2024000008', 0, 0),
(923, 'CC', 'May', 2024, 850000, 'HA2024000008', 0, 0),
(924, 'CC', 'June', 2024, 850000, 'HA2024000008', 0, 0),
(925, 'CC', 'July', 2024, 850000, 'HA2024000008', 0, 0),
(926, 'CC', 'August', 2024, 850000, 'HA2024000008', 0, 0),
(927, 'CC', 'September', 2024, 850000, 'HA2024000008', 0, 0);
INSERT INTO `house_data` (`ID`, `house_id`, `month`, `year`, `price`, `shopid`, `account_type`, `no_of_records`) VALUES
(928, 'CC', 'October', 2024, 850000, 'HA2024000008', 0, 0),
(929, 'CC', 'November', 2024, 850000, 'HA2024000008', 0, 0),
(930, 'CC', 'December', 2024, 850000, 'HA2024000008', 0, 0),
(931, 'DD', 'January', 2024, 850000, 'HA2024000008', 0, 0),
(932, 'DD', 'February', 2024, 850000, 'HA2024000008', 0, 0),
(933, 'DD', 'March', 2024, 850000, 'HA2024000008', 0, 0),
(934, 'DD', 'April', 2024, 850000, 'HA2024000008', 0, 0),
(935, 'DD', 'May', 2024, 850000, 'HA2024000008', 0, 0),
(936, 'DD', 'June', 2024, 850000, 'HA2024000008', 0, 0),
(937, 'DD', 'July', 2024, 850000, 'HA2024000008', 0, 0),
(938, 'DD', 'August', 2024, 850000, 'HA2024000008', 0, 0),
(939, 'DD', 'September', 2024, 850000, 'HA2024000008', 0, 0),
(940, 'DD', 'October', 2024, 850000, 'HA2024000008', 0, 0),
(941, 'DD', 'November', 2024, 850000, 'HA2024000008', 0, 0),
(942, 'DD', 'December', 2024, 850000, 'HA2024000008', 0, 0),
(943, 'EE', 'January', 2024, 900000, 'HA2024000008', 0, 0),
(944, 'EE', 'February', 2024, 900000, 'HA2024000008', 0, 0),
(945, 'EE', 'March', 2024, 900000, 'HA2024000008', 0, 0),
(946, 'EE', 'April', 2024, 900000, 'HA2024000008', 0, 0),
(947, 'EE', 'May', 2024, 900000, 'HA2024000008', 0, 0),
(948, 'EE', 'June', 2024, 900000, 'HA2024000008', 0, 0),
(949, 'EE', 'July', 2024, 900000, 'HA2024000008', 0, 0),
(950, 'EE', 'August', 2024, 900000, 'HA2024000008', 0, 0),
(951, 'EE', 'September', 2024, 900000, 'HA2024000008', 0, 0),
(952, 'EE', 'October', 2024, 900000, 'HA2024000008', 0, 0),
(953, 'EE', 'November', 2024, 900000, 'HA2024000008', 0, 0),
(954, 'EE', 'December', 2024, 900000, 'HA2024000008', 0, 0),
(955, 'GG', 'January', 2024, 800000, 'HA2024000008', 0, 0),
(956, 'GG', 'February', 2024, 800000, 'HA2024000008', 0, 0),
(957, 'GG', 'March', 2024, 800000, 'HA2024000008', 0, 0),
(958, 'GG', 'April', 2024, 800000, 'HA2024000008', 0, 0),
(959, 'GG', 'May', 2024, 800000, 'HA2024000008', 0, 0),
(960, 'GG', 'June', 2024, 800000, 'HA2024000008', 0, 0),
(961, 'GG', 'July', 2024, 800000, 'HA2024000008', 0, 0),
(962, 'GG', 'August', 2024, 800000, 'HA2024000008', 0, 0),
(963, 'GG', 'September', 2024, 800000, 'HA2024000008', 0, 0),
(964, 'GG', 'October', 2024, 800000, 'HA2024000008', 0, 0),
(965, 'GG', 'November', 2024, 800000, 'HA2024000008', 0, 0),
(966, 'GG', 'December', 2024, 800000, 'HA2024000008', 0, 0),
(967, 'HH', 'January', 2024, 900000, 'HA2024000008', 0, 0),
(968, 'HH', 'February', 2024, 900000, 'HA2024000008', 0, 0),
(969, 'HH', 'March', 2024, 900000, 'HA2024000008', 0, 0),
(970, 'HH', 'April', 2024, 900000, 'HA2024000008', 0, 0),
(971, 'HH', 'May', 2024, 900000, 'HA2024000008', 0, 0),
(972, 'HH', 'June', 2024, 900000, 'HA2024000008', 0, 0),
(973, 'HH', 'July', 2024, 900000, 'HA2024000008', 0, 0),
(974, 'HH', 'August', 2024, 900000, 'HA2024000008', 0, 0),
(975, 'HH', 'September', 2024, 900000, 'HA2024000008', 0, 0),
(976, 'HH', 'October', 2024, 900000, 'HA2024000008', 0, 0),
(977, 'HH', 'November', 2024, 900000, 'HA2024000008', 0, 0),
(978, 'HH', 'December', 2024, 900000, 'HA2024000008', 0, 0),
(979, 'JJ', 'January', 2024, 850000, 'HA2024000008', 0, 0),
(980, 'JJ', 'February', 2024, 850000, 'HA2024000008', 0, 0),
(981, 'JJ', 'March', 2024, 850000, 'HA2024000008', 0, 0),
(982, 'JJ', 'April', 2024, 850000, 'HA2024000008', 0, 0),
(983, 'JJ', 'May', 2024, 850000, 'HA2024000008', 0, 0),
(984, 'JJ', 'June', 2024, 850000, 'HA2024000008', 0, 0),
(985, 'JJ', 'July', 2024, 850000, 'HA2024000008', 0, 0),
(986, 'JJ', 'August', 2024, 850000, 'HA2024000008', 0, 0),
(987, 'JJ', 'September', 2024, 850000, 'HA2024000008', 0, 0),
(988, 'JJ', 'October', 2024, 850000, 'HA2024000008', 0, 0),
(989, 'JJ', 'November', 2024, 850000, 'HA2024000008', 0, 0),
(990, 'JJ', 'December', 2024, 850000, 'HA2024000008', 0, 0),
(991, 'KK', 'January', 2024, 900000, 'HA2024000008', 0, 0),
(992, 'KK', 'February', 2024, 900000, 'HA2024000008', 0, 0),
(993, 'KK', 'March', 2024, 900000, 'HA2024000008', 0, 0),
(994, 'KK', 'April', 2024, 900000, 'HA2024000008', 0, 0),
(995, 'KK', 'May', 2024, 900000, 'HA2024000008', 0, 0),
(996, 'KK', 'June', 2024, 900000, 'HA2024000008', 0, 0),
(997, 'KK', 'July', 2024, 900000, 'HA2024000008', 0, 0),
(998, 'KK', 'August', 2024, 900000, 'HA2024000008', 0, 0),
(999, 'KK', 'September', 2024, 900000, 'HA2024000008', 0, 0),
(1000, 'KK', 'October', 2024, 900000, 'HA2024000008', 0, 0),
(1001, 'KK', 'November', 2024, 900000, 'HA2024000008', 0, 0),
(1002, 'KK', 'December', 2024, 900000, 'HA2024000008', 0, 0),
(1003, 'A1', 'January', 2024, 700000, 'HA2024000008', 0, 0),
(1004, 'A1', 'February', 2024, 700000, 'HA2024000008', 0, 0),
(1005, 'A1', 'March', 2024, 700000, 'HA2024000008', 0, 0),
(1006, 'A1', 'April', 2024, 700000, 'HA2024000008', 0, 0),
(1007, 'A1', 'May', 2024, 700000, 'HA2024000008', 0, 0),
(1008, 'A1', 'June', 2024, 700000, 'HA2024000008', 0, 0),
(1009, 'A1', 'July', 2024, 700000, 'HA2024000008', 0, 0),
(1010, 'A1', 'August', 2024, 700000, 'HA2024000008', 0, 0),
(1011, 'A1', 'September', 2024, 700000, 'HA2024000008', 0, 0),
(1012, 'A1', 'October', 2024, 700000, 'HA2024000008', 0, 0),
(1013, 'A1', 'November', 2024, 700000, 'HA2024000008', 0, 0),
(1014, 'A1', 'December', 2024, 700000, 'HA2024000008', 0, 0),
(1015, 'A2', 'January', 2024, 700000, 'HA2024000008', 0, 0),
(1016, 'A2', 'February', 2024, 700000, 'HA2024000008', 0, 0),
(1017, 'A2', 'March', 2024, 700000, 'HA2024000008', 0, 0),
(1018, 'A2', 'April', 2024, 700000, 'HA2024000008', 0, 0),
(1019, 'A2', 'May', 2024, 700000, 'HA2024000008', 0, 0),
(1020, 'A2', 'June', 2024, 700000, 'HA2024000008', 0, 0),
(1021, 'A2', 'July', 2024, 700000, 'HA2024000008', 0, 0),
(1022, 'A2', 'August', 2024, 700000, 'HA2024000008', 0, 0),
(1023, 'A2', 'September', 2024, 700000, 'HA2024000008', 0, 0),
(1024, 'A2', 'October', 2024, 700000, 'HA2024000008', 0, 0),
(1025, 'A2', 'November', 2024, 700000, 'HA2024000008', 0, 0),
(1026, 'A2', 'December', 2024, 700000, 'HA2024000008', 0, 0),
(1027, 'A3', 'January', 2024, 700000, 'HA2024000008', 0, 0),
(1028, 'A3', 'February', 2024, 700000, 'HA2024000008', 0, 0),
(1029, 'A3', 'March', 2024, 700000, 'HA2024000008', 0, 0),
(1030, 'A3', 'April', 2024, 700000, 'HA2024000008', 0, 0),
(1031, 'A3', 'May', 2024, 700000, 'HA2024000008', 0, 0),
(1032, 'A3', 'June', 2024, 700000, 'HA2024000008', 0, 0),
(1033, 'A3', 'July', 2024, 700000, 'HA2024000008', 0, 0),
(1034, 'A3', 'August', 2024, 700000, 'HA2024000008', 0, 0),
(1035, 'A3', 'September', 2024, 700000, 'HA2024000008', 0, 0),
(1036, 'A3', 'October', 2024, 700000, 'HA2024000008', 0, 0),
(1037, 'A3', 'November', 2024, 700000, 'HA2024000008', 0, 0),
(1038, 'A3', 'December', 2024, 700000, 'HA2024000008', 0, 0),
(1039, 'A', 'January', 2024, 800000, 'HA2024000008', 0, 0),
(1040, 'A', 'February', 2024, 800000, 'HA2024000008', 0, 0),
(1041, 'A', 'March', 2024, 800000, 'HA2024000008', 0, 0),
(1042, 'A', 'April', 2024, 800000, 'HA2024000008', 0, 0),
(1043, 'A', 'May', 2024, 800000, 'HA2024000008', 0, 0),
(1044, 'A', 'June', 2024, 800000, 'HA2024000008', 0, 0),
(1045, 'A', 'July', 2024, 800000, 'HA2024000008', 0, 0),
(1046, 'A', 'August', 2024, 800000, 'HA2024000008', 0, 0),
(1047, 'A', 'September', 2024, 800000, 'HA2024000008', 0, 0),
(1048, 'A', 'October', 2024, 800000, 'HA2024000008', 0, 0),
(1049, 'A', 'November', 2024, 800000, 'HA2024000008', 0, 0),
(1050, 'A', 'December', 2024, 800000, 'HA2024000008', 0, 0),
(1051, 'B', 'January', 2024, 900000, 'HA2024000008', 0, 0),
(1052, 'B', 'February', 2024, 900000, 'HA2024000008', 0, 0),
(1053, 'B', 'March', 2024, 900000, 'HA2024000008', 0, 0),
(1054, 'B', 'April', 2024, 900000, 'HA2024000008', 0, 0),
(1055, 'B', 'May', 2024, 900000, 'HA2024000008', 0, 0),
(1056, 'B', 'June', 2024, 900000, 'HA2024000008', 0, 0),
(1057, 'B', 'July', 2024, 900000, 'HA2024000008', 0, 0),
(1058, 'B', 'August', 2024, 900000, 'HA2024000008', 0, 0),
(1059, 'B', 'September', 2024, 900000, 'HA2024000008', 0, 0),
(1060, 'B', 'October', 2024, 900000, 'HA2024000008', 0, 0),
(1061, 'B', 'November', 2024, 900000, 'HA2024000008', 0, 0),
(1062, 'B', 'December', 2024, 900000, 'HA2024000008', 0, 0),
(1063, 'A01', 'January', 2024, 300000, 'HA2024000008', 0, 0),
(1064, 'A01', 'February', 2024, 300000, 'HA2024000008', 0, 0),
(1065, 'A01', 'March', 2024, 300000, 'HA2024000008', 0, 0),
(1066, 'A01', 'April', 2024, 300000, 'HA2024000008', 0, 0),
(1067, 'A01', 'May', 2024, 300000, 'HA2024000008', 0, 0),
(1068, 'A01', 'June', 2024, 300000, 'HA2024000008', 0, 0),
(1069, 'A01', 'July', 2024, 300000, 'HA2024000008', 0, 0),
(1070, 'A01', 'August', 2024, 300000, 'HA2024000008', 0, 0),
(1071, 'A01', 'September', 2024, 300000, 'HA2024000008', 0, 0),
(1072, 'A01', 'October', 2024, 300000, 'HA2024000008', 0, 0),
(1073, 'A01', 'November', 2024, 300000, 'HA2024000008', 0, 0),
(1074, 'A01', 'December', 2024, 300000, 'HA2024000008', 0, 0),
(1075, 'B01', 'January', 2024, 300000, 'HA2024000008', 0, 0),
(1076, 'B01', 'February', 2024, 300000, 'HA2024000008', 0, 0),
(1077, 'B01', 'March', 2024, 300000, 'HA2024000008', 0, 0),
(1078, 'B01', 'April', 2024, 300000, 'HA2024000008', 0, 0),
(1079, 'B01', 'May', 2024, 300000, 'HA2024000008', 0, 0),
(1080, 'B01', 'June', 2024, 300000, 'HA2024000008', 0, 0),
(1081, 'B01', 'July', 2024, 300000, 'HA2024000008', 0, 0),
(1082, 'B01', 'August', 2024, 300000, 'HA2024000008', 0, 0),
(1083, 'B01', 'September', 2024, 300000, 'HA2024000008', 0, 0),
(1084, 'B01', 'October', 2024, 300000, 'HA2024000008', 0, 0),
(1085, 'B01', 'November', 2024, 300000, 'HA2024000008', 0, 0),
(1086, 'B01', 'December', 2024, 300000, 'HA2024000008', 0, 0),
(1087, 'C', 'January', 2024, 300000, 'HA2024000008', 0, 0),
(1088, 'C', 'February', 2024, 300000, 'HA2024000008', 0, 0),
(1089, 'C', 'March', 2024, 300000, 'HA2024000008', 0, 0),
(1090, 'C', 'April', 2024, 300000, 'HA2024000008', 0, 0),
(1091, 'C', 'May', 2024, 300000, 'HA2024000008', 0, 0),
(1092, 'C', 'June', 2024, 300000, 'HA2024000008', 0, 0),
(1093, 'C', 'July', 2024, 300000, 'HA2024000008', 0, 0),
(1094, 'C', 'August', 2024, 300000, 'HA2024000008', 0, 0),
(1095, 'C', 'September', 2024, 300000, 'HA2024000008', 0, 0),
(1096, 'C', 'October', 2024, 300000, 'HA2024000008', 0, 0),
(1097, 'C', 'November', 2024, 300000, 'HA2024000008', 0, 0),
(1098, 'C', 'December', 2024, 300000, 'HA2024000008', 0, 0),
(1099, 'D', 'January', 2024, 300000, 'HA2024000008', 0, 0),
(1100, 'D', 'February', 2024, 300000, 'HA2024000008', 0, 0),
(1101, 'D', 'March', 2024, 300000, 'HA2024000008', 0, 0),
(1102, 'D', 'April', 2024, 300000, 'HA2024000008', 0, 0),
(1103, 'D', 'May', 2024, 300000, 'HA2024000008', 0, 0),
(1104, 'D', 'June', 2024, 300000, 'HA2024000008', 0, 0),
(1105, 'D', 'July', 2024, 300000, 'HA2024000008', 0, 0),
(1106, 'D', 'August', 2024, 300000, 'HA2024000008', 0, 0),
(1107, 'D', 'September', 2024, 300000, 'HA2024000008', 0, 0),
(1108, 'D', 'October', 2024, 300000, 'HA2024000008', 0, 0),
(1109, 'D', 'November', 2024, 300000, 'HA2024000008', 0, 0),
(1110, 'D', 'December', 2024, 300000, 'HA2024000008', 0, 0),
(1111, 'E', 'January', 2024, 300000, 'HA2024000008', 0, 0),
(1112, 'E', 'February', 2024, 300000, 'HA2024000008', 0, 0),
(1113, 'E', 'March', 2024, 300000, 'HA2024000008', 0, 0),
(1114, 'E', 'April', 2024, 300000, 'HA2024000008', 0, 0),
(1115, 'E', 'May', 2024, 300000, 'HA2024000008', 0, 0),
(1116, 'E', 'June', 2024, 300000, 'HA2024000008', 0, 0),
(1117, 'E', 'July', 2024, 300000, 'HA2024000008', 0, 0),
(1118, 'E', 'August', 2024, 300000, 'HA2024000008', 0, 0),
(1119, 'E', 'September', 2024, 300000, 'HA2024000008', 0, 0),
(1120, 'E', 'October', 2024, 300000, 'HA2024000008', 0, 0),
(1121, 'E', 'November', 2024, 300000, 'HA2024000008', 0, 0),
(1122, 'E', 'December', 2024, 300000, 'HA2024000008', 0, 0),
(1123, 'F', 'January', 2024, 300000, 'HA2024000008', 0, 0),
(1124, 'F', 'February', 2024, 300000, 'HA2024000008', 0, 0),
(1125, 'F', 'March', 2024, 300000, 'HA2024000008', 0, 0),
(1126, 'F', 'April', 2024, 300000, 'HA2024000008', 0, 0),
(1127, 'F', 'May', 2024, 300000, 'HA2024000008', 0, 0),
(1128, 'F', 'June', 2024, 300000, 'HA2024000008', 0, 0),
(1129, 'F', 'July', 2024, 300000, 'HA2024000008', 0, 0),
(1130, 'F', 'August', 2024, 300000, 'HA2024000008', 0, 0),
(1131, 'F', 'September', 2024, 300000, 'HA2024000008', 0, 0),
(1132, 'F', 'October', 2024, 300000, 'HA2024000008', 0, 0),
(1133, 'F', 'November', 2024, 300000, 'HA2024000008', 0, 0),
(1134, 'F', 'December', 2024, 300000, 'HA2024000008', 0, 0),
(1135, 'HS1', 'January', 2024, 300000, 'HA2024000008', 0, 0),
(1136, 'HS1', 'February', 2024, 300000, 'HA2024000008', 0, 0),
(1137, 'HS1', 'March', 2024, 300000, 'HA2024000008', 0, 0),
(1138, 'HS1', 'April', 2024, 300000, 'HA2024000008', 0, 0),
(1139, 'HS1', 'May', 2024, 300000, 'HA2024000008', 0, 0),
(1140, 'HS1', 'June', 2024, 300000, 'HA2024000008', 0, 0),
(1141, 'HS1', 'July', 2024, 300000, 'HA2024000008', 0, 0),
(1142, 'HS1', 'August', 2024, 300000, 'HA2024000008', 0, 0),
(1143, 'HS1', 'September', 2024, 300000, 'HA2024000008', 0, 0),
(1144, 'HS1', 'October', 2024, 300000, 'HA2024000008', 0, 0),
(1145, 'HS1', 'November', 2024, 300000, 'HA2024000008', 0, 0),
(1146, 'HS1', 'December', 2024, 300000, 'HA2024000008', 0, 0),
(1147, 'HS2', 'January', 2024, 300000, 'HA2024000008', 0, 0),
(1148, 'HS2', 'February', 2024, 300000, 'HA2024000008', 0, 0),
(1149, 'HS2', 'March', 2024, 300000, 'HA2024000008', 0, 0),
(1150, 'HS2', 'April', 2024, 300000, 'HA2024000008', 0, 0),
(1151, 'HS2', 'May', 2024, 300000, 'HA2024000008', 0, 0),
(1152, 'HS2', 'June', 2024, 300000, 'HA2024000008', 0, 0),
(1153, 'HS2', 'July', 2024, 300000, 'HA2024000008', 0, 0),
(1154, 'HS2', 'August', 2024, 300000, 'HA2024000008', 0, 0),
(1155, 'HS2', 'September', 2024, 300000, 'HA2024000008', 0, 0),
(1156, 'HS2', 'October', 2024, 300000, 'HA2024000008', 0, 0),
(1157, 'HS2', 'November', 2024, 300000, 'HA2024000008', 0, 0),
(1158, 'HS2', 'December', 2024, 300000, 'HA2024000008', 0, 0),
(1159, 'HS3', 'January', 2024, 300000, 'HA2024000008', 0, 0),
(1160, 'HS3', 'February', 2024, 300000, 'HA2024000008', 0, 0),
(1161, 'HS3', 'March', 2024, 300000, 'HA2024000008', 0, 0),
(1162, 'HS3', 'April', 2024, 300000, 'HA2024000008', 0, 0),
(1163, 'HS3', 'May', 2024, 300000, 'HA2024000008', 0, 0),
(1164, 'HS3', 'June', 2024, 300000, 'HA2024000008', 0, 0),
(1165, 'HS3', 'July', 2024, 300000, 'HA2024000008', 0, 0),
(1166, 'HS3', 'August', 2024, 300000, 'HA2024000008', 0, 0),
(1167, 'HS3', 'September', 2024, 300000, 'HA2024000008', 0, 0),
(1168, 'HS3', 'October', 2024, 300000, 'HA2024000008', 0, 0),
(1169, 'HS3', 'November', 2024, 300000, 'HA2024000008', 0, 0),
(1170, 'HS3', 'December', 2024, 300000, 'HA2024000008', 0, 0),
(1171, 'HS4', 'January', 2024, 300000, 'HA2024000008', 0, 0),
(1172, 'HS4', 'February', 2024, 300000, 'HA2024000008', 0, 0),
(1173, 'HS4', 'March', 2024, 300000, 'HA2024000008', 0, 0),
(1174, 'HS4', 'April', 2024, 300000, 'HA2024000008', 0, 0),
(1175, 'HS4', 'May', 2024, 300000, 'HA2024000008', 0, 0),
(1176, 'HS4', 'June', 2024, 300000, 'HA2024000008', 0, 0),
(1177, 'HS4', 'July', 2024, 300000, 'HA2024000008', 0, 0),
(1178, 'HS4', 'August', 2024, 300000, 'HA2024000008', 0, 0),
(1179, 'HS4', 'September', 2024, 300000, 'HA2024000008', 0, 0),
(1180, 'HS4', 'October', 2024, 300000, 'HA2024000008', 0, 0),
(1181, 'HS4', 'November', 2024, 300000, 'HA2024000008', 0, 0),
(1182, 'HS4', 'December', 2024, 300000, 'HA2024000008', 0, 0),
(1183, 'HS5', 'January', 2024, 300000, 'HA2024000008', 0, 0),
(1184, 'HS5', 'February', 2024, 300000, 'HA2024000008', 0, 0),
(1185, 'HS5', 'March', 2024, 300000, 'HA2024000008', 0, 0),
(1186, 'HS5', 'April', 2024, 300000, 'HA2024000008', 0, 0),
(1187, 'HS5', 'May', 2024, 300000, 'HA2024000008', 0, 0),
(1188, 'HS5', 'June', 2024, 300000, 'HA2024000008', 0, 0),
(1189, 'HS5', 'July', 2024, 300000, 'HA2024000008', 0, 0),
(1190, 'HS5', 'August', 2024, 300000, 'HA2024000008', 0, 0),
(1191, 'HS5', 'September', 2024, 300000, 'HA2024000008', 0, 0),
(1192, 'HS5', 'October', 2024, 300000, 'HA2024000008', 0, 0),
(1193, 'HS5', 'November', 2024, 300000, 'HA2024000008', 0, 0),
(1194, 'HS5', 'December', 2024, 300000, 'HA2024000008', 0, 0),
(1195, 'HS6', 'January', 2024, 300000, 'HA2024000008', 0, 0),
(1196, 'HS6', 'February', 2024, 300000, 'HA2024000008', 0, 0),
(1197, 'HS6', 'March', 2024, 300000, 'HA2024000008', 0, 0),
(1198, 'HS6', 'April', 2024, 300000, 'HA2024000008', 0, 0),
(1199, 'HS6', 'May', 2024, 300000, 'HA2024000008', 0, 0),
(1200, 'HS6', 'June', 2024, 300000, 'HA2024000008', 0, 0),
(1201, 'HS6', 'July', 2024, 300000, 'HA2024000008', 0, 0),
(1202, 'HS6', 'August', 2024, 300000, 'HA2024000008', 0, 0),
(1203, 'HS6', 'September', 2024, 300000, 'HA2024000008', 0, 0),
(1204, 'HS6', 'October', 2024, 300000, 'HA2024000008', 0, 0),
(1205, 'HS6', 'November', 2024, 300000, 'HA2024000008', 0, 0),
(1206, 'HS6', 'December', 2024, 300000, 'HA2024000008', 0, 0),
(1207, 'G001', 'October', 2024, 450000, '1', 0, 0),
(1208, 'L4002', 'January', 2024, 452000, '1', 0, 0),
(1209, 'L4002', 'February', 2024, 452000, '1', 0, 0),
(1210, 'L4002', 'March', 2024, 452000, '1', 0, 0),
(1211, 'L4002', 'April', 2024, 452000, '1', 0, 0),
(1212, 'L4002', 'May', 2024, 452000, '1', 0, 0),
(1213, 'L4002', 'June', 2024, 452000, '1', 0, 0),
(1214, 'L3004', 'January', 2024, 1050000, '1', 0, 0),
(1215, 'L3004', 'March', 2024, 1050000, '1', 0, 0),
(1216, 'L3004', 'April', 2024, 1050000, '1', 0, 0),
(1217, 'L3004', 'May', 2024, 1050000, '1', 0, 0),
(1218, 'L3004', 'June', 2024, 1050000, '1', 0, 0),
(1219, 'L3004', 'July', 2024, 1050000, '1', 0, 0),
(1220, 'L3004', 'August', 2024, 1050000, '1', 0, 0),
(1221, 'L4005', 'January', 2024, 1450000, '1', 0, 0),
(1222, 'L4005', 'February', 2024, 1450000, '1', 0, 0),
(1223, 'L4005', 'March', 2024, 1450000, '1', 0, 0),
(1224, 'L4005', 'April', 2024, 1450000, '1', 0, 0),
(1225, 'L4005', 'May', 2024, 1450000, '1', 0, 0),
(1226, 'L4005', 'June', 2024, 1450000, '1', 0, 0),
(1227, 'L4005', 'July', 2024, 1450000, '1', 0, 0),
(1228, 'L4005', 'August', 2024, 1450000, '1', 0, 0),
(1229, 'L1003', 'January', 2024, 650000, '1', 0, 0),
(1230, 'L1003', 'February', 2024, 650000, '1', 0, 0),
(1231, 'L1003', 'March', 2024, 650000, '1', 0, 0),
(1232, 'L1003', 'April', 2024, 650000, '1', 0, 0),
(1233, 'L1003', 'May', 2024, 650000, '1', 0, 0),
(1234, 'L1003', 'June', 2024, 650000, '1', 0, 0),
(1235, 'L1003', 'July', 2024, 650000, '1', 0, 0),
(1236, 'L1003', 'August', 2024, 650000, '1', 0, 0),
(1237, 'L1005', 'January', 2024, 250000, '1', 0, 0),
(1238, 'L1005', 'February', 2024, 250000, '1', 0, 0),
(1239, 'L1005', 'March', 2024, 250000, '1', 0, 0),
(1240, 'L1005', 'April', 2024, 250000, '1', 0, 0),
(1241, 'L1005', 'May', 2024, 250000, '1', 0, 0),
(1242, 'L1005', 'June', 2024, 250000, '1', 0, 0),
(1243, 'L1005', 'July', 2024, 250000, '1', 0, 0),
(1244, 'L1005', 'August', 2024, 250000, '1', 0, 0),
(1245, 'L5005', 'January', 2024, 250000, '1', 0, 0),
(1246, 'L5005', 'February', 2024, 250000, '1', 0, 0),
(1247, 'L5005', 'March', 2024, 250000, '1', 0, 0),
(1248, 'L5005', 'April', 2024, 250000, '1', 0, 0),
(1249, 'L5005', 'May', 2024, 250000, '1', 0, 0),
(1250, 'L5005', 'June', 2024, 250000, '1', 0, 0),
(1251, 'L5005', 'July', 2024, 250000, '1', 0, 0),
(1252, 'G001', 'January', 2024, 450000, '1', 0, 0),
(1253, 'G001', 'February', 2024, 450000, '1', 0, 0),
(1254, 'G001', 'March', 2024, 450000, '1', 0, 0),
(1255, 'G001', 'April', 2024, 450000, '1', 0, 0),
(1256, 'G001', 'November', 2024, 450000, '1', 0, 0),
(1257, 'G001', 'December', 2024, 450000, '1', 0, 0),
(1258, 'L3002', 'January', 2024, 1050000, '1', 0, 0),
(1259, 'L3002', 'February', 2024, 1050000, '1', 0, 0),
(1260, 'L3002', 'March', 2024, 1050000, '1', 0, 0),
(1261, 'L3002', 'April', 2024, 1050000, '1', 0, 0),
(1262, 'L3002', 'May', 2024, 1050000, '1', 0, 0),
(1263, 'L3002', 'June', 2024, 1050000, '1', 0, 0),
(1264, 'L3002', 'July', 2024, 1050000, '1', 0, 0),
(1265, 'L3002', 'August', 2024, 1050000, '1', 0, 0),
(1266, 'L3003', 'January', 2024, 650000, '1', 0, 0),
(1267, 'L3003', 'February', 2024, 650000, '1', 0, 0),
(1268, 'L3003', 'March', 2024, 650000, '1', 0, 0),
(1269, 'L3003', 'April', 2024, 650000, '1', 0, 0),
(1270, 'L3003', 'May', 2024, 650000, '1', 0, 0),
(1271, 'L3003', 'June', 2024, 650000, '1', 0, 0),
(1272, 'L3003', 'July', 2024, 650000, '1', 0, 0),
(1273, 'L3003', 'August', 2024, 650000, '1', 0, 0),
(1274, 'L3003', 'October', 2024, 650000, '1', 0, 0),
(1275, 'L3003', 'November', 2024, 650000, '1', 0, 0),
(1276, 'L3003', 'December', 2024, 650000, '1', 0, 0),
(1277, 'G1', 'January', 2025, 400000, 'SA2024000011', 0, 0),
(1278, 'G1', 'February', 2025, 400000, 'SA2024000011', 0, 0),
(1279, 'G1', 'March', 2025, 400000, 'SA2024000011', 0, 0),
(1280, 'G1', 'April', 2025, 400000, 'SA2024000011', 0, 0),
(1281, 'G1', 'May', 2025, 400000, 'SA2024000011', 0, 0),
(1282, 'G1', 'June', 2025, 400000, 'SA2024000011', 0, 0),
(1283, 'G1', 'July', 2025, 400000, 'SA2024000011', 0, 0),
(1284, 'G1', 'August', 2025, 400000, 'SA2024000011', 0, 0),
(1285, 'G1', 'September', 2025, 400000, 'SA2024000011', 0, 0),
(1286, 'G1', 'October', 2025, 400000, 'SA2024000011', 0, 0),
(1287, 'G1', 'November', 2025, 400000, 'SA2024000011', 0, 0),
(1288, 'G1', 'December', 2025, 400000, 'SA2024000011', 0, 0),
(1289, 'G2', 'January', 2025, 1800000, 'SA2024000011', 0, 0),
(1290, 'G2', 'February', 2025, 1800000, 'SA2024000011', 0, 0),
(1291, 'G2', 'March', 2025, 1800000, 'SA2024000011', 0, 0),
(1292, 'G2', 'April', 2025, 1800000, 'SA2024000011', 0, 0),
(1293, 'G2', 'May', 2025, 1800000, 'SA2024000011', 0, 0),
(1294, 'G2', 'June', 2025, 1800000, 'SA2024000011', 0, 0),
(1295, 'G2', 'July', 2025, 1800000, 'SA2024000011', 0, 0),
(1296, 'G2', 'August', 2025, 1800000, 'SA2024000011', 0, 0),
(1297, 'G2', 'September', 2025, 1800000, 'SA2024000011', 0, 0),
(1298, 'G2', 'October', 2025, 1800000, 'SA2024000011', 0, 0),
(1299, 'G2', 'November', 2025, 1800000, 'SA2024000011', 0, 0),
(1300, 'G2', 'December', 2025, 1800000, 'SA2024000011', 0, 0),
(1301, 'G1', 'November', 2024, 400000, 'SA2024000011', 0, 0),
(1302, 'G1', 'December', 2024, 400000, 'SA2024000011', 0, 0),
(1303, 'G2', 'November', 2024, 1800000, 'SA2024000011', 0, 0),
(1304, 'G2', 'December', 2024, 1800000, 'SA2024000011', 0, 0),
(1305, 'G4', 'November', 2024, 350000, 'SA2024000011', 0, 0),
(1306, 'G4', 'December', 2024, 350000, 'SA2024000011', 0, 0),
(1307, 'G8', 'November', 2024, 550000, 'SA2024000011', 0, 0),
(1308, 'G8', 'December', 2024, 550000, 'SA2024000011', 0, 0),
(1309, 'G10', 'November', 2024, 250000, 'SA2024000011', 0, 0),
(1310, 'G10', 'December', 2024, 250000, 'SA2024000011', 0, 0),
(1311, 'F1', 'November', 2024, 350000, 'SA2024000011', 0, 0),
(1312, 'F1', 'December', 2024, 350000, 'SA2024000011', 0, 0),
(1313, 'F15', 'November', 2024, 600000, 'SA2024000011', 0, 0),
(1314, 'F15', 'December', 2024, 600000, 'SA2024000011', 0, 0),
(1315, 'F13', 'November', 2024, 250000, 'SA2024000011', 0, 0),
(1316, 'F13', 'December', 2024, 250000, 'SA2024000011', 0, 0),
(1317, 'L_01', 'November', 2024, 250000, 'SA2024000011', 0, 0),
(1318, 'L_01', 'December', 2024, 250000, 'SA2024000011', 0, 0),
(1319, 'L_02', 'November', 2024, 300000, 'SA2024000011', 0, 0),
(1320, 'L_02', 'December', 2024, 300000, 'SA2024000011', 0, 0),
(1323, 'L_07', 'November', 2024, 750000, 'SA2024000011', 0, 0),
(1324, 'L_07', 'December', 2024, 750000, 'SA2024000011', 0, 0),
(1325, '1', 'November', 2024, 500000, 'SA2024000011', 0, 0),
(1326, '1', 'December', 2024, 500000, 'SA2024000011', 0, 0),
(1327, '2', 'November', 2024, 500000, 'SA2024000011', 0, 0),
(1328, '2', 'December', 2024, 500000, 'SA2024000011', 0, 0),
(1329, '3', 'November', 2024, 550000, 'SA2024000011', 0, 0),
(1330, '3', 'December', 2024, 550000, 'SA2024000011', 0, 0),
(1331, '4', 'November', 2024, 550000, 'SA2024000011', 0, 0),
(1332, '4', 'December', 2024, 550000, 'SA2024000011', 0, 0),
(1333, 'Block_B1', 'November', 2024, 400000, 'SA2024000011', 0, 0),
(1334, 'Block_B1', 'December', 2024, 400000, 'SA2024000011', 0, 0),
(1335, 'Block_B2', 'November', 2024, 450000, 'SA2024000011', 0, 0),
(1336, 'Block_B2', 'December', 2024, 450000, 'SA2024000011', 0, 0),
(1337, 'Block_B3', 'November', 2024, 450000, 'SA2024000011', 0, 0),
(1338, 'Block_B3', 'December', 2024, 450000, 'SA2024000011', 0, 0),
(1339, 'Block_B4', 'November', 2024, 450000, 'SA2024000011', 0, 0),
(1340, 'Block_B4', 'December', 2024, 450000, 'SA2024000011', 0, 0),
(1341, 'Block_B5', 'November', 2024, 500000, 'SA2024000011', 0, 0),
(1342, 'Block_B5', 'December', 2024, 500000, 'SA2024000011', 0, 0),
(1343, 'Block B6', 'November', 2024, 450000, 'SA2024000011', 0, 0),
(1344, 'Block B6', 'December', 2024, 450000, 'SA2024000011', 0, 0),
(1345, 'MPU0', 'January', 2025, 800000, 'SA2024000011', 0, 0),
(1346, 'MPU0', 'February', 2025, 900000, 'SA2024000011', 0, 0),
(1347, 'MPU0', 'March', 2025, 900000, 'SA2024000011', 0, 0),
(1348, 'MPU0', 'April', 2025, 900000, 'SA2024000011', 0, 0),
(1349, 'MPU0', 'May', 2025, 900000, 'SA2024000011', 0, 0),
(1350, 'G1', 'October', 2024, 450000, 'SA2024000011', 0, 0),
(1351, 'MPU07', 'June', 2024, 500000, 'SA2024000011', 0, 0),
(1352, 'NLY02', 'January', 2025, 500000, 'SA2024000011', 0, 0),
(1353, 'NLY02', 'February', 2025, 500000, 'SA2024000011', 0, 0),
(1354, 'NLY02', 'March', 2025, 800000, 'SA2024000011', 0, 0),
(1355, 'NLY02', 'April', 2025, 800000, 'SA2024000011', 0, 0),
(1356, 'NLY02', 'May', 2025, 800000, 'SA2024000011', 0, 0),
(1357, 'NLY02', 'February', 2026, 500000, 'SA2024000011', 0, 0),
(1358, 'BUKT08', 'January', 2025, 2400000, 'SA2024000011', 0, 0),
(1359, 'BUKT08', 'March', 2025, 600000, 'SA2024000011', 0, 0),
(1360, 'BUKT08', 'April', 2025, 2400000, 'SA2024000011', 0, 0),
(1361, 'BUKT08', 'July', 2025, 2400000, 'SA2024000011', 0, 0),
(1362, 'BUKT08', 'October', 2025, 2400000, 'SA2024000011', 0, 0),
(1363, 'NER001', 'January', 2025, 700000, '1', 0, 0),
(1364, 'NER001', 'February', 2025, 700000, '1', 0, 0),
(1365, 'NER001', 'March', 2025, 700000, '1', 0, 0),
(1366, 'NER001', 'April', 2025, 700000, '1', 0, 0),
(1367, 'NER001', 'May', 2025, 700000, '1', 0, 0),
(1368, 'NER001', 'June', 2025, 700000, '1', 0, 0),
(1369, 'NER001', 'July', 2025, 700000, '1', 0, 0),
(1370, 'NER001', 'August', 2025, 700000, '1', 0, 0),
(1371, 'NER001', 'September', 2025, 700000, '1', 0, 0),
(1372, 'NER001', 'October', 2025, 700000, '1', 0, 0),
(1373, 'NER001', 'November', 2025, 700000, '1', 0, 0),
(1374, 'NER001', 'December', 2025, 700000, '1', 0, 0),
(1375, 'NER001', 'January', 2024, 650000, '1', 0, 0),
(1376, 'NER001', 'February', 2024, 650000, '1', 0, 0),
(1377, 'NER001', 'March', 2024, 650000, '1', 0, 0),
(1378, 'NER001', 'April', 2024, 650000, '1', 0, 0),
(1379, 'NER001', 'May', 2024, 650000, '1', 0, 0),
(1380, 'NER001', 'June', 2024, 650000, '1', 0, 0),
(1381, 'NER001', 'July', 2024, 650000, '1', 0, 0),
(1382, 'NER001', 'August', 2024, 650000, '1', 0, 0),
(1383, 'NER001', 'September', 2024, 650000, '1', 0, 0),
(1384, 'NER001', 'October', 2024, 650000, '1', 0, 0),
(1385, 'NER001', 'November', 2024, 650000, '1', 0, 0),
(1386, 'NER001', 'December', 2024, 650000, '1', 0, 0),
(1387, '5', 'January', 2024, 400000, '1', 0, 0),
(1388, '5', 'February', 2024, 400000, '1', 0, 0),
(1389, '5', 'March', 2024, 400000, '1', 0, 0),
(1390, '5', 'April', 2024, 400000, '1', 0, 0),
(1391, '5', 'May', 2024, 400000, '1', 0, 0),
(1392, '5', 'June', 2024, 450000, '1', 0, 0),
(1393, '5', 'July', 2024, 400000, '1', 0, 0),
(1394, '5', 'August', 2024, 400000, '1', 0, 0),
(1395, '5', 'September', 2024, 400000, '1', 0, 0),
(1396, '5', 'October', 2024, 400000, '1', 0, 0),
(1397, '5', 'November', 2024, 400000, '1', 0, 0),
(1398, '5', 'December', 2024, 400000, '1', 0, 0),
(1399, 'L3003', 'January', 2025, 700000, '1', 0, 0),
(1400, 'L3003', 'February', 2025, 700000, '1', 0, 0),
(1401, 'L3003', 'March', 2025, 700000, '1', 0, 0),
(1402, 'L3003', 'April', 2025, 700000, '1', 0, 0),
(1403, 'L3003', 'May', 2025, 700000, '1', 0, 0),
(1404, 'L3003', 'June', 2025, 700000, '1', 0, 0),
(1405, 'L3003', 'July', 2025, 700000, '1', 0, 0),
(1406, 'L3003', 'August', 2025, 700000, '1', 0, 0),
(1407, 'L3003', 'September', 2025, 700000, '1', 0, 0),
(1408, 'L3003', 'October', 2025, 700000, '1', 0, 0),
(1409, 'L3003', 'November', 2025, 700000, '1', 0, 0),
(1410, 'L3003', 'December', 2025, 700000, '1', 0, 0),
(1411, 'G4', 'January', 2025, 350000, 'SA2024000011', 0, 0),
(1412, 'G4', 'February', 2025, 350000, 'SA2024000011', 0, 0),
(1413, 'G4', 'March', 2025, 350000, 'SA2024000011', 0, 0),
(1414, 'G4', 'April', 2025, 350000, 'SA2024000011', 0, 0),
(1415, 'G4', 'May', 2025, 350000, 'SA2024000011', 0, 0),
(1416, 'G4', 'June', 2025, 350000, 'SA2024000011', 0, 0),
(1417, 'G4', 'July', 2025, 350000, 'SA2024000011', 0, 0),
(1418, 'G4', 'August', 2025, 350000, 'SA2024000011', 0, 0),
(1419, 'G4', 'September', 2025, 350000, 'SA2024000011', 0, 0),
(1420, 'G4', 'October', 2025, 350000, 'SA2024000011', 0, 0),
(1421, 'G4', 'November', 2025, 350000, 'SA2024000011', 0, 0),
(1422, 'G4', 'December', 2025, 350000, 'SA2024000011', 0, 0),
(1423, 'G8', 'January', 2025, 550000, 'SA2024000011', 0, 0),
(1424, 'G8', 'February', 2025, 550000, 'SA2024000011', 0, 0),
(1425, 'G8', 'March', 2025, 550000, 'SA2024000011', 0, 0),
(1426, 'G8', 'April', 2025, 550000, 'SA2024000011', 0, 0),
(1427, 'G8', 'May', 2025, 550000, 'SA2024000011', 0, 0),
(1428, 'G8', 'June', 2025, 550000, 'SA2024000011', 0, 0),
(1429, 'G8', 'July', 2025, 550000, 'SA2024000011', 0, 0),
(1430, 'G8', 'August', 2025, 550000, 'SA2024000011', 0, 0),
(1431, 'G8', 'September', 2025, 550000, 'SA2024000011', 0, 0),
(1432, 'G8', 'October', 2025, 550000, 'SA2024000011', 0, 0),
(1433, 'G8', 'November', 2025, 550000, 'SA2024000011', 0, 0),
(1434, 'G8', 'December', 2025, 550000, 'SA2024000011', 0, 0),
(1435, 'G10', 'January', 2025, 250000, 'SA2024000011', 0, 0),
(1436, 'G10', 'February', 2025, 250000, 'SA2024000011', 0, 0),
(1437, 'G10', 'March', 2025, 250000, 'SA2024000011', 0, 0),
(1438, 'G10', 'April', 2025, 250000, 'SA2024000011', 0, 0),
(1439, 'G10', 'May', 2025, 250000, 'SA2024000011', 0, 0),
(1440, 'G10', 'June', 2025, 250000, 'SA2024000011', 0, 0),
(1441, 'G10', 'July', 2025, 250000, 'SA2024000011', 0, 0),
(1442, 'G10', 'August', 2025, 250000, 'SA2024000011', 0, 0),
(1443, 'G10', 'September', 2025, 250000, 'SA2024000011', 0, 0),
(1444, 'G10', 'October', 2025, 250000, 'SA2024000011', 0, 0),
(1445, 'G10', 'November', 2025, 250000, 'SA2024000011', 0, 0),
(1446, 'G10', 'December', 2025, 250000, 'SA2024000011', 0, 0),
(1447, 'F1', 'January', 2025, 350000, 'SA2024000011', 0, 0),
(1448, 'F1', 'February', 2025, 350000, 'SA2024000011', 0, 0),
(1449, 'F1', 'March', 2025, 350000, 'SA2024000011', 0, 0),
(1450, 'F1', 'April', 2025, 350000, 'SA2024000011', 0, 0),
(1451, 'F1', 'May', 2025, 350000, 'SA2024000011', 0, 0),
(1452, 'F1', 'June', 2025, 350000, 'SA2024000011', 0, 0),
(1453, 'F1', 'July', 2025, 350000, 'SA2024000011', 0, 0),
(1454, 'F1', 'August', 2025, 350000, 'SA2024000011', 0, 0),
(1455, 'F1', 'September', 2025, 350000, 'SA2024000011', 0, 0),
(1456, 'F1', 'October', 2025, 350000, 'SA2024000011', 0, 0),
(1457, 'F1', 'November', 2025, 350000, 'SA2024000011', 0, 0),
(1458, 'F1', 'December', 2025, 350000, 'SA2024000011', 0, 0),
(1459, 'F15', 'January', 2025, 600000, 'SA2024000011', 0, 0),
(1460, 'F15', 'February', 2025, 600000, 'SA2024000011', 0, 0),
(1461, 'F15', 'March', 2025, 600000, 'SA2024000011', 0, 0),
(1462, 'F15', 'April', 2025, 600000, 'SA2024000011', 0, 0),
(1463, 'F15', 'May', 2025, 600000, 'SA2024000011', 0, 0),
(1464, 'F15', 'June', 2025, 600000, 'SA2024000011', 0, 0),
(1465, 'F15', 'July', 2025, 600000, 'SA2024000011', 0, 0),
(1466, 'F15', 'August', 2025, 600000, 'SA2024000011', 0, 0),
(1467, 'F15', 'September', 2025, 600000, 'SA2024000011', 0, 0),
(1468, 'F15', 'October', 2025, 600000, 'SA2024000011', 0, 0),
(1469, 'F15', 'November', 2025, 600000, 'SA2024000011', 0, 0),
(1470, 'F15', 'December', 2025, 600000, 'SA2024000011', 0, 0),
(1471, 'F13', 'January', 2025, 250000, 'SA2024000011', 0, 0),
(1472, 'F13', 'February', 2025, 250000, 'SA2024000011', 0, 0),
(1473, 'F13', 'March', 2025, 250000, 'SA2024000011', 0, 0),
(1474, 'F13', 'April', 2025, 250000, 'SA2024000011', 0, 0),
(1475, 'F13', 'May', 2025, 250000, 'SA2024000011', 0, 0),
(1476, 'F13', 'June', 2025, 250000, 'SA2024000011', 0, 0),
(1477, 'F13', 'July', 2025, 250000, 'SA2024000011', 0, 0),
(1478, 'F13', 'August', 2025, 250000, 'SA2024000011', 0, 0),
(1479, 'F13', 'September', 2025, 250000, 'SA2024000011', 0, 0),
(1480, 'F13', 'October', 2025, 250000, 'SA2024000011', 0, 0),
(1481, 'F13', 'November', 2025, 250000, 'SA2024000011', 0, 0),
(1482, 'F13', 'December', 2025, 250000, 'SA2024000011', 0, 0),
(1483, 'L_01', 'January', 2025, 250000, 'SA2024000011', 0, 0),
(1484, 'L_01', 'February', 2025, 250000, 'SA2024000011', 0, 0),
(1485, 'L_01', 'March', 2025, 250000, 'SA2024000011', 0, 0),
(1486, 'L_01', 'April', 2025, 250000, 'SA2024000011', 0, 0),
(1487, 'L_01', 'May', 2025, 250000, 'SA2024000011', 0, 0),
(1488, 'L_01', 'June', 2025, 250000, 'SA2024000011', 0, 0),
(1489, 'L_01', 'July', 2025, 250000, 'SA2024000011', 0, 0),
(1490, 'L_01', 'August', 2025, 250000, 'SA2024000011', 0, 0),
(1491, 'L_01', 'September', 2025, 250000, 'SA2024000011', 0, 0),
(1492, 'L_01', 'October', 2025, 250000, 'SA2024000011', 0, 0),
(1493, 'L_01', 'November', 2025, 250000, 'SA2024000011', 0, 0),
(1494, 'L_01', 'December', 2025, 250000, 'SA2024000011', 0, 0),
(1495, 'L_02', 'January', 2025, 300000, 'SA2024000011', 0, 0),
(1496, 'L_02', 'February', 2025, 300000, 'SA2024000011', 0, 0),
(1497, 'L_02', 'March', 2025, 300000, 'SA2024000011', 0, 0),
(1498, 'L_02', 'April', 2025, 300000, 'SA2024000011', 0, 0),
(1499, 'L_02', 'May', 2025, 300000, 'SA2024000011', 0, 0),
(1500, 'L_02', 'June', 2025, 300000, 'SA2024000011', 0, 0),
(1501, 'L_02', 'July', 2025, 300000, 'SA2024000011', 0, 0),
(1502, 'L_02', 'August', 2025, 300000, 'SA2024000011', 0, 0),
(1503, 'L_02', 'September', 2025, 300000, 'SA2024000011', 0, 0),
(1504, 'L_02', 'October', 2025, 300000, 'SA2024000011', 0, 0),
(1505, 'L_02', 'November', 2025, 300000, 'SA2024000011', 0, 0),
(1506, 'L_02', 'December', 2025, 300000, 'SA2024000011', 0, 0),
(1507, 'L_03', 'January', 2025, 250000, 'SA2024000011', 0, 0),
(1508, 'L_03', 'February', 2025, 250000, 'SA2024000011', 0, 0),
(1509, 'L_03', 'March', 2025, 250000, 'SA2024000011', 0, 0),
(1510, 'L_03', 'April', 2025, 250000, 'SA2024000011', 0, 0),
(1511, 'L_03', 'May', 2025, 250000, 'SA2024000011', 0, 0),
(1512, 'L_03', 'June', 2025, 250000, 'SA2024000011', 0, 0),
(1513, 'L_03', 'July', 2025, 250000, 'SA2024000011', 0, 0),
(1514, 'L_03', 'August', 2025, 250000, 'SA2024000011', 0, 0),
(1515, 'L_03', 'September', 2025, 250000, 'SA2024000011', 0, 0),
(1516, 'L_03', 'October', 2025, 250000, 'SA2024000011', 0, 0),
(1517, 'L_03', 'November', 2025, 250000, 'SA2024000011', 0, 0),
(1518, 'L_03', 'December', 2025, 250000, 'SA2024000011', 0, 0),
(1519, 'L_07', 'January', 2025, 750000, 'SA2024000011', 0, 0),
(1520, 'L_07', 'February', 2025, 750000, 'SA2024000011', 0, 0),
(1521, 'L_07', 'March', 2025, 750000, 'SA2024000011', 0, 0),
(1522, 'L_07', 'April', 2025, 750000, 'SA2024000011', 0, 0),
(1523, 'L_07', 'May', 2025, 750000, 'SA2024000011', 0, 0),
(1524, 'L_07', 'June', 2025, 750000, 'SA2024000011', 0, 0),
(1525, 'L_07', 'July', 2025, 750000, 'SA2024000011', 0, 0),
(1526, 'L_07', 'August', 2025, 750000, 'SA2024000011', 0, 0),
(1527, 'L_07', 'September', 2025, 750000, 'SA2024000011', 0, 0),
(1528, 'L_07', 'October', 2025, 750000, 'SA2024000011', 0, 0),
(1529, 'L_07', 'November', 2025, 750000, 'SA2024000011', 0, 0),
(1530, 'L_07', 'December', 2025, 750000, 'SA2024000011', 0, 0),
(1531, '1', 'January', 2025, 500000, 'SA2024000011', 0, 0),
(1532, '1', 'February', 2025, 500000, 'SA2024000011', 0, 0),
(1533, '1', 'March', 2025, 500000, 'SA2024000011', 0, 0),
(1534, '1', 'April', 2025, 500000, 'SA2024000011', 0, 0),
(1535, '1', 'May', 2025, 500000, 'SA2024000011', 0, 0),
(1536, '1', 'June', 2025, 500000, 'SA2024000011', 0, 0),
(1537, '1', 'July', 2025, 500000, 'SA2024000011', 0, 0),
(1538, '1', 'August', 2025, 500000, 'SA2024000011', 0, 0),
(1539, '1', 'September', 2025, 500000, 'SA2024000011', 0, 0),
(1540, '1', 'October', 2025, 500000, 'SA2024000011', 0, 0),
(1541, '1', 'November', 2025, 500000, 'SA2024000011', 0, 0),
(1542, '1', 'December', 2025, 500000, 'SA2024000011', 0, 0),
(1586, '4', 'August', 2025, 550000, 'SA2024000011', 0, 0),
(1585, '4', 'July', 2025, 550000, 'SA2024000011', 0, 0),
(1584, '4', 'June', 2025, 550000, 'SA2024000011', 0, 0),
(1583, '4', 'May', 2025, 550000, 'SA2024000011', 0, 0),
(1582, '4', 'April', 2025, 550000, 'SA2024000011', 0, 0),
(1581, '4', 'March', 2025, 550000, 'SA2024000011', 0, 0),
(1580, '4', 'February', 2025, 550000, 'SA2024000011', 0, 0),
(1579, '4', 'January', 2025, 550000, 'SA2024000011', 0, 0),
(1555, '2', 'January', 2025, 500000, 'SA2024000011', 0, 0),
(1556, '2', 'February', 2025, 500000, 'SA2024000011', 0, 0),
(1557, '2', 'March', 2025, 500000, 'SA2024000011', 0, 0),
(1558, '2', 'April', 2025, 500000, 'SA2024000011', 0, 0),
(1559, '2', 'May', 2025, 500000, 'SA2024000011', 0, 0),
(1560, '2', 'June', 2025, 500000, 'SA2024000011', 0, 0),
(1561, '2', 'July', 2025, 500000, 'SA2024000011', 0, 0),
(1562, '2', 'August', 2025, 500000, 'SA2024000011', 0, 0),
(1563, '2', 'September', 2025, 500000, 'SA2024000011', 0, 0),
(1564, '2', 'October', 2025, 500000, 'SA2024000011', 0, 0),
(1565, '2', 'November', 2025, 500000, 'SA2024000011', 0, 0),
(1566, '2', 'December', 2025, 500000, 'SA2024000011', 0, 0),
(1567, '3', 'January', 2025, 550000, 'SA2024000011', 0, 0),
(1568, '3', 'February', 2025, 550000, 'SA2024000011', 0, 0),
(1569, '3', 'March', 2025, 550000, 'SA2024000011', 0, 0),
(1570, '3', 'April', 2025, 550000, 'SA2024000011', 0, 0),
(1571, '3', 'May', 2025, 550000, 'SA2024000011', 0, 0),
(1572, '3', 'June', 2025, 550000, 'SA2024000011', 0, 0),
(1573, '3', 'July', 2025, 550000, 'SA2024000011', 0, 0),
(1574, '3', 'August', 2025, 550000, 'SA2024000011', 0, 0),
(1575, '3', 'September', 2025, 550000, 'SA2024000011', 0, 0),
(1576, '3', 'October', 2025, 550000, 'SA2024000011', 0, 0),
(1577, '3', 'November', 2025, 550000, 'SA2024000011', 0, 0),
(1578, '3', 'December', 2025, 550000, 'SA2024000011', 0, 0),
(1587, '4', 'September', 2025, 550000, 'SA2024000011', 0, 0),
(1588, '4', 'October', 2025, 550000, 'SA2024000011', 0, 0),
(1589, '4', 'November', 2025, 550000, 'SA2024000011', 0, 0),
(1590, '4', 'December', 2025, 550000, 'SA2024000011', 0, 0),
(1591, 'Block_B1', 'January', 2025, 400000, 'SA2024000011', 0, 0),
(1592, 'Block_B1', 'February', 2025, 400000, 'SA2024000011', 0, 0),
(1593, 'Block_B1', 'March', 2025, 400000, 'SA2024000011', 0, 0),
(1594, 'Block_B1', 'April', 2025, 400000, 'SA2024000011', 0, 0),
(1595, 'Block_B1', 'May', 2025, 400000, 'SA2024000011', 0, 0),
(1596, 'Block_B1', 'June', 2025, 400000, 'SA2024000011', 0, 0),
(1597, 'Block_B1', 'July', 2025, 400000, 'SA2024000011', 0, 0),
(1598, 'Block_B1', 'August', 2025, 400000, 'SA2024000011', 0, 0),
(1599, 'Block_B1', 'September', 2025, 400000, 'SA2024000011', 0, 0),
(1600, 'Block_B1', 'October', 2025, 400000, 'SA2024000011', 0, 0),
(1601, 'Block_B1', 'November', 2025, 400000, 'SA2024000011', 0, 0),
(1602, 'Block_B1', 'December', 2025, 400000, 'SA2024000011', 0, 0),
(1603, 'Block_B2', 'January', 2025, 450000, 'SA2024000011', 0, 0),
(1604, 'Block_B2', 'February', 2025, 450000, 'SA2024000011', 0, 0),
(1605, 'Block_B2', 'March', 2025, 450000, 'SA2024000011', 0, 0),
(1606, 'Block_B2', 'April', 2025, 450000, 'SA2024000011', 0, 0),
(1607, 'Block_B2', 'May', 2025, 450000, 'SA2024000011', 0, 0),
(1608, 'Block_B2', 'June', 2025, 450000, 'SA2024000011', 0, 0),
(1609, 'Block_B2', 'July', 2025, 450000, 'SA2024000011', 0, 0),
(1610, 'Block_B2', 'August', 2025, 450000, 'SA2024000011', 0, 0),
(1611, 'Block_B2', 'September', 2025, 450000, 'SA2024000011', 0, 0),
(1612, 'Block_B2', 'October', 2025, 450000, 'SA2024000011', 0, 0),
(1613, 'Block_B2', 'November', 2025, 450000, 'SA2024000011', 0, 0),
(1614, 'Block_B2', 'December', 2025, 450000, 'SA2024000011', 0, 0),
(1615, 'Block_B3', 'January', 2025, 450000, 'SA2024000011', 0, 0),
(1616, 'Block_B3', 'February', 2025, 450000, 'SA2024000011', 0, 0),
(1617, 'Block_B3', 'March', 2025, 450000, 'SA2024000011', 0, 0),
(1618, 'Block_B3', 'April', 2025, 450000, 'SA2024000011', 0, 0),
(1619, 'Block_B3', 'May', 2025, 450000, 'SA2024000011', 0, 0),
(1620, 'Block_B3', 'June', 2025, 450000, 'SA2024000011', 0, 0),
(1621, 'Block_B3', 'July', 2025, 450000, 'SA2024000011', 0, 0),
(1622, 'Block_B3', 'August', 2025, 450000, 'SA2024000011', 0, 0),
(1623, 'Block_B3', 'September', 2025, 450000, 'SA2024000011', 0, 0),
(1624, 'Block_B3', 'October', 2025, 450000, 'SA2024000011', 0, 0),
(1625, 'Block_B3', 'November', 2025, 450000, 'SA2024000011', 0, 0),
(1626, 'Block_B3', 'December', 2025, 450000, 'SA2024000011', 0, 0),
(1627, 'Block_B4', 'January', 2025, 450000, 'SA2024000011', 0, 0),
(1628, 'Block_B4', 'February', 2025, 450000, 'SA2024000011', 0, 0),
(1629, 'Block_B4', 'March', 2025, 450000, 'SA2024000011', 0, 0),
(1630, 'Block_B4', 'April', 2025, 450000, 'SA2024000011', 0, 0),
(1631, 'Block_B4', 'May', 2025, 450000, 'SA2024000011', 0, 0),
(1632, 'Block_B4', 'June', 2025, 450000, 'SA2024000011', 0, 0),
(1633, 'Block_B4', 'July', 2025, 450000, 'SA2024000011', 0, 0),
(1634, 'Block_B4', 'August', 2025, 450000, 'SA2024000011', 0, 0),
(1635, 'Block_B4', 'September', 2025, 450000, 'SA2024000011', 0, 0),
(1636, 'Block_B4', 'October', 2025, 450000, 'SA2024000011', 0, 0),
(1637, 'Block_B4', 'November', 2025, 450000, 'SA2024000011', 0, 0),
(1638, 'Block_B4', 'December', 2025, 450000, 'SA2024000011', 0, 0),
(1639, 'Block_B5', 'January', 2025, 500000, 'SA2024000011', 0, 0),
(1640, 'Block_B5', 'February', 2025, 500000, 'SA2024000011', 0, 0),
(1641, 'Block_B5', 'March', 2025, 500000, 'SA2024000011', 0, 0),
(1642, 'Block_B5', 'April', 2025, 500000, 'SA2024000011', 0, 0),
(1643, 'Block_B5', 'May', 2025, 500000, 'SA2024000011', 0, 0),
(1644, 'Block_B5', 'June', 2025, 500000, 'SA2024000011', 0, 0),
(1645, 'Block_B5', 'July', 2025, 500000, 'SA2024000011', 0, 0),
(1646, 'Block_B5', 'August', 2025, 500000, 'SA2024000011', 0, 0),
(1647, 'Block_B5', 'September', 2025, 500000, 'SA2024000011', 0, 0),
(1648, 'Block_B5', 'October', 2025, 500000, 'SA2024000011', 0, 0),
(1649, 'Block_B5', 'November', 2025, 500000, 'SA2024000011', 0, 0),
(1650, 'Block_B5', 'December', 2025, 500000, 'SA2024000011', 0, 0),
(1651, 'Block B6', 'January', 2025, 450000, 'SA2024000011', 0, 0),
(1652, 'Block B6', 'February', 2025, 450000, 'SA2024000011', 0, 0),
(1653, 'Block B6', 'March', 2025, 450000, 'SA2024000011', 0, 0),
(1654, 'Block B6', 'April', 2025, 450000, 'SA2024000011', 0, 0),
(1655, 'Block B6', 'May', 2025, 450000, 'SA2024000011', 0, 0),
(1656, 'Block B6', 'June', 2025, 450000, 'SA2024000011', 0, 0),
(1657, 'Block B6', 'July', 2025, 450000, 'SA2024000011', 0, 0),
(1658, 'Block B6', 'August', 2025, 450000, 'SA2024000011', 0, 0),
(1659, 'Block B6', 'September', 2025, 450000, 'SA2024000011', 0, 0),
(1660, 'Block B6', 'October', 2025, 450000, 'SA2024000011', 0, 0),
(1661, 'Block B6', 'November', 2025, 450000, 'SA2024000011', 0, 0),
(1662, 'Block B6', 'December', 2025, 450000, 'SA2024000011', 0, 0),
(1663, 'H3', 'January', 2025, 1200000, 'SA2024000011', 0, 0),
(1664, 'H3', 'February', 2025, 1200000, 'SA2024000011', 0, 0),
(1665, 'H3', 'March', 2025, 1200000, 'SA2024000011', 0, 0),
(1666, 'H3', 'April', 2025, 1200000, 'SA2024000011', 0, 0),
(1667, 'H3', 'May', 2025, 1200000, 'SA2024000011', 0, 0),
(1668, 'H3', 'June', 2025, 1200000, 'SA2024000011', 0, 0),
(1669, 'H3', 'July', 2025, 1200000, 'SA2024000011', 0, 0),
(1670, 'H3', 'August', 2025, 1200000, 'SA2024000011', 0, 0),
(1671, 'H3', 'September', 2025, 1200000, 'SA2024000011', 0, 0),
(1672, 'H3', 'October', 2025, 1200000, 'SA2024000011', 0, 0),
(1673, 'H3', 'November', 2025, 1200000, 'SA2024000011', 0, 0),
(1674, 'H3', 'December', 2025, 1200000, 'SA2024000011', 0, 0),
(1675, 'WKS001', 'January', 2025, 350000, '1', 0, 0),
(1676, 'WKS001', 'February', 2025, 350000, '1', 0, 0),
(1677, 'WKS001', 'March', 2025, 350000, '1', 0, 0),
(1678, 'WKS001', 'April', 2025, 350000, '1', 0, 0),
(1679, 'WKS001', 'May', 2025, 350000, '1', 0, 0),
(1680, 'WKS001', 'June', 2025, 350000, '1', 0, 0),
(1681, 'WKS001', 'July', 2025, 300000, '1', 0, 0),
(1682, 'WKS001', 'August', 2025, 300000, '1', 0, 0),
(1683, 'WKS001', 'September', 2025, 300000, '1', 0, 0),
(1684, 'WKS001', 'October', 2025, 300000, '1', 0, 0),
(1685, 'WKS001', 'November', 2025, 300000, '1', 0, 0),
(1686, 'WKS001', 'December', 2025, 300000, '1', 0, 0),
(1687, 'BUG001', 'January', 2025, 450000, '1', 0, 0),
(1688, 'BUG001', 'February', 2025, 450000, '1', 0, 0),
(1689, 'BUG001', 'March', 2025, 450000, '1', 0, 0),
(1690, 'BUG001', 'April', 2025, 450000, '1', 0, 0),
(1691, 'BUG001', 'May', 2025, 450000, '1', 0, 0),
(1692, 'BUG001', 'June', 2025, 500000, '1', 0, 0),
(1693, 'BUG001', 'July', 2025, 500000, '1', 0, 0),
(1694, 'BUG001', 'August', 2025, 500000, '1', 0, 0),
(1695, 'BUG001', 'September', 2025, 500000, '1', 0, 0),
(1696, 'BUG001', 'October', 2025, 500000, '1', 0, 0),
(1697, 'BUG001', 'November', 2025, 500000, '1', 0, 0),
(1698, 'BUG001', 'December', 2025, 500000, '1', 0, 0),
(1715, 'PLOT_191_BUSIRO', 'January', 2025, 80000000, 'TUBAP2025000014', 0, 0),
(1714, 'PLOT_1900_BUSIRO', 'January', 2025, 36000000, 'TUBAP2025000014', 0, 0),
(1713, 'PLOT_330_BUSIRO', 'January', 2025, 28500000, 'TUBAP2025000014', 0, 0),
(1716, 'NAB01', 'January', 2025, 70000, 'Tabula2025000015', 0, 0),
(1717, 'NAB01', 'February', 2025, 70000, 'Tabula2025000015', 0, 0),
(1718, 'NAB01', 'March', 2025, 70000, 'Tabula2025000015', 0, 0),
(1719, 'NAB01', 'April', 2025, 70000, 'Tabula2025000015', 0, 0),
(1720, 'NAB01', 'May', 2025, 70000, 'Tabula2025000015', 0, 0),
(1721, 'NAB01', 'June', 2025, 70000, 'Tabula2025000015', 0, 0),
(1722, 'NAB01', 'July', 2025, 70000, 'Tabula2025000015', 0, 0),
(1723, 'NAB01', 'August', 2025, 70000, 'Tabula2025000015', 0, 0),
(1724, 'NAB01', 'September', 2025, 70000, 'Tabula2025000015', 0, 0),
(1725, 'NAB01', 'October', 2025, 70000, 'Tabula2025000015', 0, 0),
(1726, 'NAB01', 'November', 2025, 70000, 'Tabula2025000015', 0, 0),
(1727, 'NAB01', 'December', 2025, 70000, 'Tabula2025000015', 0, 0),
(1728, 'PLOT_1511_KYAPISI', 'April', 2025, 10000000, 'TUBAP2025000014', 0, 0),
(1729, 'PLOT_1882_SERINYA', 'April', 2025, 29000000, 'TUBAP2025000014', 0, 0),
(1730, '', 'April', 2025, 37000000, 'TUBAP2025000014', 0, 0),
(1731, 'KAB01', 'January', 2025, 80000, 'Tabula2025000015', 0, 0),
(1732, 'KAB01', 'February', 2025, 80000, 'Tabula2025000015', 0, 0),
(1733, 'KAB01', 'March', 2025, 80000, 'Tabula2025000015', 0, 0),
(1734, 'KAB01', 'April', 2025, 80000, 'Tabula2025000015', 0, 0),
(1735, 'KAB01', 'May', 2025, 80000, 'Tabula2025000015', 0, 0),
(1736, 'KAB01', 'June', 2025, 80000, 'Tabula2025000015', 0, 0),
(1737, 'KAB01', 'July', 2025, 80000, 'Tabula2025000015', 0, 0),
(1738, 'KAB01', 'August', 2025, 80000, 'Tabula2025000015', 0, 0),
(1739, 'KAB01', 'September', 2025, 80000, 'Tabula2025000015', 0, 0),
(1740, 'KAB01', 'October', 2025, 80000, 'Tabula2025000015', 0, 0),
(1741, 'KAB01', 'November', 2025, 80000, 'Tabula2025000015', 0, 0),
(1742, 'KAB01', 'December', 2025, 80000, 'Tabula2025000015', 0, 0),
(1743, 'KAB02', 'January', 2025, 90000, 'Tabula2025000015', 0, 0),
(1744, 'KAB02', 'February', 2025, 90000, 'Tabula2025000015', 0, 0),
(1745, 'KAB02', 'March', 2025, 90000, 'Tabula2025000015', 0, 0),
(1746, 'KAB02', 'April', 2025, 90000, 'Tabula2025000015', 0, 0),
(1747, 'KAB02', 'May', 2025, 90000, 'Tabula2025000015', 0, 0),
(1748, 'KAB02', 'June', 2025, 90000, 'Tabula2025000015', 0, 0),
(1749, 'KAB02', 'July', 2025, 90000, 'Tabula2025000015', 0, 0),
(1750, 'KAB02', 'August', 2025, 90000, 'Tabula2025000015', 0, 0),
(1751, 'KAB02', 'September', 2025, 90000, 'Tabula2025000015', 0, 0),
(1752, 'KAB02', 'October', 2025, 90000, 'Tabula2025000015', 0, 0),
(1753, 'KAB02', 'November', 2025, 90000, 'Tabula2025000015', 0, 0),
(1754, 'KAB02', 'December', 2025, 90000, 'Tabula2025000015', 0, 0),
(1755, 'KAB03', 'January', 2025, 80000, 'Tabula2025000015', 0, 0),
(1756, 'KAB03', 'February', 2025, 80000, 'Tabula2025000015', 0, 0),
(1757, 'KAB03', 'March', 2025, 80000, 'Tabula2025000015', 0, 0),
(1758, 'KAB03', 'April', 2025, 80000, 'Tabula2025000015', 0, 0),
(1759, 'KAB03', 'May', 2025, 80000, 'Tabula2025000015', 0, 0),
(1760, 'KAB03', 'June', 2025, 80000, 'Tabula2025000015', 0, 0),
(1761, 'KAB03', 'July', 2025, 80000, 'Tabula2025000015', 0, 0),
(1762, 'KAB03', 'August', 2025, 80000, 'Tabula2025000015', 0, 0),
(1763, 'KAB03', 'September', 2025, 80000, 'Tabula2025000015', 0, 0),
(1764, 'KAB03', 'October', 2025, 80000, 'Tabula2025000015', 0, 0),
(1765, 'KAB03', 'November', 2025, 80000, 'Tabula2025000015', 0, 0),
(1766, 'KAB03', 'December', 2025, 80000, 'Tabula2025000015', 0, 0),
(1767, 'KAB04', 'January', 2025, 80000, 'Tabula2025000015', 0, 0),
(1768, 'KAB04', 'February', 2025, 80000, 'Tabula2025000015', 0, 0),
(1769, 'KAB04', 'March', 2025, 80000, 'Tabula2025000015', 0, 0),
(1770, 'KAB04', 'April', 2025, 80000, 'Tabula2025000015', 0, 0),
(1771, 'KAB04', 'May', 2025, 80000, 'Tabula2025000015', 0, 0),
(1772, 'KAB04', 'June', 2025, 80000, 'Tabula2025000015', 0, 0),
(1773, 'KAB04', 'July', 2025, 80000, 'Tabula2025000015', 0, 0),
(1774, 'KAB04', 'August', 2025, 80000, 'Tabula2025000015', 0, 0),
(1775, 'KAB04', 'September', 2025, 80000, 'Tabula2025000015', 0, 0),
(1776, 'KAB04', 'October', 2025, 80000, 'Tabula2025000015', 0, 0),
(1777, 'KAB04', 'November', 2025, 80000, 'Tabula2025000015', 0, 0),
(1778, 'KAB04', 'December', 2025, 80000, 'Tabula2025000015', 0, 0),
(1779, 'KAB05', 'January', 2025, 80000, 'Tabula2025000015', 0, 0),
(1780, 'KAB05', 'February', 2025, 80000, 'Tabula2025000015', 0, 0),
(1781, 'KAB05', 'March', 2025, 80000, 'Tabula2025000015', 0, 0),
(1782, 'KAB05', 'April', 2025, 80000, 'Tabula2025000015', 0, 0),
(1783, 'KAB05', 'May', 2025, 80000, 'Tabula2025000015', 0, 0),
(1784, 'KAB05', 'June', 2025, 80000, 'Tabula2025000015', 0, 0),
(1785, 'KAB05', 'July', 2025, 80000, 'Tabula2025000015', 0, 0),
(1786, 'KAB05', 'August', 2025, 80000, 'Tabula2025000015', 0, 0),
(1787, 'KAB05', 'September', 2025, 80000, 'Tabula2025000015', 0, 0),
(1788, 'KAB05', 'October', 2025, 80000, 'Tabula2025000015', 0, 0),
(1789, 'KAB05', 'November', 2025, 80000, 'Tabula2025000015', 0, 0),
(1790, 'KAB05', 'December', 2025, 80000, 'Tabula2025000015', 0, 0),
(1791, 'KAB06', 'January', 2025, 80000, 'Tabula2025000015', 0, 0),
(1792, 'KAB06', 'February', 2025, 80000, 'Tabula2025000015', 0, 0),
(1793, 'KAB06', 'March', 2025, 80000, 'Tabula2025000015', 0, 0),
(1794, 'KAB06', 'April', 2025, 80000, 'Tabula2025000015', 0, 0),
(1795, 'KAB06', 'May', 2025, 80000, 'Tabula2025000015', 0, 0),
(1796, 'KAB06', 'June', 2025, 80000, 'Tabula2025000015', 0, 0),
(1797, 'KAB06', 'July', 2025, 80000, 'Tabula2025000015', 0, 0),
(1798, 'KAB06', 'August', 2025, 80000, 'Tabula2025000015', 0, 0),
(1799, 'KAB06', 'September', 2025, 80000, 'Tabula2025000015', 0, 0),
(1800, 'KAB06', 'October', 2025, 80000, 'Tabula2025000015', 0, 0),
(1801, 'KAB06', 'November', 2025, 80000, 'Tabula2025000015', 0, 0),
(1802, 'KAB06', 'December', 2025, 80000, 'Tabula2025000015', 0, 0),
(1803, 'KAB08', 'January', 2025, 80000, 'Tabula2025000015', 0, 0),
(1804, 'KAB08', 'February', 2025, 80000, 'Tabula2025000015', 0, 0),
(1805, 'KAB08', 'March', 2025, 80000, 'Tabula2025000015', 0, 0),
(1806, 'KAB08', 'April', 2025, 80000, 'Tabula2025000015', 0, 0),
(1807, 'KAB08', 'May', 2025, 80000, 'Tabula2025000015', 0, 0),
(1808, 'KAB08', 'June', 2025, 80000, 'Tabula2025000015', 0, 0),
(1809, 'KAB08', 'July', 2025, 80000, 'Tabula2025000015', 0, 0);
INSERT INTO `house_data` (`ID`, `house_id`, `month`, `year`, `price`, `shopid`, `account_type`, `no_of_records`) VALUES
(1810, 'KAB08', 'August', 2025, 80000, 'Tabula2025000015', 0, 0),
(1811, 'KAB08', 'September', 2025, 80000, 'Tabula2025000015', 0, 0),
(1812, 'KAB08', 'October', 2025, 80000, 'Tabula2025000015', 0, 0),
(1813, 'KAB08', 'November', 2025, 80000, 'Tabula2025000015', 0, 0),
(1814, 'KAB08', 'December', 2025, 80000, 'Tabula2025000015', 0, 0),
(1815, 'KAB11', 'January', 2025, 150000, 'Tabula2025000015', 0, 0),
(1816, 'KAB11', 'February', 2025, 150000, 'Tabula2025000015', 0, 0),
(1817, 'KAB11', 'March', 2025, 150000, 'Tabula2025000015', 0, 0),
(1818, 'KAB11', 'April', 2025, 150000, 'Tabula2025000015', 0, 0),
(1819, 'KAB11', 'May', 2025, 150000, 'Tabula2025000015', 0, 0),
(1820, 'KAB11', 'June', 2025, 150000, 'Tabula2025000015', 0, 0),
(1821, 'KAB11', 'July', 2025, 150000, 'Tabula2025000015', 0, 0),
(1822, 'KAB11', 'August', 2025, 150000, 'Tabula2025000015', 0, 0),
(1823, 'KAB11', 'September', 2025, 150000, 'Tabula2025000015', 0, 0),
(1824, 'KAB11', 'October', 2025, 150000, 'Tabula2025000015', 0, 0),
(1825, 'KAB11', 'November', 2025, 150000, 'Tabula2025000015', 0, 0),
(1826, 'KAB11', 'December', 2025, 150000, 'Tabula2025000015', 0, 0),
(1827, 'KAB12', 'January', 2025, 200000, 'Tabula2025000015', 0, 0),
(1828, 'KAB12', 'February', 2025, 200000, 'Tabula2025000015', 0, 0),
(1829, 'KAB12', 'March', 2025, 200000, 'Tabula2025000015', 0, 0),
(1830, 'KAB12', 'April', 2025, 200000, 'Tabula2025000015', 0, 0),
(1831, 'KAB12', 'May', 2025, 200000, 'Tabula2025000015', 0, 0),
(1832, 'KAB12', 'June', 2025, 200000, 'Tabula2025000015', 0, 0),
(1833, 'KAB12', 'July', 2025, 200000, 'Tabula2025000015', 0, 0),
(1834, 'KAB12', 'August', 2025, 200000, 'Tabula2025000015', 0, 0),
(1835, 'KAB12', 'September', 2025, 200000, 'Tabula2025000015', 0, 0),
(1836, 'KAB12', 'October', 2025, 200000, 'Tabula2025000015', 0, 0),
(1837, 'KAB12', 'November', 2025, 200000, 'Tabula2025000015', 0, 0),
(1838, 'KAB12', 'December', 2025, 200000, 'Tabula2025000015', 0, 0),
(1839, 'KAB13', 'January', 2025, 250000, 'Tabula2025000015', 0, 0),
(1840, 'KAB13', 'February', 2025, 250000, 'Tabula2025000015', 0, 0),
(1841, 'KAB13', 'March', 2025, 250000, 'Tabula2025000015', 0, 0),
(1842, 'KAB13', 'April', 2025, 250000, 'Tabula2025000015', 0, 0),
(1843, 'KAB13', 'May', 2025, 250000, 'Tabula2025000015', 0, 0),
(1844, 'KAB13', 'June', 2025, 250000, 'Tabula2025000015', 0, 0),
(1845, 'KAB13', 'July', 2025, 250000, 'Tabula2025000015', 0, 0),
(1846, 'KAB13', 'August', 2025, 250000, 'Tabula2025000015', 0, 0),
(1847, 'KAB13', 'September', 2025, 250000, 'Tabula2025000015', 0, 0),
(1848, 'KAB13', 'October', 2025, 250000, 'Tabula2025000015', 0, 0),
(1849, 'KAB13', 'November', 2025, 250000, 'Tabula2025000015', 0, 0),
(1850, 'KAB13', 'December', 2025, 250000, 'Tabula2025000015', 0, 0),
(1851, 'NAB03', 'January', 2025, 70000, 'Tabula2025000015', 0, 0),
(1852, 'NAB03', 'February', 2025, 70000, 'Tabula2025000015', 0, 0),
(1853, 'NAB03', 'March', 2025, 70000, 'Tabula2025000015', 0, 0),
(1854, 'NAB03', 'April', 2025, 70000, 'Tabula2025000015', 0, 0),
(1855, 'NAB03', 'May', 2025, 70000, 'Tabula2025000015', 0, 0),
(1856, 'NAB03', 'June', 2025, 70000, 'Tabula2025000015', 0, 0),
(1857, 'NAB03', 'July', 2025, 70000, 'Tabula2025000015', 0, 0),
(1858, 'NAB03', 'August', 2025, 70000, 'Tabula2025000015', 0, 0),
(1859, 'NAB03', 'September', 2025, 70000, 'Tabula2025000015', 0, 0),
(1860, 'NAB03', 'October', 2025, 70000, 'Tabula2025000015', 0, 0),
(1861, 'NAB03', 'November', 2025, 70000, 'Tabula2025000015', 0, 0),
(1862, 'NAB03', 'December', 2025, 70000, 'Tabula2025000015', 0, 0),
(1863, 'NAB08', 'January', 2025, 130000, 'Tabula2025000015', 0, 0),
(1864, 'NAB08', 'February', 2025, 130000, 'Tabula2025000015', 0, 0),
(1865, 'NAB08', 'March', 2025, 130000, 'Tabula2025000015', 0, 0),
(1866, 'NAB08', 'April', 2025, 130000, 'Tabula2025000015', 0, 0),
(1867, 'NAB08', 'May', 2025, 130000, 'Tabula2025000015', 0, 0),
(1868, 'NAB08', 'June', 2025, 130000, 'Tabula2025000015', 0, 0),
(1869, 'NAB08', 'July', 2025, 130000, 'Tabula2025000015', 0, 0),
(1870, 'NAB08', 'August', 2025, 130000, 'Tabula2025000015', 0, 0),
(1871, 'NAB08', 'September', 2025, 130000, 'Tabula2025000015', 0, 0),
(1872, 'NAB08', 'October', 2025, 130000, 'Tabula2025000015', 0, 0),
(1873, 'NAB08', 'November', 2025, 130000, 'Tabula2025000015', 0, 0),
(1874, 'NAB08', 'December', 2025, 130000, 'Tabula2025000015', 0, 0),
(1875, 'NAB09', 'January', 2025, 80000, 'Tabula2025000015', 0, 0),
(1876, 'NAB09', 'February', 2025, 80000, 'Tabula2025000015', 0, 0),
(1877, 'NAB09', 'March', 2025, 80000, 'Tabula2025000015', 0, 0),
(1878, 'NAB09', 'April', 2025, 80000, 'Tabula2025000015', 0, 0),
(1879, 'NAB09', 'May', 2025, 80000, 'Tabula2025000015', 0, 0),
(1880, 'NAB09', 'June', 2025, 80000, 'Tabula2025000015', 0, 0),
(1881, 'NAB09', 'July', 2025, 80000, 'Tabula2025000015', 0, 0),
(1882, 'NAB09', 'August', 2025, 80000, 'Tabula2025000015', 0, 0),
(1883, 'NAB09', 'September', 2025, 80000, 'Tabula2025000015', 0, 0),
(1884, 'NAB09', 'October', 2025, 80000, 'Tabula2025000015', 0, 0),
(1885, 'NAB09', 'November', 2025, 80000, 'Tabula2025000015', 0, 0),
(1886, 'NAB09', 'December', 2025, 80000, 'Tabula2025000015', 0, 0),
(1887, 'NAB10', 'January', 2025, 120000, 'Tabula2025000015', 0, 0),
(1888, 'NAB10', 'February', 2025, 120000, 'Tabula2025000015', 0, 0),
(1889, 'NAB10', 'March', 2025, 120000, 'Tabula2025000015', 0, 0),
(1890, 'NAB10', 'April', 2025, 120000, 'Tabula2025000015', 0, 0),
(1891, 'NAB10', 'May', 2025, 120000, 'Tabula2025000015', 0, 0),
(1892, 'NAB10', 'June', 2025, 120000, 'Tabula2025000015', 0, 0),
(1893, 'NAB10', 'July', 2025, 120000, 'Tabula2025000015', 0, 0),
(1894, 'NAB10', 'August', 2025, 120000, 'Tabula2025000015', 0, 0),
(1895, 'NAB10', 'September', 2025, 120000, 'Tabula2025000015', 0, 0),
(1896, 'NAB10', 'October', 2025, 120000, 'Tabula2025000015', 0, 0),
(1897, 'NAB10', 'November', 2025, 120000, 'Tabula2025000015', 0, 0),
(1898, 'NAB10', 'December', 2025, 120000, 'Tabula2025000015', 0, 0),
(1899, 'NAB11', 'January', 2025, 130000, 'Tabula2025000015', 0, 0),
(1900, 'NAB11', 'February', 2025, 130000, 'Tabula2025000015', 0, 0),
(1901, 'NAB11', 'March', 2025, 130000, 'Tabula2025000015', 0, 0),
(1902, 'NAB11', 'April', 2025, 130000, 'Tabula2025000015', 0, 0),
(1903, 'NAB11', 'May', 2025, 130000, 'Tabula2025000015', 0, 0),
(1904, 'NAB11', 'June', 2025, 130000, 'Tabula2025000015', 0, 0),
(1905, 'NAB11', 'July', 2025, 130000, 'Tabula2025000015', 0, 0),
(1906, 'NAB11', 'August', 2025, 130000, 'Tabula2025000015', 0, 0),
(1907, 'NAB11', 'September', 2025, 130000, 'Tabula2025000015', 0, 0),
(1908, 'NAB11', 'October', 2025, 130000, 'Tabula2025000015', 0, 0),
(1909, 'NAB11', 'November', 2025, 130000, 'Tabula2025000015', 0, 0),
(1910, 'NAB11', 'December', 2025, 130000, 'Tabula2025000015', 0, 0),
(1911, 'BHK', 'January', 2025, 700000, '1', 0, 0),
(1912, 'BHK', 'February', 2025, 700000, '1', 0, 0),
(1913, 'BHK', 'March', 2025, 700000, '1', 0, 0),
(1914, 'BHK', 'April', 2025, 700000, '1', 0, 0),
(1915, 'BHK', 'May', 2025, 700000, '1', 0, 0),
(1916, 'BHK', 'June', 2025, 700000, '1', 0, 0),
(1917, 'BHK', 'July', 2025, 700000, '1', 0, 0),
(1918, 'BHK', 'August', 2025, 700000, '1', 0, 0),
(1919, 'BHK', 'September', 2025, 700000, '1', 0, 0),
(1920, 'BHK', 'October', 2025, 700000, '1', 0, 0),
(1921, 'BHK', 'November', 2025, 700000, '1', 0, 0),
(1922, 'BHK', 'December', 2025, 700000, '1', 0, 0),
(1923, 'NAB001', 'January', 2025, 70000, 'Tabula2025000015', 0, 0),
(1924, 'NAB001', 'February', 2025, 70000, 'Tabula2025000015', 0, 0),
(1925, 'NAB001', 'March', 2025, 70000, 'Tabula2025000015', 0, 0),
(1926, 'NAB001', 'April', 2025, 70000, 'Tabula2025000015', 0, 0),
(1927, 'NAB001', 'May', 2025, 70000, 'Tabula2025000015', 0, 0),
(1928, 'NAB001', 'June', 2025, 70000, 'Tabula2025000015', 0, 0),
(1929, 'NAB001', 'July', 2025, 70000, 'Tabula2025000015', 0, 0),
(1930, 'NAB001', 'August', 2025, 70000, 'Tabula2025000015', 0, 0),
(1931, 'NAB001', 'September', 2025, 70000, 'Tabula2025000015', 0, 0),
(1932, 'NAB001', 'October', 2025, 70000, 'Tabula2025000015', 0, 0),
(1933, 'NAB001', 'November', 2025, 70000, 'Tabula2025000015', 0, 0),
(1934, 'NAB001', 'December', 2025, 70000, 'Tabula2025000015', 0, 0),
(1935, 'NAKU01', 'January', 2025, 70000, 'Tabula2025000015', 0, 0),
(1936, 'NAKU01', 'February', 2025, 70000, 'Tabula2025000015', 0, 0),
(1937, 'NAKU01', 'March', 2025, 70000, 'Tabula2025000015', 0, 0),
(1938, 'NAKU01', 'April', 2025, 70000, 'Tabula2025000015', 0, 0),
(1939, 'NAKU01', 'May', 2025, 70000, 'Tabula2025000015', 0, 0),
(1940, 'NAKU01', 'June', 2025, 70000, 'Tabula2025000015', 0, 0),
(1941, 'NAKU01', 'July', 2025, 70000, 'Tabula2025000015', 0, 0),
(1942, 'NAKU01', 'August', 2025, 70000, 'Tabula2025000015', 0, 0),
(1943, 'NAKU01', 'September', 2025, 70000, 'Tabula2025000015', 0, 0),
(1944, 'NAKU01', 'October', 2025, 70000, 'Tabula2025000015', 0, 0),
(1945, 'NAKU01', 'November', 2025, 70000, 'Tabula2025000015', 0, 0),
(1946, 'NAKU01', 'December', 2025, 70000, 'Tabula2025000015', 0, 0),
(1947, 'NAKU02', 'January', 2025, 70000, 'Tabula2025000015', 0, 0),
(1948, 'NAKU02', 'February', 2025, 70000, 'Tabula2025000015', 0, 0),
(1949, 'NAKU02', 'March', 2025, 70000, 'Tabula2025000015', 0, 0),
(1950, 'NAKU02', 'April', 2025, 70000, 'Tabula2025000015', 0, 0),
(1951, 'NAKU02', 'May', 2025, 70000, 'Tabula2025000015', 0, 0),
(1952, 'NAKU02', 'June', 2025, 70000, 'Tabula2025000015', 0, 0),
(1953, 'NAKU02', 'July', 2025, 70000, 'Tabula2025000015', 0, 0),
(1954, 'NAKU02', 'August', 2025, 70000, 'Tabula2025000015', 0, 0),
(1955, 'NAKU02', 'September', 2025, 70000, 'Tabula2025000015', 0, 0),
(1956, 'NAKU02', 'October', 2025, 70000, 'Tabula2025000015', 0, 0),
(1957, 'NAKU02', 'November', 2025, 70000, 'Tabula2025000015', 0, 0),
(1958, 'NAKU02', 'December', 2025, 70000, 'Tabula2025000015', 0, 0),
(1959, 'NAKU03', 'January', 2025, 70000, 'Tabula2025000015', 0, 0),
(1960, 'NAKU03', 'February', 2025, 70000, 'Tabula2025000015', 0, 0),
(1961, 'NAKU03', 'March', 2025, 70000, 'Tabula2025000015', 0, 0),
(1962, 'NAKU03', 'April', 2025, 70000, 'Tabula2025000015', 0, 0),
(1963, 'NAKU03', 'May', 2025, 70000, 'Tabula2025000015', 0, 0),
(1964, 'NAKU03', 'June', 2025, 70000, 'Tabula2025000015', 0, 0),
(1965, 'NAKU03', 'July', 2025, 70000, 'Tabula2025000015', 0, 0),
(1966, 'NAKU03', 'August', 2025, 70000, 'Tabula2025000015', 0, 0),
(1967, 'NAKU03', 'September', 2025, 70000, 'Tabula2025000015', 0, 0),
(1968, 'NAKU03', 'October', 2025, 70000, 'Tabula2025000015', 0, 0),
(1969, 'NAKU03', 'November', 2025, 70000, 'Tabula2025000015', 0, 0),
(1970, 'NAKU03', 'December', 2025, 70000, 'Tabula2025000015', 0, 0),
(1971, 'NAKU04', 'January', 2025, 70000, 'Tabula2025000015', 0, 0),
(1972, 'NAKU04', 'February', 2025, 70000, 'Tabula2025000015', 0, 0),
(1973, 'NAKU04', 'March', 2025, 70000, 'Tabula2025000015', 0, 0),
(1974, 'NAKU04', 'April', 2025, 70000, 'Tabula2025000015', 0, 0),
(1975, 'NAKU04', 'May', 2025, 70000, 'Tabula2025000015', 0, 0),
(1976, 'NAKU04', 'June', 2025, 70000, 'Tabula2025000015', 0, 0),
(1977, 'NAKU04', 'July', 2025, 70000, 'Tabula2025000015', 0, 0),
(1978, 'NAKU04', 'August', 2025, 70000, 'Tabula2025000015', 0, 0),
(1979, 'NAKU04', 'September', 2025, 70000, 'Tabula2025000015', 0, 0),
(1980, 'NAKU04', 'October', 2025, 70000, 'Tabula2025000015', 0, 0),
(1981, 'NAKU04', 'November', 2025, 70000, 'Tabula2025000015', 0, 0),
(1982, 'NAKU04', 'December', 2025, 70000, 'Tabula2025000015', 0, 0),
(1983, 'NAKU05', 'January', 2025, 60000, 'Tabula2025000015', 0, 0),
(1984, 'NAKU05', 'February', 2025, 60000, 'Tabula2025000015', 0, 0),
(1985, 'NAKU05', 'March', 2025, 60000, 'Tabula2025000015', 0, 0),
(1986, 'NAKU05', 'April', 2025, 60000, 'Tabula2025000015', 0, 0),
(1987, 'NAKU05', 'May', 2025, 60000, 'Tabula2025000015', 0, 0),
(1988, 'NAKU05', 'June', 2025, 60000, 'Tabula2025000015', 0, 0),
(1989, 'NAKU05', 'July', 2025, 60000, 'Tabula2025000015', 0, 0),
(1990, 'NAKU05', 'August', 2025, 60000, 'Tabula2025000015', 0, 0),
(1991, 'NAKU05', 'September', 2025, 60000, 'Tabula2025000015', 0, 0),
(1992, 'NAKU05', 'October', 2025, 60000, 'Tabula2025000015', 0, 0),
(1993, 'NAKU05', 'November', 2025, 60000, 'Tabula2025000015', 0, 0),
(1994, 'NAKU05', 'December', 2025, 60000, 'Tabula2025000015', 0, 0),
(1995, 'NAKU06', 'January', 2025, 90000, 'Tabula2025000015', 0, 0),
(1996, 'NAKU06', 'February', 2025, 90000, 'Tabula2025000015', 0, 0),
(1997, 'NAKU06', 'March', 2025, 90000, 'Tabula2025000015', 0, 0),
(1998, 'NAKU06', 'April', 2025, 90000, 'Tabula2025000015', 0, 0),
(1999, 'NAKU06', 'May', 2025, 90000, 'Tabula2025000015', 0, 0),
(2000, 'NAKU06', 'June', 2025, 90000, 'Tabula2025000015', 0, 0),
(2001, 'NAKU06', 'July', 2025, 90000, 'Tabula2025000015', 0, 0),
(2002, 'NAKU06', 'August', 2025, 90000, 'Tabula2025000015', 0, 0),
(2003, 'NAKU06', 'September', 2025, 90000, 'Tabula2025000015', 0, 0),
(2004, 'NAKU06', 'October', 2025, 90000, 'Tabula2025000015', 0, 0),
(2005, 'NAKU06', 'November', 2025, 90000, 'Tabula2025000015', 0, 0),
(2006, 'NAKU06', 'December', 2025, 90000, 'Tabula2025000015', 0, 0),
(2007, 'NAKU07', 'January', 2025, 100000, 'Tabula2025000015', 0, 0),
(2008, 'NAKU07', 'February', 2025, 100000, 'Tabula2025000015', 0, 0),
(2009, 'NAKU07', 'March', 2025, 100000, 'Tabula2025000015', 0, 0),
(2010, 'NAKU07', 'April', 2025, 100000, 'Tabula2025000015', 0, 0),
(2011, 'NAKU07', 'May', 2025, 100000, 'Tabula2025000015', 0, 0),
(2012, 'NAKU07', 'June', 2025, 100000, 'Tabula2025000015', 0, 0),
(2013, 'NAKU07', 'July', 2025, 100000, 'Tabula2025000015', 0, 0),
(2014, 'NAKU07', 'August', 2025, 100000, 'Tabula2025000015', 0, 0),
(2015, 'NAKU07', 'September', 2025, 100000, 'Tabula2025000015', 0, 0),
(2016, 'NAKU07', 'October', 2025, 100000, 'Tabula2025000015', 0, 0),
(2017, 'NAKU07', 'November', 2025, 100000, 'Tabula2025000015', 0, 0),
(2018, 'NAKU07', 'December', 2025, 100000, 'Tabula2025000015', 0, 0),
(2019, 'NAKU08', 'January', 2025, 150000, 'Tabula2025000015', 0, 0),
(2020, 'NAKU08', 'February', 2025, 150000, 'Tabula2025000015', 0, 0),
(2021, 'NAKU08', 'March', 2025, 150000, 'Tabula2025000015', 0, 0),
(2022, 'NAKU08', 'April', 2025, 150000, 'Tabula2025000015', 0, 0),
(2023, 'NAKU08', 'May', 2025, 150000, 'Tabula2025000015', 0, 0),
(2024, 'NAKU08', 'June', 2025, 150000, 'Tabula2025000015', 0, 0),
(2025, 'NAKU08', 'July', 2025, 150000, 'Tabula2025000015', 0, 0),
(2026, 'NAKU08', 'August', 2025, 150000, 'Tabula2025000015', 0, 0),
(2027, 'NAKU08', 'September', 2025, 150000, 'Tabula2025000015', 0, 0),
(2028, 'NAKU08', 'October', 2025, 150000, 'Tabula2025000015', 0, 0),
(2029, 'NAKU08', 'November', 2025, 150000, 'Tabula2025000015', 0, 0),
(2030, 'NAKU08', 'December', 2025, 150000, 'Tabula2025000015', 0, 0),
(2031, 'NAKU09', 'January', 2025, 140000, 'Tabula2025000015', 0, 0),
(2032, 'NAKU09', 'February', 2025, 140000, 'Tabula2025000015', 0, 0),
(2033, 'NAKU09', 'March', 2025, 140000, 'Tabula2025000015', 0, 0),
(2034, 'NAKU09', 'April', 2025, 140000, 'Tabula2025000015', 0, 0),
(2035, 'NAKU09', 'May', 2025, 140000, 'Tabula2025000015', 0, 0),
(2036, 'NAKU09', 'June', 2025, 140000, 'Tabula2025000015', 0, 0),
(2037, 'NAKU09', 'July', 2025, 140000, 'Tabula2025000015', 0, 0),
(2038, 'NAKU09', 'August', 2025, 140000, 'Tabula2025000015', 0, 0),
(2039, 'NAKU09', 'September', 2025, 140000, 'Tabula2025000015', 0, 0),
(2040, 'NAKU09', 'October', 2025, 140000, 'Tabula2025000015', 0, 0),
(2041, 'NAKU09', 'November', 2025, 140000, 'Tabula2025000015', 0, 0),
(2042, 'NAKU09', 'December', 2025, 140000, 'Tabula2025000015', 0, 0),
(2043, 'NAKU10', 'January', 2025, 80000, 'Tabula2025000015', 0, 0),
(2044, 'NAKU10', 'February', 2025, 80000, 'Tabula2025000015', 0, 0),
(2045, 'NAKU10', 'March', 2025, 80000, 'Tabula2025000015', 0, 0),
(2046, 'NAKU10', 'April', 2025, 80000, 'Tabula2025000015', 0, 0),
(2047, 'NAKU10', 'May', 2025, 80000, 'Tabula2025000015', 0, 0),
(2048, 'NAKU10', 'June', 2025, 80000, 'Tabula2025000015', 0, 0),
(2049, 'NAKU10', 'July', 2025, 80000, 'Tabula2025000015', 0, 0),
(2050, 'NAKU10', 'August', 2025, 80000, 'Tabula2025000015', 0, 0),
(2051, 'NAKU10', 'September', 2025, 80000, 'Tabula2025000015', 0, 0),
(2052, 'NAKU10', 'October', 2025, 80000, 'Tabula2025000015', 0, 0),
(2053, 'NAKU10', 'November', 2025, 80000, 'Tabula2025000015', 0, 0),
(2054, 'NAKU10', 'December', 2025, 80000, 'Tabula2025000015', 0, 0),
(2055, 'NAKU11', 'January', 2025, 100000, 'Tabula2025000015', 0, 0),
(2056, 'NAKU11', 'February', 2025, 100000, 'Tabula2025000015', 0, 0),
(2057, 'NAKU11', 'March', 2025, 100000, 'Tabula2025000015', 0, 0),
(2058, 'NAKU11', 'April', 2025, 100000, 'Tabula2025000015', 0, 0),
(2059, 'NAKU11', 'May', 2025, 100000, 'Tabula2025000015', 0, 0),
(2060, 'NAKU11', 'June', 2025, 100000, 'Tabula2025000015', 0, 0),
(2061, 'NAKU11', 'July', 2025, 100000, 'Tabula2025000015', 0, 0),
(2062, 'NAKU11', 'August', 2025, 100000, 'Tabula2025000015', 0, 0),
(2063, 'NAKU11', 'September', 2025, 100000, 'Tabula2025000015', 0, 0),
(2064, 'NAKU11', 'October', 2025, 100000, 'Tabula2025000015', 0, 0),
(2065, 'NAKU11', 'November', 2025, 100000, 'Tabula2025000015', 0, 0),
(2066, 'NAKU11', 'December', 2025, 100000, 'Tabula2025000015', 0, 0),
(2067, 'NAKU12', 'January', 2025, 80000, 'Tabula2025000015', 0, 0),
(2068, 'NAKU12', 'February', 2025, 80000, 'Tabula2025000015', 0, 0),
(2069, 'NAKU12', 'March', 2025, 80000, 'Tabula2025000015', 0, 0),
(2070, 'NAKU12', 'April', 2025, 80000, 'Tabula2025000015', 0, 0),
(2071, 'NAKU12', 'May', 2025, 80000, 'Tabula2025000015', 0, 0),
(2072, 'NAKU12', 'June', 2025, 80000, 'Tabula2025000015', 0, 0),
(2073, 'NAKU12', 'July', 2025, 80000, 'Tabula2025000015', 0, 0),
(2074, 'NAKU12', 'August', 2025, 80000, 'Tabula2025000015', 0, 0),
(2075, 'NAKU12', 'September', 2025, 80000, 'Tabula2025000015', 0, 0),
(2076, 'NAKU12', 'October', 2025, 80000, 'Tabula2025000015', 0, 0),
(2077, 'NAKU12', 'November', 2025, 80000, 'Tabula2025000015', 0, 0),
(2078, 'NAKU12', 'December', 2025, 80000, 'Tabula2025000015', 0, 0),
(2079, 'NAKU13', 'January', 2025, 80000, 'Tabula2025000015', 0, 0),
(2080, 'NAKU13', 'February', 2025, 80000, 'Tabula2025000015', 0, 0),
(2081, 'NAKU13', 'March', 2025, 80000, 'Tabula2025000015', 0, 0),
(2082, 'NAKU13', 'April', 2025, 80000, 'Tabula2025000015', 0, 0),
(2083, 'NAKU13', 'May', 2025, 80000, 'Tabula2025000015', 0, 0),
(2084, 'NAKU13', 'June', 2025, 80000, 'Tabula2025000015', 0, 0),
(2085, 'NAKU13', 'July', 2025, 80000, 'Tabula2025000015', 0, 0),
(2086, 'NAKU13', 'August', 2025, 80000, 'Tabula2025000015', 0, 0),
(2087, 'NAKU13', 'September', 2025, 80000, 'Tabula2025000015', 0, 0),
(2088, 'NAKU13', 'October', 2025, 80000, 'Tabula2025000015', 0, 0),
(2089, 'NAKU13', 'November', 2025, 80000, 'Tabula2025000015', 0, 0),
(2090, 'NAKU13', 'December', 2025, 80000, 'Tabula2025000015', 0, 0),
(2091, 'NAKU14', 'January', 2025, 80000, 'Tabula2025000015', 0, 0),
(2092, 'NAKU14', 'February', 2025, 80000, 'Tabula2025000015', 0, 0),
(2093, 'NAKU14', 'March', 2025, 80000, 'Tabula2025000015', 0, 0),
(2094, 'NAKU14', 'April', 2025, 80000, 'Tabula2025000015', 0, 0),
(2095, 'NAKU14', 'May', 2025, 80000, 'Tabula2025000015', 0, 0),
(2096, 'NAKU14', 'June', 2025, 80000, 'Tabula2025000015', 0, 0),
(2097, 'NAKU14', 'July', 2025, 80000, 'Tabula2025000015', 0, 0),
(2098, 'NAKU14', 'August', 2025, 80000, 'Tabula2025000015', 0, 0),
(2099, 'NAKU14', 'September', 2025, 80000, 'Tabula2025000015', 0, 0),
(2100, 'NAKU14', 'October', 2025, 80000, 'Tabula2025000015', 0, 0),
(2101, 'NAKU14', 'November', 2025, 80000, 'Tabula2025000015', 0, 0),
(2102, 'NAKU14', 'December', 2025, 80000, 'Tabula2025000015', 0, 0),
(2103, 'NAKU15', 'January', 2025, 80000, 'Tabula2025000015', 0, 0),
(2104, 'NAKU15', 'February', 2025, 80000, 'Tabula2025000015', 0, 0),
(2105, 'NAKU15', 'March', 2025, 80000, 'Tabula2025000015', 0, 0),
(2106, 'NAKU15', 'April', 2025, 80000, 'Tabula2025000015', 0, 0),
(2107, 'NAKU15', 'May', 2025, 80000, 'Tabula2025000015', 0, 0),
(2108, 'NAKU15', 'June', 2025, 80000, 'Tabula2025000015', 0, 0),
(2109, 'NAKU15', 'July', 2025, 80000, 'Tabula2025000015', 0, 0),
(2110, 'NAKU15', 'August', 2025, 80000, 'Tabula2025000015', 0, 0),
(2111, 'NAKU15', 'September', 2025, 80000, 'Tabula2025000015', 0, 0),
(2112, 'NAKU15', 'October', 2025, 80000, 'Tabula2025000015', 0, 0),
(2113, 'NAKU15', 'November', 2025, 80000, 'Tabula2025000015', 0, 0),
(2114, 'NAKU15', 'December', 2025, 80000, 'Tabula2025000015', 0, 0),
(2115, 'NAB05', 'January', 2025, 70000, 'Tabula2025000015', 0, 0),
(2116, 'NAB05', 'February', 2025, 70000, 'Tabula2025000015', 0, 0),
(2117, 'NAB05', 'March', 2025, 70000, 'Tabula2025000015', 0, 0),
(2118, 'NAB05', 'April', 2025, 70000, 'Tabula2025000015', 0, 0),
(2119, 'NAB05', 'May', 2025, 70000, 'Tabula2025000015', 0, 0),
(2120, 'NAB05', 'June', 2025, 70000, 'Tabula2025000015', 0, 0),
(2121, 'NAB05', 'July', 2025, 70000, 'Tabula2025000015', 0, 0),
(2122, 'NAB05', 'August', 2025, 70000, 'Tabula2025000015', 0, 0),
(2123, 'NAB05', 'September', 2025, 70000, 'Tabula2025000015', 0, 0),
(2124, 'NAB05', 'October', 2025, 70000, 'Tabula2025000015', 0, 0),
(2125, 'NAB05', 'November', 2025, 70000, 'Tabula2025000015', 0, 0),
(2126, 'NAB05', 'December', 2025, 70000, 'Tabula2025000015', 0, 0),
(2127, 'NAB13', 'January', 2025, 130000, 'Tabula2025000015', 0, 0),
(2128, 'NAB13', 'February', 2025, 130000, 'Tabula2025000015', 0, 0),
(2129, 'NAB13', 'March', 2025, 130000, 'Tabula2025000015', 0, 0),
(2130, 'NAB13', 'April', 2025, 130000, 'Tabula2025000015', 0, 0),
(2131, 'NAB13', 'May', 2025, 130000, 'Tabula2025000015', 0, 0),
(2132, 'NAB13', 'June', 2025, 130000, 'Tabula2025000015', 0, 0),
(2133, 'NAB13', 'July', 2025, 130000, 'Tabula2025000015', 0, 0),
(2134, 'NAB13', 'August', 2025, 130000, 'Tabula2025000015', 0, 0),
(2135, 'NAB13', 'September', 2025, 130000, 'Tabula2025000015', 0, 0),
(2136, 'NAB13', 'October', 2025, 130000, 'Tabula2025000015', 0, 0),
(2137, 'NAB13', 'November', 2025, 130000, 'Tabula2025000015', 0, 0),
(2138, 'NAB13', 'December', 2025, 130000, 'Tabula2025000015', 0, 0),
(2139, 'KAB07', 'January', 2025, 80000, 'Tabula2025000015', 0, 0),
(2140, 'KAB07', 'February', 2025, 80000, 'Tabula2025000015', 0, 0),
(2141, 'KAB07', 'March', 2025, 80000, 'Tabula2025000015', 0, 0),
(2142, 'KAB07', 'April', 2025, 80000, 'Tabula2025000015', 0, 0),
(2143, 'KAB07', 'May', 2025, 80000, 'Tabula2025000015', 0, 0),
(2144, 'KAB07', 'June', 2025, 80000, 'Tabula2025000015', 0, 0),
(2145, 'KAB07', 'July', 2025, 80000, 'Tabula2025000015', 0, 0),
(2146, 'KAB07', 'August', 2025, 80000, 'Tabula2025000015', 0, 0),
(2147, 'KAB07', 'September', 2025, 80000, 'Tabula2025000015', 0, 0),
(2148, 'KAB07', 'October', 2025, 80000, 'Tabula2025000015', 0, 0),
(2149, 'KAB07', 'November', 2025, 80000, 'Tabula2025000015', 0, 0),
(2150, 'KAB07', 'December', 2025, 80000, 'Tabula2025000015', 0, 0),
(2151, 'PLOT36', 'January', 2025, 25000000, '1', 0, 0),
(2152, 'PLOT36', 'February', 2025, 25000000, '1', 0, 0),
(2153, 'PLOT36', 'March', 2025, 25000000, '1', 0, 0),
(2154, 'PLOT36', 'April', 2025, 25000000, '1', 0, 0),
(2155, 'PLOT36', 'May', 2025, 25000000, '1', 0, 0),
(2156, 'PLOT36', 'June', 2025, 25000000, '1', 0, 0),
(2157, 'PLOT36', 'July', 2025, 25000000, '1', 0, 0),
(2158, 'PLOT36', 'August', 2025, 25000000, '1', 0, 0),
(2159, 'PLOT36', 'September', 2025, 25000000, '1', 0, 0),
(2160, 'PLOT36', 'October', 2025, 25000000, '1', 0, 0),
(2161, 'PLOT36', 'November', 2025, 25000000, '1', 0, 0),
(2162, 'PLOT36', 'December', 2025, 25000000, '1', 0, 0),
(2163, 'plot1474_sala', 'January', 2025, 24000000, 'GE2025000018', 0, 0),
(2164, 'plot1474_sala', 'February', 2025, 24000000, 'GE2025000018', 0, 0),
(2165, 'plot1474_sala', 'March', 2025, 24000000, 'GE2025000018', 0, 0),
(2166, 'plot1474_sala', 'April', 2025, 24000000, 'GE2025000018', 0, 0),
(2167, 'plot1474_sala', 'May', 2025, 24000000, 'GE2025000018', 0, 0),
(2168, 'plot1474_sala', 'June', 2025, 24000000, 'GE2025000018', 0, 0),
(2169, 'plot1474_sala', 'July', 2025, 24000000, 'GE2025000018', 0, 0),
(2170, 'plot1474_sala', 'August', 2025, 24000000, 'GE2025000018', 0, 0),
(2171, 'plot1474_sala', 'September', 2025, 24000000, 'GE2025000018', 0, 0),
(2172, 'plot1474_sala', 'October', 2025, 24000000, 'GE2025000018', 0, 0),
(2173, 'plot1474_sala', 'November', 2025, 24000000, 'GE2025000018', 0, 0),
(2174, 'plot1474_sala', 'December', 2025, 24000000, 'GE2025000018', 0, 0),
(2175, 'Plot1475_Sala', 'January', 2025, 24000000, 'GE2025000018', 0, 0),
(2176, 'Plot1475_Sala', 'February', 2025, 24000000, 'GE2025000018', 0, 0),
(2177, 'Plot1475_Sala', 'March', 2025, 24000000, 'GE2025000018', 0, 0),
(2178, 'Plot1475_Sala', 'April', 2025, 24000000, 'GE2025000018', 0, 0),
(2179, 'Plot1475_Sala', 'May', 2025, 24000000, 'GE2025000018', 0, 0),
(2180, 'Plot1475_Sala', 'June', 2025, 24000000, 'GE2025000018', 0, 0),
(2181, 'Plot1475_Sala', 'July', 2025, 24000000, 'GE2025000018', 0, 0),
(2182, 'Plot1475_Sala', 'August', 2025, 24000000, 'GE2025000018', 0, 0),
(2183, 'Plot1475_Sala', 'September', 2025, 24000000, 'GE2025000018', 0, 0),
(2184, 'Plot1475_Sala', 'October', 2025, 24000000, 'GE2025000018', 0, 0),
(2185, 'Plot1475_Sala', 'November', 2025, 24000000, 'GE2025000018', 0, 0),
(2186, 'Plot1475_Sala', 'December', 2025, 24000000, 'GE2025000018', 0, 0),
(2187, 'Plot1476_Sala', 'January', 2025, 24000000, 'GE2025000018', 0, 0),
(2188, 'Plot1476_Sala', 'February', 2025, 24000000, 'GE2025000018', 0, 0),
(2189, 'Plot1476_Sala', 'March', 2025, 24000000, 'GE2025000018', 0, 0),
(2190, 'Plot1476_Sala', 'April', 2025, 24000000, 'GE2025000018', 0, 0),
(2191, 'Plot1476_Sala', 'May', 2025, 24000000, 'GE2025000018', 0, 0),
(2192, 'Plot1476_Sala', 'June', 2025, 24000000, 'GE2025000018', 0, 0),
(2193, 'Plot1476_Sala', 'July', 2025, 24000000, 'GE2025000018', 0, 0),
(2194, 'Plot1476_Sala', 'August', 2025, 24000000, 'GE2025000018', 0, 0),
(2195, 'Plot1476_Sala', 'September', 2025, 24000000, 'GE2025000018', 0, 0),
(2196, 'Plot1476_Sala', 'October', 2025, 24000000, 'GE2025000018', 0, 0),
(2197, 'Plot1476_Sala', 'November', 2025, 24000000, 'GE2025000018', 0, 0),
(2198, 'Plot1476_Sala', 'December', 2025, 24000000, 'GE2025000018', 0, 0),
(2199, 'Plot1477_Sala', 'June', 2025, 24000000, 'GE2025000018', 0, 0),
(2200, 'Plot1477_Sala', 'July', 2025, 24000000, 'GE2025000018', 0, 0),
(2201, 'Plot1477_Sala', 'August', 2025, 24000000, 'GE2025000018', 0, 0),
(2202, 'Plot1477_Sala', 'September', 2025, 24000000, 'GE2025000018', 0, 0),
(2203, 'Plot1477_Sala', 'October', 2025, 24000000, 'GE2025000018', 0, 0),
(2204, 'Plot1477_Sala', 'November', 2025, 24000000, 'GE2025000018', 0, 0),
(2205, 'Plot1477_Sala', 'December', 2025, 24000000, 'GE2025000018', 0, 0),
(2206, 'Plot1478_Sala', 'June', 2025, 24000000, 'GE2025000018', 0, 0),
(2207, 'Plot1478_Sala', 'July', 2025, 24000000, 'GE2025000018', 0, 0),
(2208, 'Plot1478_Sala', 'August', 2025, 24000000, 'GE2025000018', 0, 0),
(2209, 'Plot1478_Sala', 'September', 2025, 24000000, 'GE2025000018', 0, 0),
(2210, 'Plot1478_Sala', 'October', 2025, 24000000, 'GE2025000018', 0, 0),
(2211, 'Plot1478_Sala', 'November', 2025, 24000000, 'GE2025000018', 0, 0),
(2212, 'Plot1478_Sala', 'December', 2025, 24000000, 'GE2025000018', 0, 0),
(2360, 'WKE0001', 'July', 2025, 100000000, 'GE2025000018', 0, 0),
(2361, 'WKE0002', 'July', 2025, 34000000, 'GE2025000018', 0, 0),
(2357, 'Plot1479_Sala', 'July', 2025, 24000000, 'GE2025000018', 0, 0),
(2220, 'Plot1480_Sala', 'June', 2025, 24000000, 'GE2025000018', 0, 0),
(2221, 'Plot1480_Sala', 'July', 2025, 24000000, 'GE2025000018', 0, 0),
(2222, 'Plot1480_Sala', 'August', 2025, 24000000, 'GE2025000018', 0, 0),
(2223, 'Plot1480_Sala', 'September', 2025, 24000000, 'GE2025000018', 0, 0),
(2224, 'Plot1480_Sala', 'October', 2025, 24000000, 'GE2025000018', 0, 0),
(2225, 'Plot1480_Sala', 'November', 2025, 24000000, 'GE2025000018', 0, 0),
(2226, 'Plot1480_Sala', 'December', 2025, 24000000, 'GE2025000018', 0, 0),
(2227, 'Plot1482_Sala', 'June', 2025, 24000000, 'GE2025000018', 0, 0),
(2228, 'Plot1482_Sala', 'July', 2025, 24000000, 'GE2025000018', 0, 0),
(2229, 'Plot1482_Sala', 'August', 2025, 24000000, 'GE2025000018', 0, 0),
(2230, 'Plot1482_Sala', 'September', 2025, 24000000, 'GE2025000018', 0, 0),
(2231, 'Plot1482_Sala', 'October', 2025, 24000000, 'GE2025000018', 0, 0),
(2232, 'Plot1482_Sala', 'November', 2025, 24000000, 'GE2025000018', 0, 0),
(2233, 'Plot1482_Sala', 'December', 2025, 24000000, 'GE2025000018', 0, 0),
(2234, 'Plot1483_Sala', 'June', 2025, 24000000, 'GE2025000018', 0, 0),
(2235, 'Plot1483_Sala', 'July', 2025, 24000000, 'GE2025000018', 0, 0),
(2236, 'Plot1483_Sala', 'August', 2025, 24000000, 'GE2025000018', 0, 0),
(2237, 'Plot1483_Sala', 'September', 2025, 24000000, 'GE2025000018', 0, 0),
(2238, 'Plot1483_Sala', 'October', 2025, 24000000, 'GE2025000018', 0, 0),
(2239, 'Plot1483_Sala', 'November', 2025, 24000000, 'GE2025000018', 0, 0),
(2240, 'Plot1483_Sala', 'December', 2025, 24000000, 'GE2025000018', 0, 0),
(2241, 'Plot1484_Sala', 'June', 2025, 24000000, 'GE2025000018', 0, 0),
(2242, 'Plot1484_Sala', 'July', 2025, 24000000, 'GE2025000018', 0, 0),
(2243, 'Plot1484_Sala', 'August', 2025, 24000000, 'GE2025000018', 0, 0),
(2244, 'Plot1484_Sala', 'September', 2025, 24000000, 'GE2025000018', 0, 0),
(2245, 'Plot1484_Sala', 'October', 2025, 24000000, 'GE2025000018', 0, 0),
(2246, 'Plot1484_Sala', 'November', 2025, 24000000, 'GE2025000018', 0, 0),
(2247, 'Plot1484_Sala', 'December', 2025, 24000000, 'GE2025000018', 0, 0),
(2248, 'Plot1485_Sala', 'June', 2025, 24000000, 'GE2025000018', 0, 0),
(2249, 'Plot1485_Sala', 'July', 2025, 24000000, 'GE2025000018', 0, 0),
(2250, 'Plot1485_Sala', 'August', 2025, 24000000, 'GE2025000018', 0, 0),
(2251, 'Plot1485_Sala', 'September', 2025, 24000000, 'GE2025000018', 0, 0),
(2252, 'Plot1485_Sala', 'October', 2025, 24000000, 'GE2025000018', 0, 0),
(2253, 'Plot1485_Sala', 'November', 2025, 24000000, 'GE2025000018', 0, 0),
(2254, 'Plot1485_Sala', 'December', 2025, 24000000, 'GE2025000018', 0, 0),
(2255, 'Plot1486_Sala', 'June', 2025, 24000000, 'GE2025000018', 0, 0),
(2256, 'Plot1486_Sala', 'July', 2025, 24000000, 'GE2025000018', 0, 0),
(2257, 'Plot1486_Sala', 'August', 2025, 24000000, 'GE2025000018', 0, 0),
(2258, 'Plot1486_Sala', 'September', 2025, 24000000, 'GE2025000018', 0, 0),
(2259, 'Plot1486_Sala', 'October', 2025, 24000000, 'GE2025000018', 0, 0),
(2260, 'Plot1486_Sala', 'November', 2025, 24000000, 'GE2025000018', 0, 0),
(2261, 'Plot1486_Sala', 'December', 2025, 24000000, 'GE2025000018', 0, 0),
(2262, 'Plot1487_Sala', 'June', 2025, 24000000, 'GE2025000018', 0, 0),
(2263, 'Plot1487_Sala', 'July', 2025, 24000000, 'GE2025000018', 0, 0),
(2264, 'Plot1487_Sala', 'August', 2025, 24000000, 'GE2025000018', 0, 0),
(2265, 'Plot1487_Sala', 'September', 2025, 24000000, 'GE2025000018', 0, 0),
(2266, 'Plot1487_Sala', 'October', 2025, 24000000, 'GE2025000018', 0, 0),
(2267, 'Plot1487_Sala', 'November', 2025, 24000000, 'GE2025000018', 0, 0),
(2268, 'Plot1487_Sala', 'December', 2025, 24000000, 'GE2025000018', 0, 0),
(2269, 'Plot1489_Sala', 'June', 2025, 24000000, 'GE2025000018', 0, 0),
(2270, 'Plot1489_Sala', 'July', 2025, 24000000, 'GE2025000018', 0, 0),
(2271, 'Plot1489_Sala', 'August', 2025, 24000000, 'GE2025000018', 0, 0),
(2272, 'Plot1489_Sala', 'September', 2025, 24000000, 'GE2025000018', 0, 0),
(2273, 'Plot1489_Sala', 'October', 2025, 24000000, 'GE2025000018', 0, 0),
(2274, 'Plot1489_Sala', 'November', 2025, 24000000, 'GE2025000018', 0, 0),
(2275, 'Plot1489_Sala', 'December', 2025, 24000000, 'GE2025000018', 0, 0),
(2276, 'Plot1490_Sala', 'June', 2025, 24000000, 'GE2025000018', 0, 0),
(2277, 'Plot1490_Sala', 'July', 2025, 24000000, 'GE2025000018', 0, 0),
(2278, 'Plot1490_Sala', 'August', 2025, 24000000, 'GE2025000018', 0, 0),
(2279, 'Plot1490_Sala', 'September', 2025, 24000000, 'GE2025000018', 0, 0),
(2280, 'Plot1490_Sala', 'October', 2025, 24000000, 'GE2025000018', 0, 0),
(2281, 'Plot1490_Sala', 'November', 2025, 24000000, 'GE2025000018', 0, 0),
(2282, 'Plot1490_Sala', 'December', 2025, 24000000, 'GE2025000018', 0, 0),
(2283, 'Plot1491_Sala', 'June', 2025, 24000000, 'GE2025000018', 0, 0),
(2284, 'Plot1491_Sala', 'July', 2025, 24000000, 'GE2025000018', 0, 0),
(2285, 'Plot1491_Sala', 'August', 2025, 24000000, 'GE2025000018', 0, 0),
(2286, 'Plot1491_Sala', 'September', 2025, 24000000, 'GE2025000018', 0, 0),
(2287, 'Plot1491_Sala', 'October', 2025, 24000000, 'GE2025000018', 0, 0),
(2288, 'Plot1491_Sala', 'November', 2025, 24000000, 'GE2025000018', 0, 0),
(2289, 'Plot1491_Sala', 'December', 2025, 24000000, 'GE2025000018', 0, 0),
(2290, 'Plot1492_Sala', 'June', 2025, 24000000, 'GE2025000018', 0, 0),
(2291, 'Plot1492_Sala', 'July', 2025, 24000000, 'GE2025000018', 0, 0),
(2292, 'Plot1492_Sala', 'August', 2025, 24000000, 'GE2025000018', 0, 0),
(2293, 'Plot1492_Sala', 'September', 2025, 24000000, 'GE2025000018', 0, 0),
(2294, 'Plot1492_Sala', 'October', 2025, 24000000, 'GE2025000018', 0, 0),
(2295, 'Plot1492_Sala', 'November', 2025, 24000000, 'GE2025000018', 0, 0),
(2296, 'Plot1492_Sala', 'December', 2025, 24000000, 'GE2025000018', 0, 0),
(2297, 'Plot1495_Sala', 'June', 2025, 24000000, 'GE2025000018', 0, 0),
(2298, 'Plot1495_Sala', 'July', 2025, 24000000, 'GE2025000018', 0, 0),
(2299, 'Plot1495_Sala', 'August', 2025, 24000000, 'GE2025000018', 0, 0),
(2300, 'Plot1495_Sala', 'September', 2025, 24000000, 'GE2025000018', 0, 0),
(2301, 'Plot1495_Sala', 'October', 2025, 24000000, 'GE2025000018', 0, 0),
(2302, 'Plot1495_Sala', 'November', 2025, 24000000, 'GE2025000018', 0, 0),
(2303, 'Plot1495_Sala', 'December', 2025, 24000000, 'GE2025000018', 0, 0),
(2304, 'Plot1496_Sala', 'June', 2025, 24000000, 'GE2025000018', 0, 0),
(2305, 'Plot1496_Sala', 'July', 2025, 24000000, 'GE2025000018', 0, 0),
(2306, 'Plot1496_Sala', 'August', 2025, 24000000, 'GE2025000018', 0, 0),
(2307, 'Plot1496_Sala', 'September', 2025, 24000000, 'GE2025000018', 0, 0),
(2308, 'Plot1496_Sala', 'October', 2025, 24000000, 'GE2025000018', 0, 0),
(2309, 'Plot1496_Sala', 'November', 2025, 24000000, 'GE2025000018', 0, 0),
(2310, 'Plot1496_Sala', 'December', 2025, 24000000, 'GE2025000018', 0, 0),
(2311, 'Plot1497_Sala', 'June', 2025, 24000000, 'GE2025000018', 0, 0),
(2318, 'Plot1498_Sala', 'June', 2025, 24000000, 'GE2025000018', 0, 0),
(2319, 'Plot1498_Sala', 'July', 2025, 24000000, 'GE2025000018', 0, 0),
(2320, 'Plot1498_Sala', 'August', 2025, 24000000, 'GE2025000018', 0, 0),
(2321, 'Plot1498_Sala', 'September', 2025, 24000000, 'GE2025000018', 0, 0),
(2322, 'Plot1498_Sala', 'October', 2025, 24000000, 'GE2025000018', 0, 0),
(2323, 'Plot1498_Sala', 'November', 2025, 24000000, 'GE2025000018', 0, 0),
(2324, 'Plot1498_Sala', 'December', 2025, 24000000, 'GE2025000018', 0, 0),
(2325, 'Plot1499_Sala', 'June', 2025, 24000000, 'GE2025000018', 0, 0),
(2326, 'Plot1499_Sala', 'July', 2025, 24000000, 'GE2025000018', 0, 0),
(2327, 'Plot1499_Sala', 'August', 2025, 24000000, 'GE2025000018', 0, 0),
(2328, 'Plot1499_Sala', 'September', 2025, 24000000, 'GE2025000018', 0, 0),
(2329, 'Plot1499_Sala', 'October', 2025, 24000000, 'GE2025000018', 0, 0),
(2330, 'Plot1499_Sala', 'November', 2025, 24000000, 'GE2025000018', 0, 0),
(2331, 'Plot1499_Sala', 'December', 2025, 24000000, 'GE2025000018', 0, 0),
(2332, 'Plot1500_Sala', 'June', 2025, 24000000, 'GE2025000018', 0, 0),
(2333, 'Plot1500_Sala', 'July', 2025, 24000000, 'GE2025000018', 0, 0),
(2334, 'Plot1500_Sala', 'August', 2025, 24000000, 'GE2025000018', 0, 0),
(2335, 'Plot1500_Sala', 'September', 2025, 24000000, 'GE2025000018', 0, 0),
(2336, 'Plot1500_Sala', 'October', 2025, 24000000, 'GE2025000018', 0, 0),
(2337, 'Plot1500_Sala', 'November', 2025, 24000000, 'GE2025000018', 0, 0),
(2338, 'Plot1500_Sala', 'December', 2025, 24000000, 'GE2025000018', 0, 0),
(2339, 'Plot1501_Sala', 'June', 2025, 24000000, 'GE2025000018', 0, 0),
(2340, 'Plot1501_Sala', 'July', 2025, 24000000, 'GE2025000018', 0, 0),
(2341, 'Plot1501_Sala', 'August', 2025, 24000000, 'GE2025000018', 0, 0),
(2342, 'Plot1501_Sala', 'September', 2025, 24000000, 'GE2025000018', 0, 0),
(2343, 'Plot1501_Sala', 'October', 2025, 24000000, 'GE2025000018', 0, 0),
(2344, 'Plot1501_Sala', 'November', 2025, 24000000, 'GE2025000018', 0, 0),
(2345, 'Plot1501_Sala', 'December', 2025, 24000000, 'GE2025000018', 0, 0),
(2346, 'Plot1502_Sala', 'June', 2025, 24000000, 'GE2025000018', 0, 0),
(2347, 'Plot1502_Sala', 'July', 2025, 24000000, 'GE2025000018', 0, 0),
(2348, 'Plot1502_Sala', 'August', 2025, 24000000, 'GE2025000018', 0, 0),
(2349, 'Plot1502_Sala', 'September', 2025, 24000000, 'GE2025000018', 0, 0),
(2350, 'Plot1502_Sala', 'October', 2025, 24000000, 'GE2025000018', 0, 0),
(2351, 'Plot1502_Sala', 'November', 2025, 24000000, 'GE2025000018', 0, 0),
(2352, 'Plot1502_Sala', 'December', 2025, 24000000, 'GE2025000018', 0, 0),
(2355, '9524', 'July', 2025, 15000000, 'GE2025000018', 0, 0),
(2356, 'BH001', 'July', 2025, 300000, '1', 0, 0);

-- --------------------------------------------------------

--
-- Table structure for table `house_renting`
--

DROP TABLE IF EXISTS `house_renting`;
CREATE TABLE IF NOT EXISTS `house_renting` (
  `ID` int(100) NOT NULL AUTO_INCREMENT,
  `tenant_id` varchar(100) NOT NULL,
  `house_id` varchar(100) NOT NULL,
  `date_in` date NOT NULL,
  `Status` int(200) NOT NULL DEFAULT '1',
  `shopid` varchar(255) DEFAULT NULL,
  `Price` int(255) NOT NULL,
  `category_id` int(50) NOT NULL,
  PRIMARY KEY (`ID`)
) ENGINE=MyISAM AUTO_INCREMENT=281 DEFAULT CHARSET=latin1;

--
-- Dumping data for table `house_renting`
--

INSERT INTO `house_renting` (`ID`, `tenant_id`, `house_id`, `date_in`, `Status`, `shopid`, `Price`, `category_id`) VALUES
(81, 'MWS/002', '58', '2024-08-31', 1, 'MWS2024000003', 0, 0),
(51, '5', '27', '2024-08-20', 1, 'WBG2024000005', 0, 0),
(50, '4', '24', '2024-08-20', 1, 'WBG2024000005', 0, 0),
(49, '3', '23', '2024-08-20', 1, 'WBG2024000005', 0, 0),
(80, 'MWS/001', '56', '2024-08-31', 1, 'MWS2024000003', 0, 0),
(47, '1', '20', '2024-08-20', 1, 'WBG2024000005', 0, 0),
(54, '8', '30', '2024-08-20', 1, 'WBG2024000005', 0, 0),
(55, '9', '31', '2024-08-20', 1, 'WBG2024000005', 0, 0),
(56, '10', '33', '2024-08-20', 1, 'WBG2024000005', 0, 0),
(57, '11', '34', '2024-08-20', 1, 'WBG2024000005', 0, 0),
(58, 'BH3', 'L4005', '2024-08-20', 1, '1', 0, 0),
(59, 'BH5', 'L4003', '2024-08-20', 1, '1', 0, 0),
(60, 'BH5', 'L4002', '2024-08-20', 0, '1', 0, 0),
(61, 'BH6', 'L4001', '2024-08-20', 1, '1', 0, 0),
(62, 'BH6', 'L3001', '2024-08-20', 0, '1', 0, 0),
(63, 'BH8', 'L3005', '2024-08-20', 0, '1', 0, 0),
(64, 'BH9', 'L3003', '2024-08-20', 1, '1', 0, 0),
(65, 'BH8', 'L3005', '2024-08-20', 0, '1', 0, 0),
(66, 'BH11', 'L3004', '2024-08-20', 1, '1', 0, 0),
(67, 'BH12', 'L2005', '2024-08-20', 0, '1', 0, 0),
(68, 'BH14', 'L2004', '2024-08-20', 1, '1', 0, 0),
(69, 'BH22', 'L2002', '2024-08-20', 1, '1', 0, 0),
(70, 'BH20', 'L2003', '2024-08-20', 0, '1', 0, 0),
(71, 'BH13', 'L2001', '2024-08-20', 1, '1', 0, 0),
(72, 'BH17', 'L1004', '2024-08-20', 1, '1', 0, 0),
(73, 'BH16', 'L1003', '2024-08-20', 1, '1', 0, 0),
(74, 'BH15', 'L1002', '2024-08-23', 1, '1', 0, 0),
(75, '33_BHK001', 'G001', '2025-04-23', 1, '1', 0, 0),
(76, 'BH1', 'G002', '2024-08-30', 1, '1', 0, 0),
(110, 'BH10', 'L5001', '2024-09-15', 1, '1', 0, 0),
(109, 'BH22', 'L3002', '2024-09-14', 0, '1', 0, 0),
(108, 'LT23', 'L2003', '2024-09-14', 0, '1', 0, 0),
(107, '', '', '2024-09-14', 0, '1', 0, 0),
(106, '', '', '2024-09-14', 0, '1', 0, 0),
(105, '', '', '2024-09-14', 0, '1', 0, 0),
(104, 'BH13', 'L2001', '2024-09-14', 1, '1', 0, 0),
(103, '', '', '2024-09-14', 0, '1', 0, 0),
(102, '', '', '2024-09-13', 0, '1', 0, 0),
(101, '', '', '2024-09-13', 0, '1', 0, 0),
(100, '', '', '2024-09-13', 0, '1', 0, 0),
(99, '18', 'L1001', '2024-09-10', 1, '1', 0, 0),
(111, 'BH13', 'L2001', '2024-09-17', 1, '1', 0, 0),
(112, 'BH2', 'L2003', '2024-09-17', 0, '1', 0, 0),
(113, 'BH16', 'L2003', '2024-09-17', 1, '1', 0, 0),
(114, 'BH6', 'L3005', '2024-09-17', 1, '1', 0, 0),
(115, '', '', '2024-09-20', 1, '1', 0, 0),
(116, '33_BHK001', 'G001', '2025-04-23', 1, '1', 0, 0),
(117, 'BH21', 'L4004', '2024-09-24', 1, '1', 0, 0),
(118, 'BH21', 'L5003', '2024-09-24', 1, '1', 0, 0),
(119, '19-L2004', 'L4002', '2024-09-24', 1, '1', 0, 0),
(120, 'BH5', 'L2005', '2024-09-24', 1, '1', 0, 0),
(128, 'single20', 'signgle2', '2024-09-27', 1, '1', 0, 0),
(121, '1PS', 'PS-001', '2024-09-26', 1, 'PS2024000007', 0, 0),
(122, '2', 'PS-003', '2024-09-26', 1, 'PS2024000007', 0, 0),
(123, '3PS', 'PS-002', '2024-09-26', 1, 'PS2024000007', 0, 0),
(124, '4PS', 'PS-004', '2024-09-26', 1, 'PS2024000007', 0, 0),
(125, '5PS', 'PS-005', '2024-09-26', 0, 'PS2024000007', 0, 0),
(126, 'BH2', 'L3001', '2024-09-26', 1, '1', 0, 0),
(127, 'BH17', 'L3002', '2024-09-26', 1, '1', 0, 0),
(129, '21-k001', ' K001', '2024-09-30', 1, '1', 0, 0),
(130, '22-A001', 'L3004', '2024-10-03', 1, '1', 0, 0),
(131, '33_BHK001', 'G001', '2025-04-23', 1, '1', 0, 0),
(132, '1_L01', 'L01', '2024-10-04', 1, 'HA2024000008', 0, 0),
(133, '24-KA01', 'L4005', '2024-10-04', 1, '1', 0, 0),
(134, '2_L02', 'L02', '2024-10-04', 1, 'HA2024000008', 0, 0),
(135, '3_L03', 'L03', '2024-10-04', 1, 'HA2024000008', 0, 0),
(141, '6_L06', 'L06', '2024-10-04', 1, 'HA2024000008', 0, 0),
(137, '5_L05', 'L05', '2024-10-04', 1, 'HA2024000008', 0, 0),
(140, '5_L04', 'L04', '2024-10-04', 1, 'HA2024000008', 0, 0),
(142, '7_L07', 'L07', '2024-10-04', 1, 'HA2024000008', 0, 0),
(143, '8_L08', 'L08', '2024-10-04', 1, 'HA2024000008', 0, 0),
(144, '9_L09', 'L09', '2024-10-04', 1, 'HA2024000008', 0, 0),
(145, '10_L10', 'L10', '2024-10-04', 1, 'HA2024000008', 0, 0),
(148, '12_M02', 'M02', '2024-10-04', 1, 'HA2024000008', 0, 0),
(147, '11_M01', 'M01', '2024-10-04', 1, 'HA2024000008', 0, 0),
(149, '13_M03', 'M03', '2024-10-04', 1, 'HA2024000008', 0, 0),
(150, '14_S01', 'S01', '2024-10-04', 1, 'HA2024000008', 0, 0),
(151, '15_L02', 'S02', '2024-10-04', 1, 'HA2024000008', 0, 0),
(152, '16_L03', 'S03', '2024-10-04', 1, 'HA2024000008', 0, 0),
(153, '17_S04', 'S04', '2024-10-04', 1, 'HA2024000008', 0, 0),
(154, '18_S05', 'S05', '2024-10-04', 1, 'HA2024000008', 0, 0),
(155, '19_AP', 'AP', '2024-10-04', 1, 'HA2024000008', 0, 0),
(156, '20_BB', 'BB', '2024-10-04', 1, 'HA2024000008', 0, 0),
(157, '21-CC', 'CC', '2024-10-04', 1, 'HA2024000008', 0, 0),
(158, '22_DD', 'DD', '2024-10-04', 1, 'HA2024000008', 0, 0),
(159, '23_EE', 'EE', '2024-10-04', 1, 'HA2024000008', 0, 0),
(160, '24_GG', 'GG', '2024-10-04', 1, 'HA2024000008', 0, 0),
(161, '25_HH', 'HH', '2024-10-04', 1, 'HA2024000008', 0, 0),
(162, '26_JJ', 'JJ', '2024-10-04', 1, 'HA2024000008', 0, 0),
(163, '27_KK', 'KK', '2024-10-04', 1, 'HA2024000008', 0, 0),
(164, '28_A1', 'A1', '2024-10-04', 1, 'HA2024000008', 0, 0),
(165, '2_A2', 'A2', '2024-10-04', 1, 'HA2024000008', 0, 0),
(166, '30_A3', 'A3', '2024-10-04', 1, 'HA2024000008', 0, 0),
(167, '31_A', 'A', '2024-10-04', 1, 'HA2024000008', 0, 0),
(168, '32_B', 'B', '2024-10-04', 1, 'HA2024000008', 0, 0),
(173, '', ' ', '2024-10-07', 1, '1', 0, 0),
(174, '33_BHK001', 'G001', '2025-04-23', 1, '1', 0, 0),
(175, '', ' ', '2024-10-07', 1, '1', 0, 0),
(176, '32_CC', 'CC', '2024-10-07', 1, 'HA2024000008', 0, 0),
(177, '33_HS1', 'HS1', '2024-10-07', 1, 'HA2024000008', 0, 0),
(178, '34_HS2', 'HS2', '2024-10-07', 1, 'HA2024000008', 0, 0),
(179, '35_HS4', 'HS3', '2024-10-07', 1, 'HA2024000008', 0, 0),
(180, '36_HS4', 'HS4', '2024-10-07', 1, 'HA2024000008', 0, 0),
(181, '37_HS5', 'HS5', '2024-10-07', 1, 'HA2024000008', 0, 0),
(182, '38_HS5', 'HS6', '2024-10-07', 1, 'HA2024000008', 0, 0),
(183, '26LM', 'L3004', '2024-10-15', 1, '1', 0, 0),
(184, '27_dd', 'L4003', '2024-11-07', 1, '1', 0, 0),
(185, '1_G1', 'G1', '2024-11-12', 1, 'SA2024000011', 0, 0),
(186, '2_G2', 'G2', '2024-11-12', 1, 'SA2024000011', 0, 0),
(187, '3_G4', 'G4', '2024-11-12', 1, 'SA2024000011', 0, 0),
(188, '4_G8', 'G8', '2024-11-12', 1, 'SA2024000011', 0, 0),
(189, '5_G10', 'G10', '2024-11-12', 1, 'SA2024000011', 0, 0),
(190, '6_F1', 'F1', '2024-11-12', 1, 'SA2024000011', 0, 0),
(191, '7_F15', 'F15', '2024-11-12', 1, 'SA2024000011', 0, 0),
(192, '8_F13', 'F13', '2024-11-12', 1, 'SA2024000011', 0, 0),
(193, '9_L_01', 'L_01', '2024-11-12', 1, 'SA2024000011', 0, 0),
(194, '10_L_02', 'L_02', '2024-11-12', 1, 'SA2024000011', 0, 0),
(195, '11_L_03', 'L_03', '2024-11-12', 1, 'SA2024000011', 0, 0),
(196, '12_L07', 'L_07', '2024-11-12', 1, 'SA2024000011', 0, 0),
(197, '13_KIS', '1', '2024-11-12', 1, 'SA2024000011', 0, 0),
(198, '14_KIS2', '2', '2024-11-12', 1, 'SA2024000011', 0, 0),
(199, '15_KIS3', '3', '2024-11-12', 1, 'SA2024000011', 0, 0),
(200, '16_KIS4', '4', '2024-11-12', 1, 'SA2024000011', 0, 0),
(201, '17_B1', 'Block_B1', '2024-11-12', 1, 'SA2024000011', 0, 0),
(202, '18_B2', 'Block_B2', '2024-11-12', 1, 'SA2024000011', 0, 0),
(203, '19_B3', 'Block_B3', '2024-11-12', 1, 'SA2024000011', 0, 0),
(204, '20_B4', 'Block_B4', '2024-11-12', 1, 'SA2024000011', 0, 0),
(205, '21_B5', 'Block_B5', '2024-11-12', 1, 'SA2024000011', 0, 0),
(206, '22_B6', 'Block B6', '2024-11-12', 1, 'SA2024000011', 0, 0),
(207, '28', 'NER001', '2024-12-16', 1, '1', 0, 0),
(208, '29_RP', '5', '2024-12-16', 1, '1', 0, 0),
(209, '30_WKS001', 'WKS001', '2025-03-15', 1, '1', 0, 0),
(210, '31_BUG001', 'BUG001', '2025-03-15', 1, '1', 0, 0),
(211, '32_WKS001', 'WKS001', '2025-03-15', 1, '1', 0, 0),
(215, '2_853', 'PLOT_1900_BUSIRO', '2025-03-27', 1, 'TUBAP2025000014', 0, 0),
(214, '3_219', 'PLOT_330_BUSIRO', '2025-03-27', 1, 'TUBAP2025000014', 0, 0),
(216, '3_050', 'PLOT_191_BUSIRO', '2025-03-27', 1, 'TUBAP2025000014', 0, 0),
(217, '1_NAB01', 'NAB01', '2025-03-31', 1, 'Tabula2025000015', 0, 0),
(221, '6_075', 'PLOT_1815_BUSIRO', '2025-04-01', 1, 'TUBAP2025000014', 0, 0),
(219, '5_078', 'PLOT_1511_KYAPISI', '2025-03-31', 1, 'TUBAP2025000014', 0, 0),
(220, '6_077', 'PLOT_1882_SERINYA', '2025-03-31', 1, 'TUBAP2025000014', 0, 0),
(222, '2_001', 'KAB01', '2025-04-09', 1, 'Tabula2025000015', 0, 0),
(223, '3_002', 'KAB02', '2025-04-09', 1, 'Tabula2025000015', 0, 0),
(224, '4_003', 'KAB03', '2025-04-09', 1, 'Tabula2025000015', 0, 0),
(225, '5_004', 'KAB04', '2025-04-09', 1, 'Tabula2025000015', 0, 0),
(240, '19_006', 'KAB06', '2025-04-10', 1, 'Tabula2025000015', 0, 0),
(239, '18_005', 'KAB05', '2025-04-10', 1, 'Tabula2025000015', 0, 0),
(228, '8_007', 'KAB11', '2025-04-09', 1, 'Tabula2025000015', 0, 0),
(229, '9_008', 'KAB12', '2025-04-09', 1, 'Tabula2025000015', 0, 0),
(230, '10_009', 'KAB13', '2025-04-09', 1, 'Tabula2025000015', 0, 0),
(231, '11_NAB003', 'NAB03', '2025-04-10', 1, 'Tabula2025000015', 0, 0),
(232, '12_002', 'NAB05', '2025-04-10', 1, 'Tabula2025000015', 0, 0),
(233, '13_008', 'NAB08', '2025-04-10', 1, 'Tabula2025000015', 0, 0),
(234, '14_009', 'NAB09', '2025-04-10', 1, 'Tabula2025000015', 0, 0),
(235, '15_0010', 'NAB10', '2025-04-10', 1, 'Tabula2025000015', 0, 0),
(236, '16_002', 'NAB11', '2025-04-10', 1, 'Tabula2025000015', 0, 0),
(237, '17_013', 'NAB13', '2025-04-10', 1, 'Tabula2025000015', 0, 0),
(238, '33_BHK001', 'BHK', '2025-04-10', 1, '1', 0, 0),
(241, '19_K008', 'KAB08', '2025-04-10', 1, 'Tabula2025000015', 0, 0),
(242, '20_002', 'KAB07', '2025-04-10', 1, 'Tabula2025000015', 0, 0),
(244, '22_nk001', 'NAKU01', '2025-04-10', 1, 'Tabula2025000015', 0, 0),
(245, '23_NK002', 'NAKU02', '2025-04-10', 1, 'Tabula2025000015', 0, 0),
(246, '24_NK003', 'NAKU03', '2025-04-10', 1, 'Tabula2025000015', 0, 0),
(247, '25_NK004', 'NAKU04', '2025-04-10', 1, 'Tabula2025000015', 0, 0),
(248, '26_NK005', 'NAKU05', '2025-04-10', 1, 'Tabula2025000015', 0, 0),
(249, '27_NK006', 'NAKU06', '2025-04-10', 1, 'Tabula2025000015', 0, 0),
(250, '28_NK007', 'NAKU07', '2025-04-10', 1, 'Tabula2025000015', 0, 0),
(251, '29_NK008', 'NAKU08', '2025-04-10', 1, 'Tabula2025000015', 0, 0),
(252, '30_NK009', 'NAKU09', '2025-04-10', 1, 'Tabula2025000015', 0, 0),
(253, '31_NK010', 'NAKU10', '2025-04-10', 1, 'Tabula2025000015', 0, 0),
(254, '32_NK11', 'NAKU11', '2025-04-10', 1, 'Tabula2025000015', 0, 0),
(255, '33_NK13', 'NAKU12', '2025-04-10', 1, 'Tabula2025000015', 0, 0),
(256, '34_NK13', 'NAKU13', '2025-04-10', 1, 'Tabula2025000015', 0, 0),
(257, '35_NK14', 'NAKU14', '2025-04-10', 1, 'Tabula2025000015', 0, 0),
(258, '36_NK15', 'NAKU15', '2025-04-10', 1, 'Tabula2025000015', 0, 0),
(259, 'BH10', 'BH001', '2025-04-23', 1, '1', 0, 0),
(260, 'BH15', 'G001', '2025-04-23', 1, '1', 0, 0),
(261, '34', 'PLOT36', '2025-07-16', 1, '1', 0, 0),
(262, '1_1475', 'Plot1475_Sala', '2025-07-16', 1, 'GE2025000018', 0, 88),
(263, '2_1477', 'Plot1477_Sala', '2025-07-16', 1, 'GE2025000018', 0, 88),
(264, '3_1478', 'Plot1478_Sala', '2025-07-16', 1, 'GE2025000018', 0, 88),
(265, '4_1480', 'Plot1480_Sala', '2025-07-16', 1, 'GE2025000018', 0, 88),
(266, '5_1482', 'Plot1482_Sala', '2025-07-16', 1, 'GE2025000018', 0, 88),
(267, '6_1483', 'Plot1483_Sala', '2025-07-16', 1, 'GE2025000018', 0, 88),
(268, '7_1484', 'Plot1484_Sala', '2025-07-16', 1, 'GE2025000018', 0, 88),
(269, '8_1491', 'Plot1491_Sala', '2025-07-27', 1, 'GE2025000018', 0, 88),
(270, '9_1496', 'Plot1496_Sala', '2025-07-16', 1, 'GE2025000018', 0, 0),
(271, '35_WKE', 'WKE001', '2025-07-22', 1, '1', 0, 0),
(272, '35_WKE', 'WKE001', '2025-07-22', 1, '1', 0, 0),
(273, '10_2252', '9524', '2025-07-25', 1, 'GE2025000018', 0, 88),
(280, '12_00224', 'WKE0002', '2025-07-25', 1, 'GE2025000018', 0, 91),
(276, '9_1496', 'Plot1479_Sala', '2025-07-25', 1, 'GE2025000018', 20000000, 88),
(279, '11_wk', 'WKE0001', '2025-07-25', 1, 'GE2025000018', 100000000, 91);

-- --------------------------------------------------------

--
-- Table structure for table `invoices`
--

DROP TABLE IF EXISTS `invoices`;
CREATE TABLE IF NOT EXISTS `invoices` (
  `invoice_id` int(11) NOT NULL AUTO_INCREMENT,
  `invoice_number` varchar(50) NOT NULL,
  `shopid` int(11) NOT NULL,
  `customer_name` varchar(100) DEFAULT NULL,
  `house_id` varchar(50) DEFAULT NULL,
  `house_price` double DEFAULT NULL,
  `invoice_date` date DEFAULT NULL,
  `created_at` timestamp NULL DEFAULT CURRENT_TIMESTAMP,
  `category_id` int(50) NOT NULL,
  PRIMARY KEY (`invoice_id`),
  UNIQUE KEY `invoice_number` (`invoice_number`),
  KEY `landlord_id` (`shopid`)
) ENGINE=MyISAM AUTO_INCREMENT=38 DEFAULT CHARSET=utf16;

--
-- Dumping data for table `invoices`
--

INSERT INTO `invoices` (`invoice_id`, `invoice_number`, `shopid`, `customer_name`, `house_id`, `house_price`, `invoice_date`, `created_at`, `category_id`) VALUES
(28, 'INV-20250725-0003', 1, 'NABAKOOZA  JUDITH ', 'BH001', 500000, '2025-07-25', '2025-07-25 12:42:55', 0),
(27, 'INV-20250725-0002', 1, 'DANIEL  KALIBAALA ', 'JHG344', 12000, '2025-07-25', '2025-07-25 11:05:44', 0),
(26, 'INV-20250725-0001', 1, 'SAM KIBE', 'L1001', 350000, '2025-07-25', '2025-07-25 08:09:21', 0),
(29, 'INV-20250725-0004', 0, 'NAKIRANDA HAJARA', '9524', 20000000, '2025-07-25', '2025-07-25 13:26:35', 88),
(36, 'INV-20250725-0006', 0, 'john peter', 'WKE0001', 100000000, '2025-07-25', '2025-07-25 20:03:57', 0),
(33, 'INV-20250725-0005', 0, 'K Kizito', 'Plot1479_Sala', 20000000, '2025-07-25', '2025-07-25 19:13:39', 88),
(37, 'INV-20250725-0007', 0, 'Cathey Vickie', 'WKE0002', 30000000, '2025-07-25', '2025-07-25 20:31:35', 0);

-- --------------------------------------------------------

--
-- Table structure for table `landlords`
--

DROP TABLE IF EXISTS `landlords`;
CREATE TABLE IF NOT EXISTS `landlords` (
  `id` int(6) NOT NULL AUTO_INCREMENT,
  `landlord_id` varchar(255) CHARACTER SET utf8mb4 COLLATE utf8mb4_general_ci DEFAULT NULL,
  `business_name` varchar(50) DEFAULT NULL,
  `registration_no` varchar(50) DEFAULT NULL,
  `geographical_description` varchar(50) DEFAULT NULL,
  `district` varchar(200) NOT NULL,
  `sub_county` varchar(50) DEFAULT NULL,
  `parish` varchar(50) DEFAULT NULL,
  `telephone_contact` varchar(50) DEFAULT NULL,
  `email_address` varchar(50) DEFAULT NULL,
  `contact_person` varchar(50) DEFAULT NULL,
  `year` year(4) DEFAULT NULL,
  `business_initials` varchar(100) NOT NULL,
  `status` enum('inactive','active') DEFAULT 'inactive',
  `date_of_creation` datetime DEFAULT CURRENT_TIMESTAMP,
  `date_of_validity` datetime DEFAULT NULL,
  `account_type` tinyint(1) NOT NULL COMMENT '1=rentals 2=estate',
  `no_of_records` int(25) NOT NULL DEFAULT '30',
  PRIMARY KEY (`id`)
) ENGINE=MyISAM AUTO_INCREMENT=91 DEFAULT CHARSET=utf16;

--
-- Dumping data for table `landlords`
--

INSERT INTO `landlords` (`id`, `landlord_id`, `business_name`, `registration_no`, `geographical_description`, `district`, `sub_county`, `parish`, `telephone_contact`, `email_address`, `contact_person`, `year`, `business_initials`, `status`, `date_of_creation`, `date_of_validity`, `account_type`, `no_of_records`) VALUES
(52, 'NE2024000006', 'NAKIDO ESTATES ', '145000078', 'WAKISO NKOONA', 'Wakiso', 'WAKISO TOWN COUNCIL', 'WAKISO', '256757875053', 'rechonankya@gmail.com', 'NANKYA RECHAEL EDITH', 2024, 'NE', 'inactive', '2024-08-27 19:05:40', NULL, 1, 30),
(51, 'WBG2024000005', 'WAKAYIMA GROCERIES UG LTD', '1450000', 'WAKISO', 'Wakiso', 'WAKISO TOWN COUNCIL', 'WAKISO', '0702014626', 'balikjose2005@gmail.com', 'BALIKUDDEMBE JOSEPH KIWUUWA', 2024, 'WBG', 'active', '2024-08-27 17:44:06', NULL, 1, 30),
(68, '1', 'JOTELL PROPERTY MANAGEMENT SERVICES 54', '7845544', 'WAKISO NANSANA', 'Wakiso', 'WAKISO TOWN COUNCIL', 'WAKISO', '0702014626', 'balikjose2005@gmail.com', 'BALIKUDDEMBE JOSEPH KIWUUWA3', 2024, 'MWS33', 'active', '2024-09-01 07:46:17', '2025-11-01 07:46:17', 1, 30),
(73, 'NANA2024000005', 'NANA BOOKSHOP', '1314000', 'NANSANA WAKISO', 'Wakiso', 'WAKISO TOWN COUNCIL', 'WAKISO', '256702014626', 'balikjose2005@gmail.com', 'BALIKUDDEMBE JOSEPH KIWUUWA', 2024, 'NANA', 'active', '2024-09-19 13:18:24', '2024-09-30 21:35:07', 1, 30),
(72, 'Onyanga Group 2024000007', 'Onyanga Group ', '31014', 'Kireka', 'Kampala', 'Kiira', 'Ntebentebe ', '0786010468', 'malabawikileaks@gmail.com', 'AYEET DANIEL ONYANGA', 2024, 'Onyanga Group ', 'inactive', '2024-09-18 09:26:59', '2024-02-19 00:00:00', 1, 30),
(74, 'STS2024000006', 'StarTech Solutions Ltd', 'BRN-3245678', 'Latitude: 1.3733° N, Longitude: 32.2903° E', 'Kampala', ' Kampala Central Division', 'Kololo Parish', '+256 701 123456', 'info@startechsolutions.com', 'john Doe', 2024, 'STS', 'inactive', '2024-09-23 08:35:03', NULL, 1, 30),
(75, 'PS2024000007', 'psalms', 'psalms243', 'kampala', 'Kampala', 'Rubaga', 'Rubaga', '09879742270', 'rechonankya@gmail.com', 'EDITH RANIA', 2024, 'PS', 'active', '2024-09-24 00:59:01', '2024-11-24 00:00:00', 1, 30),
(76, 'HA2024000008', 'Hillel Apartments', 'Hillel/04/10/2024', 'Plot 1101 Block 196 Kyanja – Komambogo', 'Wakiso', 'Kyanja', 'Kyanja', '0776 967210', 'mubangizijotham@gmail.com', 'Jotham Mubagizi', 2024, 'HA', 'active', '2024-10-04 06:58:53', '2025-11-30 15:26:28', 1, 30),
(77, 'ARUG2024000009', 'Andy Realtor Ug Ltd', 'Andyrealtor/2024', 'Suit C4_Njovu House Building Opp Wakiso District H', 'Wakiso', 'Wakiso Town Council', 'Mpunga', '0703382533', 'realtoruganda256@gmail.com', 'Ntambi Andrew', 2024, 'ARUG', 'active', '2024-10-15 07:27:16', '2024-10-31 20:43:16', 1, 30),
(78, 'MC2024000010', 'Catherine', '001', 'Kyaliwajjala', 'Wakiso', 'Kyaliwajjala', 'Nabwojjo', '0703396077', 'm.catherine008@gmail.com', '0703396077', 2024, 'MC', 'active', '2024-10-18 04:03:30', '2024-12-18 00:00:00', 1, 30),
(82, 'SA2024000011', 'SSEMANDA', 'SSEMANDA/11/11/24', 'WAKISO , KISIMBIRI ', 'Wakiso', 'Wakiso Town Council', 'Wakiso', '0752220000', 'akssemmanda@gmail.com', 'SSEMMANDA ALOYSIUS', 2024, 'SA', 'active', '2024-11-11 06:32:42', '2025-12-31 14:34:15', 1, 30),
(83, 'Domo2025000012', 'Business Name', '1234', 'Ntinda', 'Kampala', 'Ntinda', 'Ntinda', '0789156162', 'domo@gmail.com', 'Domo', 2025, 'Domo', 'inactive', '2025-03-03 01:04:10', NULL, 1, 30),
(84, 'MK2025000013', 'Kaazi Apartments', '123456', 'Kaazi', 'Wakiso', 'Kaazi/ Makindye/ Makindye ', 'Busabala ', '0755494930', 'kibirigekasule@gmail.com', 'moses kasule', 2025, 'MK', 'inactive', '2025-03-03 03:27:09', NULL, 1, 30),
(85, 'TUBAP2025000014', 'TUBAGALIZA PROPERTY SERVICES', 'NANSANA/03/2025', 'NANSANA  MASITOWA OPP NANSANA INN NAMBI COMPLEX 2 ', 'Wakiso', 'NANSANA', 'NANSANA', '0704804790', 'tubagaliza@gmail.com', 'TUBAGALIZA ', 2025, 'TUBAP ', 'active', '2025-03-27 03:48:02', '2025-12-31 10:53:16', 1, 30),
(86, 'Tabula2025000015', 'TABULA PROPERTY SERVICES LTD', 'TABULA/NANS/2025', 'NANSANA MASITOWA', 'Wakiso', 'NANSANA', 'NANSANA', '0701942003', 'mutesasiraronie@gmail.com', 'MUTESASIRA RONALD', 2025, 'Tabula', 'active', '2025-03-31 03:51:00', '2026-03-31 10:52:30', 1, 30),
(87, 'WAPT2025000016', 'Wayside Apartments ', '63484685', 'Kikujuko Road off Ssebo Green signpost ', 'Kampala', 'Makindye ', 'Bukasa, Muyenga ', '0763484685', 'luutunelson27@gmail.com', 'Luutu Nelson', 2025, 'WAPT', 'active', '2025-04-22 14:35:24', '2025-06-22 00:00:00', 1, 30),
(88, 'BMJ2025000017', 'KAKA KAMEGA', '1234567890', 'Kawaala, near the bridge', 'Kampala', 'Kampala', 'Kampala', '1234567890', 'joymarie.schnelle@allfreemail.net', 'JoyMarie', 2025, 'BMJ', 'active', '2025-07-14 08:59:12', '2025-09-14 00:00:00', 1, 30),
(89, 'GE2025000018', 'Genuine Estates (U) Ltd', 'GE2025/04', 'Genuine House  Wakiso Town Hoima Road ', 'Wakiso', 'Wakiso', 'Kyoga', '0783520922', 'williambazadde@gmail.com', 'WILLIAM BAZADDE', 2025, 'GE', 'active', '2025-07-16 01:44:28', '2025-08-31 11:21:43', 2, 30),
(90, 'NJVE2025000019', 'NJOVU ESTATES', 'NJV023454', 'wakiso', 'Wakiso', 'bulenga', 'bulenga', '0000000000', 'email@email.com', 'Bill John', 2025, 'NJVE', 'active', '2025-07-23 17:46:57', '2025-12-31 00:00:00', 2, 250);

-- --------------------------------------------------------

--
-- Table structure for table `payments`
--

DROP TABLE IF EXISTS `payments`;
CREATE TABLE IF NOT EXISTS `payments` (
  `id` int(30) NOT NULL AUTO_INCREMENT,
  `tenant_id` varchar(100) COLLATE utf8mb4_general_ci NOT NULL,
  `amount` float NOT NULL,
  `InvoiceType` varchar(100) COLLATE utf8mb4_general_ci NOT NULL,
  `Year` int(10) NOT NULL,
  `Month` varchar(200) COLLATE utf8mb4_general_ci NOT NULL,
  `House_id` varchar(200) COLLATE utf8mb4_general_ci NOT NULL,
  `date_created` datetime NOT NULL DEFAULT CURRENT_TIMESTAMP,
  `pay_status` varchar(25) COLLATE utf8mb4_general_ci NOT NULL DEFAULT '0',
  `shopid` varchar(255) COLLATE utf8mb4_general_ci DEFAULT NULL,
  PRIMARY KEY (`id`)
) ENGINE=InnoDB AUTO_INCREMENT=713 DEFAULT CHARSET=utf8mb4 COLLATE=utf8mb4_general_ci;

--
-- Dumping data for table `payments`
--

INSERT INTO `payments` (`id`, `tenant_id`, `amount`, `InvoiceType`, `Year`, `Month`, `House_id`, `date_created`, `pay_status`, `shopid`) VALUES
(30, 'MWS/001', 250000, 'Monthly_Rent', 2024, 'September', '', '2024-08-31 11:56:49', '1', 'MWS2024000003'),
(31, 'MWS/001', 35000, 'WATER', 2024, 'September', '', '2024-08-31 11:57:33', '1', NULL),
(32, 'MWS/001', 50000, 'ELECTRICITY', 2024, 'September', '', '2024-08-31 11:57:33', '1', NULL),
(33, 'MWS/001', 47500, 'INTERNET ', 2024, 'September', '', '2024-08-31 11:57:33', '1', NULL),
(34, 'MWS/001', 250000, 'Utility_Bills', 2024, 'September', '', '2024-08-31 11:57:33', '1', 'MWS2024000003'),
(37, 'BH18', 450000, 'Monthly_Rent', 2024, 'September', 'L1005', '2024-09-10 06:36:01', '1', '1'),
(41, 'BH9', 35000, 'WATER', 2024, 'January', 'L2004', '2024-09-11 06:26:55', '1', NULL),
(42, 'BH9', 50000, 'ELECTRICITY', 2024, 'January', 'L5005', '2024-09-11 06:26:55', '1', NULL),
(43, 'BH9', 153000, 'INTERNET ', 2024, 'January', 'L5004', '2024-09-11 06:26:55', '1', NULL),
(44, 'BH9', 34000, 'water', 2024, 'January', 'L5001', '2024-09-11 06:26:55', '1', NULL),
(45, 'BH9', 150000, 'WATER ', 2024, 'January', 'L5002', '2024-09-11 06:26:55', '1', NULL),
(46, 'BH9', 50000, 'ELECTRICITY', 2024, 'January', 'L2001', '2024-09-11 06:26:55', '1', NULL),
(47, 'BH9', 153000, 'INTERNET ', 2024, 'January', '', '2024-09-11 06:26:55', '1', NULL),
(49, 'BH8', 1050000, 'Monthly_Rent', 2024, 'September', '', '2024-09-12 05:29:40', '1', '1'),
(51, 'BH22', 950000, 'Monthly_Rent', 2024, 'September', '', '2024-09-14 06:11:35', '1', '1'),
(53, 'BH22', 950000, 'Monthly_Rent', 2024, 'October', '', '2024-09-21 07:40:48', '1', '1'),
(54, 'BH22', 950000, 'Monthly_Rent', 2024, 'November', '', '2024-09-21 07:41:30', '0', '1'),
(55, 'BH10', 1450000, 'Monthly_Rent', 2024, 'October', '', '2024-09-24 03:35:08', '1', '1'),
(56, 'BH10', 1450000, 'Monthly_Rent', 2024, 'September', '', '2024-09-24 04:07:45', '1', '1'),
(57, 'BH10', 1450000, 'Monthly_Rent', 2024, 'November', '', '2024-09-24 04:08:01', '1', '1'),
(58, 'BH10', 1450000, 'Monthly_Rent', 2024, 'December', '', '2024-09-24 04:08:19', '1', '1'),
(59, 'BH21', 450000, 'Monthly_Rent', 2024, 'September', '', '2024-09-24 04:46:06', '1', '1'),
(60, 'BH21', 450000, 'Monthly_Rent', 2024, 'October', '', '2024-09-24 04:46:24', '1', '1'),
(61, 'BH21', 450000, 'Monthly_Rent', 2024, 'November', '', '2024-09-24 04:46:39', '1', '1'),
(62, 'BH21', 450000, 'Monthly_Rent', 2024, 'December', '', '2024-09-24 04:48:44', '1', '1'),
(63, 'BH21', 450000, 'Monthly_Rent', 2024, 'August', '', '2024-09-24 04:49:09', '1', '1'),
(64, 'BH21', 450000, 'Monthly_Rent', 2024, 'July', '', '2024-09-24 04:49:24', '1', '1'),
(65, 'BH21', 35000, 'WATER', 2024, 'September', '', '2024-09-24 04:53:52', '1', NULL),
(66, 'BH21', 50000, 'ELECTRICITY', 2024, 'September', '', '2024-09-24 04:53:52', '1', NULL),
(67, 'BH21', 153000, 'INTERNET ', 2024, 'September', '', '2024-09-24 04:53:52', '1', NULL),
(68, 'BH21', 450000, 'Utility_Bills', 2024, 'September', '', '2024-09-24 04:53:52', '1', '1'),
(69, 'BH21', 450000, 'Monthly_Rent', 2024, 'January', 'L4004', '2024-09-24 06:38:58', '1', '1'),
(70, '19-L2004', 1450000, 'Monthly_Rent', 2024, 'October', 'L4002', '2024-09-24 06:43:41', '1', '1'),
(71, '19-L2004', 60000, 'garbage', 2024, 'October', '', '2024-09-24 06:45:30', '1', NULL),
(72, '19-L2004', 100000, 'security', 2024, 'October', '', '2024-09-24 06:45:30', '1', NULL),
(73, '19-L2004', 1450000, 'Utility_Bills', 2024, 'October', '', '2024-09-24 06:45:30', '0', '1'),
(74, 'BH18', 25000, 'Monthly_Rent', 2024, 'November', 'G001', '2024-09-24 10:39:42', '1', '1'),
(75, '1PS', 500000, 'Monthly_Rent', 2024, 'September', 'PS-001', '2024-09-26 06:11:56', '1', 'PS2024000007'),
(76, '', 10000, 'garbage', 0, '', '', '2024-09-26 06:12:54', '1', NULL),
(77, '', 25000, 'security', 0, '', '', '2024-09-26 06:12:54', '1', NULL),
(78, '1PS', 10000, 'garbage', 2024, 'September', '', '2024-09-26 06:13:26', '1', NULL),
(79, '1PS', 25000, 'security', 2024, 'September', '', '2024-09-26 06:13:26', '1', NULL),
(82, 'BH18', 50000, 'ELECTRICITY', 2024, 'January', '', '2024-09-26 08:25:19', '1', NULL),
(83, 'BH18', 1000, 'Utility_Bills', 2024, 'January', 'G001', '2024-09-26 08:25:19', '1', '1'),
(84, '2', 10000, 'garbage', 2024, 'September', '', '2024-09-26 08:28:27', '1', NULL),
(85, '2', 25000, 'security', 2024, 'September', '', '2024-09-26 08:28:27', '1', NULL),
(87, '19-L2004', 250000, 'Monthly_Rent', 2024, 'August', 'L4002', '2024-09-26 09:56:05', '1', '1'),
(88, '19-L2004', 250000, 'Monthly_Rent', 2024, 'July', 'L4002', '2024-09-26 09:57:57', '1', '1'),
(90, '4PS', 1000000, 'Monthly_Rent', 2024, 'September', 'PS-004', '2024-09-27 07:22:01', '1', 'PS2024000007'),
(91, 'BH1', 650000, 'Monthly_Rent', 2024, 'February', 'G002', '2024-09-27 12:13:28', '1', '1'),
(92, 'single20', 780000, 'Monthly_Rent', 2024, 'September', 'signgle2', '2024-09-30 02:59:42', '1', '1'),
(93, 'single20', 780000, 'Monthly_Rent', 2024, 'October', 'signgle2', '2024-09-30 03:00:04', '1', '1'),
(94, 'single20', 780000, 'Monthly_Rent', 2024, 'November', 'signgle2', '2024-09-30 03:00:16', '1', '1'),
(95, '21-k001', 200000, 'Monthly_Rent', 2024, 'September', '', '2024-09-30 04:38:59', '1', '1'),
(112, '1_L01', 870000, 'Utility_Bills', 2024, 'September', 'L01', '2024-10-07 13:17:21', '1', 'HA2024000008'),
(113, '1_L01', 950000, 'Monthly_Rent', 2024, 'September', 'L01', '2024-10-07 13:26:49', '0', 'HA2024000008'),
(114, '7_L07', 870000, 'Utility_Bills', 2024, 'September', 'L07', '2024-10-07 13:34:20', '1', 'HA2024000008'),
(115, '7_L07', 950000, 'Monthly_Rent', 2024, 'September', 'L07', '2024-10-07 13:34:54', '0', 'HA2024000008'),
(116, '8_L08', 700000, 'Utility_Bills', 2024, 'September', 'L08', '2024-10-07 13:40:44', '1', 'HA2024000008'),
(117, '8_L08', 870000, 'Monthly_Rent', 2024, 'September', 'L08', '2024-10-07 13:43:53', '0', 'HA2024000008'),
(119, 'BH1', 10000, 'Utility_Bills', 2024, 'January', 'G002', '2024-10-08 02:03:13', '1', '1'),
(123, '9_L09', 870000, 'Monthly_Rent', 2024, 'September', 'L09', '2024-10-08 02:49:28', '0', 'HA2024000008'),
(124, '10_L10', 750000, 'Utility_Bills', 2024, 'September', 'L10', '2024-10-08 02:56:35', '1', 'HA2024000008'),
(125, '10_L10', 870000, 'Monthly_Rent', 2024, 'August', 'L10', '2024-10-08 02:59:12', '0', 'HA2024000008'),
(126, '10_L10', 870000, 'Monthly_Rent', 2024, 'September', 'L10', '2024-10-08 02:59:57', '0', 'HA2024000008'),
(127, '12_M02', 700000, 'Utility_Bills', 2024, 'September', 'M02', '2024-10-08 03:05:31', '1', 'HA2024000008'),
(128, '12_M02', 800000, 'Monthly_Rent', 2024, 'September', 'M02', '2024-10-08 03:06:09', '0', 'HA2024000008'),
(129, '13_M03', 750000, 'Utility_Bills', 2024, 'August', 'M03', '2024-10-08 03:10:22', '1', 'HA2024000008'),
(130, '13_M03', 800000, 'Monthly_Rent', 2024, 'August', 'M03', '2024-10-08 03:10:41', '0', 'HA2024000008'),
(131, '13_M03', 800000, 'Monthly_Rent', 2024, 'September', 'M03', '2024-10-08 03:11:07', '0', 'HA2024000008'),
(132, '14_S01', 700000, 'Utility_Bills', 2024, 'August', 'S01', '2024-10-08 03:17:33', '1', 'HA2024000008'),
(133, '14_S01', 750000, 'Monthly_Rent', 2024, 'August', 'S01', '2024-10-08 03:18:06', '0', 'HA2024000008'),
(134, '14_S01', 750000, 'Monthly_Rent', 2024, 'September', 'S01', '2024-10-08 03:18:25', '0', 'HA2024000008'),
(135, '16_L03', 600000, 'Utility_Bills', 2024, 'September', 'S03', '2024-10-08 03:36:34', '1', 'HA2024000008'),
(136, '16_L03', 750000, 'Monthly_Rent', 2024, 'September', 'S03', '2024-10-08 03:36:49', '0', 'HA2024000008'),
(137, '17_S04', 600000, 'Utility_Bills', 2024, 'September', 'S04', '2024-10-08 03:38:20', '1', 'HA2024000008'),
(138, '17_S04', 750000, 'Monthly_Rent', 2024, 'September', 'S04', '2024-10-08 03:38:39', '0', 'HA2024000008'),
(139, '18_S05', 700000, 'Utility_Bills', 2024, 'August', 'S05', '2024-10-08 03:42:11', '1', 'HA2024000008'),
(140, '18_S05', 750000, 'Monthly_Rent', 2024, 'August', 'S05', '2024-10-08 03:42:30', '0', 'HA2024000008'),
(141, '18_S05', 750000, 'Monthly_Rent', 2024, 'September', 'S05', '2024-10-08 03:42:50', '0', 'HA2024000008'),
(142, '19_AP', 900000, 'Utility_Bills', 2024, 'September', 'AP', '2024-10-08 03:45:03', '1', 'HA2024000008'),
(143, '19_AP', 900000, 'Monthly_Rent', 2024, 'September', 'AP', '2024-10-08 03:46:33', '0', 'HA2024000008'),
(144, '20_BB', 800000, 'Utility_Bills', 2024, 'September', 'BB', '2024-10-08 04:01:18', '1', 'HA2024000008'),
(145, '20_BB', 800000, 'Monthly_Rent', 2024, 'September', 'BB', '2024-10-08 04:11:50', '1', 'HA2024000008'),
(146, '32_CC', 850000, 'Utility_Bills', 2024, 'September', 'CC', '2024-10-08 04:13:23', '1', 'HA2024000008'),
(147, '32_CC', 850000, 'Monthly_Rent', 2024, 'September', 'CC', '2024-10-08 04:13:52', '0', 'HA2024000008'),
(148, '22_DD', 850000, 'Utility_Bills', 2024, 'July', 'DD', '2024-10-08 04:18:32', '1', 'HA2024000008'),
(149, '22_DD', 850000, 'Monthly_Rent', 2024, 'July', 'DD', '2024-10-08 04:20:26', '1', 'HA2024000008'),
(150, '22_DD', 850000, 'Monthly_Rent', 2024, 'August', 'DD', '2024-10-08 04:21:13', '0', 'HA2024000008'),
(151, '22_DD', 850000, 'Monthly_Rent', 2024, 'September', 'DD', '2024-10-08 04:21:34', '0', 'HA2024000008'),
(152, '23_EE', 900000, 'Utility_Bills', 2024, 'September', 'EE', '2024-10-08 04:27:03', '1', 'HA2024000008'),
(153, '23_EE', 900000, 'Monthly_Rent', 2024, 'September', 'EE', '2024-10-08 04:27:28', '1', 'HA2024000008'),
(154, '24_GG', 800000, 'Utility_Bills', 2024, 'August', 'GG', '2024-10-08 04:30:06', '1', 'HA2024000008'),
(155, '24_GG', 800000, 'Monthly_Rent', 2024, 'August', 'GG', '2024-10-08 04:30:29', '0', 'HA2024000008'),
(156, '24_GG', 800000, 'Monthly_Rent', 2024, 'September', 'GG', '2024-10-08 04:30:57', '0', 'HA2024000008'),
(157, '25_HH', 900000, 'Utility_Bills', 2024, 'September', 'HH', '2024-10-08 04:33:06', '1', 'HA2024000008'),
(158, '26_JJ', 850000, 'Utility_Bills', 2024, 'August', 'JJ', '2024-10-08 04:36:11', '1', 'HA2024000008'),
(159, '26_JJ', 850000, 'Monthly_Rent', 2024, 'September', 'JJ', '2024-10-08 04:36:29', '1', 'HA2024000008'),
(160, '26_JJ', 850000, 'Monthly_Rent', 2024, 'August', 'JJ', '2024-10-08 04:40:31', '0', 'HA2024000008'),
(161, '27_KK', 900000, 'Utility_Bills', 2024, 'July', 'KK', '2024-10-08 04:44:35', '1', 'HA2024000008'),
(162, '27_KK', 900000, 'Monthly_Rent', 2024, 'July', 'KK', '2024-10-08 04:44:52', '1', 'HA2024000008'),
(163, '27_KK', 900000, 'Monthly_Rent', 2024, 'August', 'KK', '2024-10-08 04:45:08', '1', 'HA2024000008'),
(164, '27_KK', 900000, 'Monthly_Rent', 2024, 'September', 'KK', '2024-10-08 04:45:23', '0', 'HA2024000008'),
(165, '28_A1', 700000, 'Utility_Bills', 2024, 'August', 'A1', '2024-10-08 04:47:31', '1', 'HA2024000008'),
(166, '28_A1', 700000, 'Monthly_Rent', 2024, 'August', 'A1', '2024-10-08 04:47:49', '0', 'HA2024000008'),
(167, '28_A1', 700000, 'Monthly_Rent', 2024, 'September', 'A1', '2024-10-08 04:48:05', '0', 'HA2024000008'),
(168, '2_A2', 700000, 'Utility_Bills', 2024, 'September', 'A2', '2024-10-08 04:49:16', '1', 'HA2024000008'),
(169, '2_A2', 700000, 'Monthly_Rent', 2024, 'September', 'A2', '2024-10-08 04:49:37', '0', 'HA2024000008'),
(170, '30_A3', 700000, 'Utility_Bills', 2024, 'September', 'A3', '2024-10-08 04:50:57', '1', 'HA2024000008'),
(171, '30_A3', 700000, 'Monthly_Rent', 2024, 'September', 'A3', '2024-10-08 04:51:23', '0', 'HA2024000008'),
(172, '33_HS1', 300000, 'Monthly_Rent', 2024, 'October', 'HS1', '2024-10-08 04:56:58', '1', 'HA2024000008'),
(173, '33_HS1', 300000, 'Monthly_Rent', 2024, 'November', 'HS1', '2024-10-08 04:57:19', '1', 'HA2024000008'),
(175, '34_HS2', 300000, 'Monthly_Rent', 2024, 'October', 'HS2', '2024-10-08 05:04:07', '1', 'HA2024000008'),
(176, '36_HS4', 300000, 'Monthly_Rent', 2024, 'October', 'HS4', '2024-10-08 05:07:20', '0', 'HA2024000008'),
(177, '19-L2004', 150000, 'Utility_Bills', 2024, 'January', 'L4002', '2024-10-08 09:00:06', '0', '1'),
(178, '19-L2004', 1450000, 'Monthly_Rent', 2024, 'November', 'L4002', '2024-10-13 06:05:18', '0', '1'),
(179, '19-L2004', 1450000, 'Monthly_Rent', 2024, 'September', 'L4002', '2024-10-13 08:03:06', '0', '1'),
(180, 'BH1', 650000, 'Monthly_Rent', 2024, 'December', 'G002', '2024-10-13 08:03:45', '1', '1'),
(181, '21-k001', 500000, 'Monthly_Rent', 2024, 'January', ' K001', '2024-10-13 08:11:20', '1', '1'),
(183, 'BH18', 800000, 'Utility_Bills', 2024, 'January', '', '2024-10-15 03:18:31', '1', '1'),
(185, '26LM', 1050000, 'Monthly_Rent', 2024, 'October', 'L3004', '2024-10-15 14:53:38', '1', '1'),
(186, '24-KA01', 1450000, 'Monthly_Rent', 2024, 'October', 'L4005', '2024-10-16 05:57:17', '1', '1'),
(187, '24-KA01', 1450000, 'Monthly_Rent', 2024, 'September', 'L4005', '2024-10-16 09:50:19', '1', '1'),
(188, 'BH16', 650000, 'Monthly_Rent', 2024, 'June', 'L1003', '2024-10-17 00:39:02', '1', '1'),
(189, 'BH16', 650000, 'Monthly_Rent', 2024, 'July', 'L1003', '2024-10-17 00:41:57', '0', '1'),
(190, 'BH16', 650000, 'Monthly_Rent', 2024, 'August', 'L1003', '2024-10-17 00:44:34', '0', '1'),
(191, 'BH16', 650000, 'Monthly_Rent', 2024, 'April', 'L1003', '2024-10-17 01:14:21', '0', '1'),
(192, 'BH16', 650000, 'Monthly_Rent', 2024, 'October', 'L1003', '2024-10-17 01:40:19', '1', '1'),
(193, 'BH16', 800000, 'Utility_Bills', 2024, 'January', 'L1003', '2024-10-17 05:01:31', '1', '1'),
(195, 'BH18', 250000, 'Utility_Bills', 2024, 'November', '', '2024-11-01 08:09:09', '1', '1'),
(196, 'BH18', 10000, 'Utility_Bills', 2024, 'November', '', '2024-11-01 09:22:39', '1', '1'),
(197, '19-L2004', 450000, 'Monthly_Rent', 2024, 'December', 'L4002', '2024-11-02 01:53:50', '0', '1'),
(198, 'BH9', 650000, 'Monthly_Rent', 2024, 'November', 'L3003', '2024-11-02 02:07:07', '1', '1'),
(199, 'BH5', 1450000, 'Monthly_Rent', 2024, 'November', 'L4003', '2024-11-06 00:32:04', '0', '1'),
(200, 'BH6', 1050000, 'Monthly_Rent', 2024, 'November', 'L4001', '2024-11-06 00:32:08', '1', '1'),
(201, 'BH14', 950000, 'Monthly_Rent', 2024, 'November', 'L2004', '2024-11-06 00:32:11', '0', '1'),
(202, 'BH22', 950000, 'Monthly_Rent', 2024, 'November', 'L2002', '2024-11-06 00:32:14', '1', '1'),
(203, 'BH13', 650000, 'Monthly_Rent', 2024, 'November', 'L2001', '2024-11-06 00:32:18', '1', '1'),
(204, 'BH17', 650000, 'Monthly_Rent', 2024, 'November', 'L1004', '2024-11-06 00:32:21', '0', '1'),
(205, 'BH16', 650000, 'Monthly_Rent', 2024, 'November', 'L1003', '2024-11-06 00:32:24', '1', '1'),
(206, 'BH15', 650000, 'Monthly_Rent', 2024, 'November', 'L1002', '2024-11-06 00:32:28', '0', '1'),
(207, 'BH1', 650000, 'Monthly_Rent', 2024, 'November', 'G002', '2024-11-06 00:32:31', '1', '1'),
(208, 'BH10', 1450000, 'Monthly_Rent', 2024, 'November', 'L5001', '2024-11-06 00:32:35', '0', '1'),
(209, 'BH21', 450000, 'Monthly_Rent', 2024, 'November', 'L4004', '2024-11-06 00:32:38', '1', '1'),
(210, 'BH2', 1050000, 'Monthly_Rent', 2024, 'November', 'L3001', '2024-11-06 00:32:42', '1', '1'),
(211, '21-k001', 500000, 'Monthly_Rent', 2024, 'November', ' K001', '2024-11-06 00:32:45', '1', '1'),
(212, '22-A001', 1050000, 'Monthly_Rent', 2024, 'November', 'L3004', '2024-11-06 00:32:48', '0', '1'),
(213, 'DR001', 450000, 'Monthly_Rent', 2024, 'November', 'G001', '2024-11-06 00:32:52', '0', '1'),
(214, '24-KA01', 1450000, 'Monthly_Rent', 2024, 'November', 'L4005', '2024-11-06 00:32:55', '0', '1'),
(215, '25BEE', 450000, 'Monthly_Rent', 2024, 'November', 'G001', '2024-11-06 00:32:59', '1', '1'),
(216, '26LM', 1050000, 'Monthly_Rent', 2024, 'November', 'L3004', '2024-11-06 00:33:02', '1', '1'),
(217, '1PS', 500000, 'Monthly_Rent', 2024, 'November', 'PS-001', '2024-11-06 00:33:05', '0', 'PS2024000007'),
(218, '2', 250000, 'Monthly_Rent', 2024, 'November', 'PS-003', '2024-11-06 00:33:09', '0', 'PS2024000007'),
(219, '3PS', 350000, 'Monthly_Rent', 2024, 'November', 'PS-002', '2024-11-06 00:33:12', '0', 'PS2024000007'),
(220, '1_L01', 950000, 'Monthly_Rent', 2024, 'November', 'L01', '2024-11-06 00:33:16', '0', 'HA2024000008'),
(221, '2_L02', 950000, 'Monthly_Rent', 2024, 'November', 'L02', '2024-11-06 00:33:19', '1', 'HA2024000008'),
(222, '3_L03', 950000, 'Monthly_Rent', 2024, 'November', 'L03', '2024-11-06 00:33:24', '0', 'HA2024000008'),
(223, '6_L06', 950000, 'Monthly_Rent', 2024, 'November', 'L06', '2024-11-06 00:33:27', '0', 'HA2024000008'),
(224, '5_L05', 950000, 'Monthly_Rent', 2024, 'November', 'L05', '2024-11-06 00:33:31', '0', 'HA2024000008'),
(225, '5_L04', 950000, 'Monthly_Rent', 2024, 'November', 'L04', '2024-11-06 00:33:34', '0', 'HA2024000008'),
(226, '7_L07', 950000, 'Monthly_Rent', 2024, 'November', 'L07', '2024-11-06 00:33:38', '0', 'HA2024000008'),
(227, '8_L08', 870000, 'Monthly_Rent', 2024, 'November', 'L08', '2024-11-06 00:33:41', '0', 'HA2024000008'),
(228, '9_L09', 870000, 'Monthly_Rent', 2024, 'November', 'L09', '2024-11-06 00:33:45', '0', 'HA2024000008'),
(229, '10_L10', 870000, 'Monthly_Rent', 2024, 'November', 'L10', '2024-11-06 00:33:48', '0', 'HA2024000008'),
(230, '12_M02', 800000, 'Monthly_Rent', 2024, 'November', 'M02', '2024-11-06 00:33:51', '0', 'HA2024000008'),
(231, '11_M01', 800000, 'Monthly_Rent', 2024, 'November', 'M01', '2024-11-06 00:33:55', '0', 'HA2024000008'),
(232, '13_M03', 800000, 'Monthly_Rent', 2024, 'November', 'M03', '2024-11-06 00:33:58', '0', 'HA2024000008'),
(233, '14_S01', 750000, 'Monthly_Rent', 2024, 'November', 'S01', '2024-11-06 00:34:03', '0', 'HA2024000008'),
(234, '15_L02', 750000, 'Monthly_Rent', 2024, 'November', 'S02', '2024-11-06 00:34:07', '0', 'HA2024000008'),
(235, '16_L03', 750000, 'Monthly_Rent', 2024, 'November', 'S03', '2024-11-06 00:34:10', '1', 'HA2024000008'),
(236, '17_S04', 750000, 'Monthly_Rent', 2024, 'November', 'S04', '2024-11-06 00:34:15', '0', 'HA2024000008'),
(237, '18_S05', 750000, 'Monthly_Rent', 2024, 'November', 'S05', '2024-11-06 00:34:19', '0', 'HA2024000008'),
(238, '19_AP', 900000, 'Monthly_Rent', 2024, 'November', 'AP', '2024-11-06 00:34:22', '0', 'HA2024000008'),
(239, '20_BB', 800000, 'Monthly_Rent', 2024, 'November', 'BB', '2024-11-06 00:34:27', '0', 'HA2024000008'),
(240, '22_DD', 850000, 'Monthly_Rent', 2024, 'November', 'DD', '2024-11-06 00:34:30', '0', 'HA2024000008'),
(241, '23_EE', 900000, 'Monthly_Rent', 2024, 'November', 'EE', '2024-11-06 00:34:34', '0', 'HA2024000008'),
(242, '24_GG', 800000, 'Monthly_Rent', 2024, 'November', 'GG', '2024-11-06 00:34:37', '0', 'HA2024000008'),
(243, '25_HH', 900000, 'Monthly_Rent', 2024, 'November', 'HH', '2024-11-06 00:34:41', '0', 'HA2024000008'),
(244, '26_JJ', 850000, 'Monthly_Rent', 2024, 'November', 'JJ', '2024-11-06 00:34:44', '0', 'HA2024000008'),
(245, '27_KK', 900000, 'Monthly_Rent', 2024, 'November', 'KK', '2024-11-06 00:34:48', '0', 'HA2024000008'),
(246, '28_A1', 700000, 'Monthly_Rent', 2024, 'November', 'A1', '2024-11-06 00:34:51', '0', 'HA2024000008'),
(247, '2_A2', 700000, 'Monthly_Rent', 2024, 'November', 'A2', '2024-11-06 00:34:55', '0', 'HA2024000008'),
(248, '30_A3', 700000, 'Monthly_Rent', 2024, 'November', 'A3', '2024-11-06 00:34:58', '0', 'HA2024000008'),
(249, '31_A', 800000, 'Monthly_Rent', 2024, 'November', 'A', '2024-11-06 00:35:02', '0', 'HA2024000008'),
(250, '32_B', 900000, 'Monthly_Rent', 2024, 'November', 'B', '2024-11-06 00:35:05', '0', 'HA2024000008'),
(251, '32_CC', 850000, 'Monthly_Rent', 2024, 'November', 'CC', '2024-11-06 00:35:08', '0', 'HA2024000008'),
(252, '34_HS2', 300000, 'Monthly_Rent', 2024, 'November', 'HS2', '2024-11-06 00:35:12', '0', 'HA2024000008'),
(253, '35_HS4', 300000, 'Monthly_Rent', 2024, 'November', 'HS3', '2024-11-06 00:35:15', '0', 'HA2024000008'),
(254, '36_HS4', 300000, 'Monthly_Rent', 2024, 'November', 'HS4', '2024-11-06 00:35:19', '0', 'HA2024000008'),
(255, '37_HS5', 300000, 'Monthly_Rent', 2024, 'November', 'HS5', '2024-11-06 00:35:22', '0', 'HA2024000008'),
(256, '38_HS5', 300000, 'Monthly_Rent', 2024, 'November', 'HS6', '2024-11-06 00:35:26', '0', 'HA2024000008'),
(257, '27_dd', 1450000, 'Monthly_Rent', 2024, 'November', 'L4003', '2024-11-07 11:23:52', '1', '1'),
(258, '27_dd', 750000, 'Utility_Bills', 2024, 'November', 'L4003', '2024-11-07 11:27:00', '1', '1'),
(259, '1_G1', 400000, 'Utility_Bills', 2024, 'October', 'G1', '2024-11-12 03:06:00', '1', 'SA2024000011'),
(260, '2_G2', 1400000, 'Utility_Bills', 2024, 'October', 'G2', '2024-11-12 03:10:20', '1', 'SA2024000011'),
(261, '3_G4', 350000, 'Utility_Bills', 2024, 'October', 'G4', '2024-11-12 06:09:19', '1', 'SA2024000011'),
(262, '4_G8', 350000, 'Utility_Bills', 2024, 'October', 'G8', '2024-11-12 06:17:20', '1', 'SA2024000011'),
(263, '5_G10', 250000, 'Utility_Bills', 2024, 'October', 'G10', '2024-11-12 06:18:32', '1', 'SA2024000011'),
(264, '6_F1', 400000, 'Utility_Bills', 2024, 'October', 'F1', '2024-11-12 06:22:29', '1', 'SA2024000011'),
(265, '7_F15', 600000, 'Utility_Bills', 2024, 'October', 'F15', '2024-11-12 06:23:59', '1', 'SA2024000011'),
(267, '8_F13', 250000, 'Utility_Bills', 2024, 'October', 'F13', '2024-11-12 06:31:59', '1', 'SA2024000011'),
(268, '9_L_01', 250000, 'Utility_Bills', 2024, 'October', 'L_01', '2024-11-12 06:34:04', '1', 'SA2024000011'),
(269, '10_L_02', 300000, 'Utility_Bills', 2024, 'October', 'L_02', '2024-11-12 06:35:07', '1', 'SA2024000011'),
(270, '11_L_03', 250000, 'Utility_Bills', 2024, 'October', 'L_03', '2024-11-12 06:35:42', '1', 'SA2024000011'),
(271, '12_L07', 750000, 'Utility_Bills', 2024, 'October', 'L_07', '2024-11-12 06:36:24', '1', 'SA2024000011'),
(273, '2_G2', 1800000, 'Monthly_Rent', 2024, 'November', 'G2', '2024-11-12 08:21:21', '0', 'SA2024000011'),
(274, '3_G4', 350000, 'Monthly_Rent', 2024, 'November', 'G4', '2024-11-12 08:21:25', '0', 'SA2024000011'),
(275, '4_G8', 550000, 'Monthly_Rent', 2024, 'November', 'G8', '2024-11-12 08:21:28', '0', 'SA2024000011'),
(276, '5_G10', 250000, 'Monthly_Rent', 2024, 'November', 'G10', '2024-11-12 08:21:32', '0', 'SA2024000011'),
(277, '6_F1', 350000, 'Monthly_Rent', 2024, 'November', 'F1', '2024-11-12 08:21:35', '0', 'SA2024000011'),
(278, '7_F15', 600000, 'Monthly_Rent', 2024, 'November', 'F15', '2024-11-12 08:21:39', '0', 'SA2024000011'),
(279, '8_F13', 250000, 'Monthly_Rent', 2024, 'November', 'F13', '2024-11-12 08:21:42', '0', 'SA2024000011'),
(280, '9_L_01', 250000, 'Monthly_Rent', 2024, 'November', 'L_01', '2024-11-12 08:21:46', '0', 'SA2024000011'),
(281, '10_L_02', 300000, 'Monthly_Rent', 2024, 'November', 'L_02', '2024-11-12 08:21:49', '0', 'SA2024000011'),
(282, '12_L07', 750000, 'Monthly_Rent', 2024, 'November', 'L_07', '2024-11-12 08:21:53', '0', 'SA2024000011'),
(283, '13_KIS', 500000, 'Monthly_Rent', 2024, 'November', '1', '2024-11-12 08:21:56', '0', 'SA2024000011'),
(284, '14_KIS2', 500000, 'Monthly_Rent', 2024, 'November', '2', '2024-11-12 08:22:00', '0', 'SA2024000011'),
(285, '15_KIS3', 550000, 'Monthly_Rent', 2024, 'November', '3', '2024-11-12 08:22:03', '0', 'SA2024000011'),
(286, '16_KIS4', 550000, 'Monthly_Rent', 2024, 'November', '4', '2024-11-12 08:22:07', '0', 'SA2024000011'),
(287, '17_B1', 400000, 'Monthly_Rent', 2024, 'November', 'Block_B1', '2024-11-12 08:22:10', '0', 'SA2024000011'),
(288, '18_B2', 450000, 'Monthly_Rent', 2024, 'November', 'Block_B2', '2024-11-12 08:22:14', '0', 'SA2024000011'),
(289, '19_B3', 450000, 'Monthly_Rent', 2024, 'November', 'Block_B3', '2024-11-12 08:22:17', '0', 'SA2024000011'),
(290, '20_B4', 450000, 'Monthly_Rent', 2024, 'November', 'Block_B4', '2024-11-12 08:22:21', '0', 'SA2024000011'),
(291, '21_B5', 500000, 'Monthly_Rent', 2024, 'November', 'Block_B5', '2024-11-12 08:22:24', '0', 'SA2024000011'),
(292, '22_B6', 450000, 'Monthly_Rent', 2024, 'November', 'Block B6', '2024-11-12 08:22:28', '0', 'SA2024000011'),
(313, '2', 250000, 'Monthly_Rent', 2024, 'December', 'PS-003', '2024-12-03 01:24:42', '0', 'PS2024000007'),
(314, '3PS', 350000, 'Monthly_Rent', 2024, 'December', 'PS-002', '2024-12-03 01:24:46', '0', 'PS2024000007'),
(315, '1_L01', 950000, 'Monthly_Rent', 2024, 'December', 'L01', '2024-12-03 01:24:49', '0', 'HA2024000008'),
(316, '2_L02', 950000, 'Monthly_Rent', 2024, 'December', 'L02', '2024-12-03 01:24:53', '0', 'HA2024000008'),
(317, '3_L03', 950000, 'Monthly_Rent', 2024, 'December', 'L03', '2024-12-03 01:24:56', '0', 'HA2024000008'),
(318, '6_L06', 950000, 'Monthly_Rent', 2024, 'December', 'L06', '2024-12-03 01:25:00', '0', 'HA2024000008'),
(319, '5_L05', 950000, 'Monthly_Rent', 2024, 'December', 'L05', '2024-12-03 01:25:03', '0', 'HA2024000008'),
(320, '5_L04', 950000, 'Monthly_Rent', 2024, 'December', 'L04', '2024-12-03 01:25:07', '0', 'HA2024000008'),
(321, '7_L07', 950000, 'Monthly_Rent', 2024, 'December', 'L07', '2024-12-03 01:25:10', '0', 'HA2024000008'),
(322, '8_L08', 870000, 'Monthly_Rent', 2024, 'December', 'L08', '2024-12-03 01:25:14', '0', 'HA2024000008'),
(323, '9_L09', 870000, 'Monthly_Rent', 2024, 'December', 'L09', '2024-12-03 01:25:17', '0', 'HA2024000008'),
(324, '10_L10', 870000, 'Monthly_Rent', 2024, 'December', 'L10', '2024-12-03 01:25:20', '0', 'HA2024000008'),
(325, '12_M02', 800000, 'Monthly_Rent', 2024, 'December', 'M02', '2024-12-03 01:25:24', '0', 'HA2024000008'),
(326, '11_M01', 800000, 'Monthly_Rent', 2024, 'December', 'M01', '2024-12-03 01:25:27', '0', 'HA2024000008'),
(327, '13_M03', 800000, 'Monthly_Rent', 2024, 'December', 'M03', '2024-12-03 01:25:31', '0', 'HA2024000008'),
(328, '14_S01', 750000, 'Monthly_Rent', 2024, 'December', 'S01', '2024-12-03 01:25:34', '0', 'HA2024000008'),
(329, '15_L02', 750000, 'Monthly_Rent', 2024, 'December', 'S02', '2024-12-03 01:25:38', '0', 'HA2024000008'),
(330, '16_L03', 750000, 'Monthly_Rent', 2024, 'December', 'S03', '2024-12-03 01:25:41', '0', 'HA2024000008'),
(331, '17_S04', 750000, 'Monthly_Rent', 2024, 'December', 'S04', '2024-12-03 01:25:45', '0', 'HA2024000008'),
(332, '18_S05', 750000, 'Monthly_Rent', 2024, 'December', 'S05', '2024-12-03 01:25:48', '0', 'HA2024000008'),
(333, '19_AP', 900000, 'Monthly_Rent', 2024, 'December', 'AP', '2024-12-03 01:25:52', '0', 'HA2024000008'),
(334, '20_BB', 800000, 'Monthly_Rent', 2024, 'December', 'BB', '2024-12-03 01:25:55', '0', 'HA2024000008'),
(335, '22_DD', 850000, 'Monthly_Rent', 2024, 'December', 'DD', '2024-12-03 01:25:59', '0', 'HA2024000008'),
(336, '23_EE', 900000, 'Monthly_Rent', 2024, 'December', 'EE', '2024-12-03 01:26:02', '0', 'HA2024000008'),
(337, '24_GG', 800000, 'Monthly_Rent', 2024, 'December', 'GG', '2024-12-03 01:26:06', '0', 'HA2024000008'),
(338, '25_HH', 900000, 'Monthly_Rent', 2024, 'December', 'HH', '2024-12-03 01:26:09', '0', 'HA2024000008'),
(339, '26_JJ', 850000, 'Monthly_Rent', 2024, 'December', 'JJ', '2024-12-03 01:26:12', '0', 'HA2024000008'),
(340, '27_KK', 900000, 'Monthly_Rent', 2024, 'December', 'KK', '2024-12-03 01:26:16', '0', 'HA2024000008'),
(341, '28_A1', 700000, 'Monthly_Rent', 2024, 'December', 'A1', '2024-12-03 01:26:19', '0', 'HA2024000008'),
(342, '2_A2', 700000, 'Monthly_Rent', 2024, 'December', 'A2', '2024-12-03 01:26:23', '0', 'HA2024000008'),
(343, '30_A3', 700000, 'Monthly_Rent', 2024, 'December', 'A3', '2024-12-03 01:26:26', '0', 'HA2024000008'),
(344, '31_A', 800000, 'Monthly_Rent', 2024, 'December', 'A', '2024-12-03 01:26:30', '0', 'HA2024000008'),
(345, '32_B', 900000, 'Monthly_Rent', 2024, 'December', 'B', '2024-12-03 01:26:33', '0', 'HA2024000008'),
(346, '32_CC', 850000, 'Monthly_Rent', 2024, 'December', 'CC', '2024-12-03 01:26:37', '0', 'HA2024000008'),
(347, '33_HS1', 300000, 'Monthly_Rent', 2024, 'December', 'HS1', '2024-12-03 01:26:40', '0', 'HA2024000008'),
(348, '34_HS2', 300000, 'Monthly_Rent', 2024, 'December', 'HS2', '2024-12-03 01:26:44', '0', 'HA2024000008'),
(349, '35_HS4', 300000, 'Monthly_Rent', 2024, 'December', 'HS3', '2024-12-03 01:26:48', '0', 'HA2024000008'),
(350, '36_HS4', 300000, 'Monthly_Rent', 2024, 'December', 'HS4', '2024-12-03 01:26:51', '0', 'HA2024000008'),
(351, '37_HS5', 300000, 'Monthly_Rent', 2024, 'December', 'HS5', '2024-12-03 01:26:55', '0', 'HA2024000008'),
(352, '38_HS5', 300000, 'Monthly_Rent', 2024, 'December', 'HS6', '2024-12-03 01:26:58', '0', 'HA2024000008'),
(353, '1_G1', 400000, 'Monthly_Rent', 2024, 'December', 'G1', '2024-12-03 01:27:02', '0', 'SA2024000011'),
(354, '2_G2', 1800000, 'Monthly_Rent', 2024, 'December', 'G2', '2024-12-03 01:27:05', '0', 'SA2024000011'),
(355, '3_G4', 350000, 'Monthly_Rent', 2024, 'December', 'G4', '2024-12-03 01:27:09', '0', 'SA2024000011'),
(356, '4_G8', 550000, 'Monthly_Rent', 2024, 'December', 'G8', '2024-12-03 01:27:12', '0', 'SA2024000011'),
(357, '5_G10', 250000, 'Monthly_Rent', 2024, 'December', 'G10', '2024-12-03 01:27:16', '0', 'SA2024000011'),
(358, '6_F1', 350000, 'Monthly_Rent', 2024, 'December', 'F1', '2024-12-03 01:27:19', '0', 'SA2024000011'),
(359, '7_F15', 600000, 'Monthly_Rent', 2024, 'December', 'F15', '2024-12-03 01:27:23', '0', 'SA2024000011'),
(360, '8_F13', 250000, 'Monthly_Rent', 2024, 'December', 'F13', '2024-12-03 01:27:26', '0', 'SA2024000011'),
(361, '9_L_01', 250000, 'Monthly_Rent', 2024, 'December', 'L_01', '2024-12-03 01:27:30', '0', 'SA2024000011'),
(362, '10_L_02', 300000, 'Monthly_Rent', 2024, 'December', 'L_02', '2024-12-03 01:27:33', '0', 'SA2024000011'),
(363, '12_L07', 750000, 'Monthly_Rent', 2024, 'December', 'L_07', '2024-12-03 01:27:37', '0', 'SA2024000011'),
(364, '13_KIS', 500000, 'Monthly_Rent', 2024, 'December', '1', '2024-12-03 01:27:41', '0', 'SA2024000011'),
(365, '14_KIS2', 500000, 'Monthly_Rent', 2024, 'December', '2', '2024-12-03 01:27:44', '0', 'SA2024000011'),
(366, '15_KIS3', 550000, 'Monthly_Rent', 2024, 'December', '3', '2024-12-03 01:27:48', '0', 'SA2024000011'),
(367, '16_KIS4', 550000, 'Monthly_Rent', 2024, 'December', '4', '2024-12-03 01:27:51', '0', 'SA2024000011'),
(368, '17_B1', 400000, 'Monthly_Rent', 2024, 'December', 'Block_B1', '2024-12-03 01:27:55', '0', 'SA2024000011'),
(369, '18_B2', 450000, 'Monthly_Rent', 2024, 'December', 'Block_B2', '2024-12-03 01:27:58', '0', 'SA2024000011'),
(370, '19_B3', 450000, 'Monthly_Rent', 2024, 'December', 'Block_B3', '2024-12-03 01:28:02', '0', 'SA2024000011'),
(371, '20_B4', 450000, 'Monthly_Rent', 2024, 'December', 'Block_B4', '2024-12-03 01:28:05', '0', 'SA2024000011'),
(372, '21_B5', 500000, 'Monthly_Rent', 2024, 'December', 'Block_B5', '2024-12-03 01:28:09', '0', 'SA2024000011'),
(373, '22_B6', 450000, 'Monthly_Rent', 2024, 'December', 'Block B6', '2024-12-03 01:28:13', '0', 'SA2024000011'),
(374, '29_RP', 400000, 'Utility_Bills', 2024, 'December', '5', '2024-12-16 07:05:09', '1', '1'),
(375, 'DR001', 2560000, 'Monthly_Rent', 2025, 'January', 'G001', '2025-01-02 12:07:24', '1', '1'),
(376, '25BEE', 2560000, 'Monthly_Rent', 2025, 'January', 'G001', '2025-01-02 12:07:33', '1', '1'),
(377, '28', 700000, 'Monthly_Rent', 2025, 'January', 'NER001', '2025-01-02 12:07:36', '1', '1'),
(378, '1_G1', 400000, 'Monthly_Rent', 2025, 'January', 'G1', '2025-01-02 12:07:40', '0', 'SA2024000011'),
(379, '2_G2', 1800000, 'Monthly_Rent', 2025, 'January', 'G2', '2025-01-02 12:07:43', '0', 'SA2024000011'),
(380, 'BH9', 700000, 'Monthly_Rent', 2025, 'January', 'L3003', '2025-01-15 05:28:12', '1', '1'),
(381, '3_G4', 350000, 'Monthly_Rent', 2025, 'January', 'G4', '2025-01-15 05:28:16', '1', 'SA2024000011'),
(382, '4_G8', 550000, 'Monthly_Rent', 2025, 'January', 'G8', '2025-01-15 05:28:20', '0', 'SA2024000011'),
(383, '5_G10', 250000, 'Monthly_Rent', 2025, 'January', 'G10', '2025-01-15 05:28:24', '0', 'SA2024000011'),
(384, '6_F1', 350000, 'Monthly_Rent', 2025, 'January', 'F1', '2025-01-15 05:28:28', '0', 'SA2024000011'),
(385, '7_F15', 600000, 'Monthly_Rent', 2025, 'January', 'F15', '2025-01-15 05:28:31', '0', 'SA2024000011'),
(386, '8_F13', 250000, 'Monthly_Rent', 2025, 'January', 'F13', '2025-01-15 05:28:35', '0', 'SA2024000011'),
(387, '9_L_01', 250000, 'Monthly_Rent', 2025, 'January', 'L_01', '2025-01-15 05:28:39', '0', 'SA2024000011'),
(388, '10_L_02', 300000, 'Monthly_Rent', 2025, 'January', 'L_02', '2025-01-15 05:28:42', '0', 'SA2024000011'),
(389, '11_L_03', 250000, 'Monthly_Rent', 2025, 'January', 'L_03', '2025-01-15 05:28:46', '0', 'SA2024000011'),
(390, '12_L07', 750000, 'Monthly_Rent', 2025, 'January', 'L_07', '2025-01-15 05:28:49', '0', 'SA2024000011'),
(391, '13_KIS', 500000, 'Monthly_Rent', 2025, 'January', '1', '2025-01-15 05:28:53', '0', 'SA2024000011'),
(392, '14_KIS2', 500000, 'Monthly_Rent', 2025, 'January', '2', '2025-01-15 05:28:56', '0', 'SA2024000011'),
(393, '15_KIS3', 550000, 'Monthly_Rent', 2025, 'January', '3', '2025-01-15 05:29:00', '0', 'SA2024000011'),
(394, '16_KIS4', 550000, 'Monthly_Rent', 2025, 'January', '4', '2025-01-15 05:29:03', '0', 'SA2024000011'),
(395, '17_B1', 400000, 'Monthly_Rent', 2025, 'January', 'Block_B1', '2025-01-15 05:29:07', '0', 'SA2024000011'),
(396, '18_B2', 450000, 'Monthly_Rent', 2025, 'January', 'Block_B2', '2025-01-15 05:29:10', '0', 'SA2024000011'),
(397, '19_B3', 450000, 'Monthly_Rent', 2025, 'January', 'Block_B3', '2025-01-15 05:29:14', '0', 'SA2024000011'),
(398, '20_B4', 450000, 'Monthly_Rent', 2025, 'January', 'Block_B4', '2025-01-15 05:29:17', '0', 'SA2024000011'),
(399, '21_B5', 500000, 'Monthly_Rent', 2025, 'January', 'Block_B5', '2025-01-15 05:29:21', '0', 'SA2024000011'),
(400, '22_B6', 450000, 'Monthly_Rent', 2025, 'January', 'Block B6', '2025-01-15 05:29:24', '0', 'SA2024000011'),
(401, '30_WKS001', 350000, 'Utility_Bills', 2025, 'March', 'WKS001', '2025-03-15 11:02:03', '1', '1'),
(402, '30_WKS001', 350000, 'Monthly_Rent', 2025, 'March', 'WKS001', '2025-03-15 11:04:18', '1', '1'),
(403, '31_BUG001', 450000, 'Utility_Bills', 2025, 'January', 'BUG001', '2025-03-15 11:37:01', '1', '1'),
(404, '31_BUG001', 450000, 'Monthly_Rent', 2025, 'March', 'BUG001', '2025-03-15 11:38:15', '1', '1'),
(414, '3_219', 28500000, 'Monthly_Rent', 2025, 'January', 'PLOT_330_BUSIRO', '2025-03-27 06:43:09', '0', 'TUBAP2025000014'),
(415, '2_853', 36000000, 'Monthly_Rent', 2025, 'January', 'PLOT_1900_BUSIRO', '2025-03-27 07:40:10', '0', 'TUBAP2025000014'),
(419, 'BH9', 700000, 'Monthly_Rent', 2025, 'March', 'L3003', '2025-03-27 09:41:07', '1', '1'),
(420, '28', 700000, 'Monthly_Rent', 2025, 'March', 'NER001', '2025-03-27 09:41:10', '0', '1'),
(421, '32_WKS001', 350000, 'Monthly_Rent', 2025, 'March', 'WKS001', '2025-03-27 09:41:14', '0', '1'),
(422, '1_G1', 400000, 'Monthly_Rent', 2025, 'March', 'G1', '2025-03-27 09:41:17', '0', 'SA2024000011'),
(423, '2_G2', 1800000, 'Monthly_Rent', 2025, 'March', 'G2', '2025-03-27 09:41:21', '0', 'SA2024000011'),
(424, '3_G4', 350000, 'Monthly_Rent', 2025, 'March', 'G4', '2025-03-27 09:41:24', '0', 'SA2024000011'),
(425, '4_G8', 550000, 'Monthly_Rent', 2025, 'March', 'G8', '2025-03-27 09:41:28', '0', 'SA2024000011'),
(426, '5_G10', 250000, 'Monthly_Rent', 2025, 'March', 'G10', '2025-03-27 09:41:31', '0', 'SA2024000011'),
(427, '6_F1', 350000, 'Monthly_Rent', 2025, 'March', 'F1', '2025-03-27 09:41:35', '0', 'SA2024000011'),
(428, '7_F15', 600000, 'Monthly_Rent', 2025, 'March', 'F15', '2025-03-27 09:41:38', '0', 'SA2024000011'),
(429, '8_F13', 250000, 'Monthly_Rent', 2025, 'March', 'F13', '2025-03-27 09:41:42', '0', 'SA2024000011'),
(430, '9_L_01', 250000, 'Monthly_Rent', 2025, 'March', 'L_01', '2025-03-27 09:41:45', '0', 'SA2024000011'),
(431, '10_L_02', 300000, 'Monthly_Rent', 2025, 'March', 'L_02', '2025-03-27 09:41:49', '0', 'SA2024000011'),
(432, '11_L_03', 250000, 'Monthly_Rent', 2025, 'March', 'L_03', '2025-03-27 09:41:52', '0', 'SA2024000011'),
(433, '12_L07', 750000, 'Monthly_Rent', 2025, 'March', 'L_07', '2025-03-27 09:41:56', '0', 'SA2024000011'),
(434, '13_KIS', 500000, 'Monthly_Rent', 2025, 'March', '1', '2025-03-27 09:41:59', '0', 'SA2024000011'),
(435, '14_KIS2', 500000, 'Monthly_Rent', 2025, 'March', '2', '2025-03-27 09:42:03', '0', 'SA2024000011'),
(436, '15_KIS3', 550000, 'Monthly_Rent', 2025, 'March', '3', '2025-03-27 09:42:07', '0', 'SA2024000011'),
(437, '16_KIS4', 550000, 'Monthly_Rent', 2025, 'March', '4', '2025-03-27 09:42:10', '0', 'SA2024000011'),
(438, '17_B1', 400000, 'Monthly_Rent', 2025, 'March', 'Block_B1', '2025-03-27 09:42:14', '0', 'SA2024000011'),
(439, '18_B2', 450000, 'Monthly_Rent', 2025, 'March', 'Block_B2', '2025-03-27 09:42:17', '0', 'SA2024000011'),
(440, '19_B3', 450000, 'Monthly_Rent', 2025, 'March', 'Block_B3', '2025-03-27 09:42:21', '0', 'SA2024000011'),
(441, '20_B4', 450000, 'Monthly_Rent', 2025, 'March', 'Block_B4', '2025-03-27 09:42:24', '0', 'SA2024000011'),
(442, '21_B5', 500000, 'Monthly_Rent', 2025, 'March', 'Block_B5', '2025-03-27 09:42:28', '0', 'SA2024000011'),
(443, '22_B6', 450000, 'Monthly_Rent', 2025, 'March', 'Block B6', '2025-03-27 09:42:31', '0', 'SA2024000011'),
(444, '4_050', 80000000, 'Monthly_Rent', 2025, 'January', 'PLOT_191_BUSIRO', '2025-03-31 10:04:06', '0', 'TUBAP2025000014'),
(445, '5_078', 10000000, 'Monthly_Rent', 2025, 'April', 'PLOT_1511_KYAPISI', '2025-03-31 10:24:24', '1', 'TUBAP2025000014'),
(446, '6_077', 29000000, 'Monthly_Rent', 2025, 'April', 'PLOT_1882_SERINYA', '2025-03-31 11:08:48', '0', 'TUBAP2025000014'),
(447, '1_NAB01', 80000, 'Monthly_Rent', 2025, 'March', 'NAB01', '2025-03-31 11:17:22', '0', 'Tabula2025000015'),
(454, '1_G1', 400000, 'Monthly_Rent', 2025, 'April', 'G1', '2025-04-01 09:22:57', '0', 'SA2024000011'),
(455, '2_G2', 1800000, 'Monthly_Rent', 2025, 'April', 'G2', '2025-04-01 09:23:00', '0', 'SA2024000011'),
(456, '3_G4', 350000, 'Monthly_Rent', 2025, 'April', 'G4', '2025-04-01 09:23:04', '0', 'SA2024000011'),
(457, '4_G8', 550000, 'Monthly_Rent', 2025, 'April', 'G8', '2025-04-01 09:23:07', '0', 'SA2024000011'),
(458, '5_G10', 250000, 'Monthly_Rent', 2025, 'April', 'G10', '2025-04-01 09:23:11', '0', 'SA2024000011'),
(459, '6_F1', 350000, 'Monthly_Rent', 2025, 'April', 'F1', '2025-04-01 09:23:15', '0', 'SA2024000011'),
(460, '7_F15', 600000, 'Monthly_Rent', 2025, 'April', 'F15', '2025-04-01 09:23:18', '0', 'SA2024000011'),
(461, '8_F13', 250000, 'Monthly_Rent', 2025, 'April', 'F13', '2025-04-01 09:23:22', '0', 'SA2024000011'),
(462, '9_L_01', 250000, 'Monthly_Rent', 2025, 'April', 'L_01', '2025-04-01 09:23:25', '0', 'SA2024000011'),
(463, '10_L_02', 300000, 'Monthly_Rent', 2025, 'April', 'L_02', '2025-04-01 09:23:29', '0', 'SA2024000011'),
(464, '11_L_03', 250000, 'Monthly_Rent', 2025, 'April', 'L_03', '2025-04-01 09:23:32', '0', 'SA2024000011'),
(465, '12_L07', 750000, 'Monthly_Rent', 2025, 'April', 'L_07', '2025-04-01 09:23:36', '0', 'SA2024000011'),
(466, '13_KIS', 500000, 'Monthly_Rent', 2025, 'April', '1', '2025-04-01 09:23:39', '0', 'SA2024000011'),
(467, '14_KIS2', 500000, 'Monthly_Rent', 2025, 'April', '2', '2025-04-01 09:23:43', '0', 'SA2024000011'),
(468, '15_KIS3', 550000, 'Monthly_Rent', 2025, 'April', '3', '2025-04-01 09:23:46', '0', 'SA2024000011'),
(469, '16_KIS4', 550000, 'Monthly_Rent', 2025, 'April', '4', '2025-04-01 09:23:50', '0', 'SA2024000011'),
(470, '17_B1', 400000, 'Monthly_Rent', 2025, 'April', 'Block_B1', '2025-04-01 09:23:53', '0', 'SA2024000011'),
(471, '18_B2', 450000, 'Monthly_Rent', 2025, 'April', 'Block_B2', '2025-04-01 09:23:57', '0', 'SA2024000011'),
(472, '19_B3', 450000, 'Monthly_Rent', 2025, 'April', 'Block_B3', '2025-04-01 09:24:00', '0', 'SA2024000011'),
(473, '20_B4', 450000, 'Monthly_Rent', 2025, 'April', 'Block_B4', '2025-04-01 09:24:04', '0', 'SA2024000011'),
(474, '21_B5', 500000, 'Monthly_Rent', 2025, 'April', 'Block_B5', '2025-04-01 09:24:08', '0', 'SA2024000011'),
(475, '22_B6', 450000, 'Monthly_Rent', 2025, 'April', 'Block B6', '2025-04-01 09:24:11', '0', 'SA2024000011'),
(477, 'BH9', 700000, 'Monthly_Rent', 2025, 'April', 'L3003', '2025-04-09 11:20:13', '0', '1'),
(478, '28', 700000, 'Monthly_Rent', 2025, 'April', 'NER001', '2025-04-09 11:20:37', '0', '1'),
(479, '30_WKS001', 350000, 'Monthly_Rent', 2025, 'April', 'WKS001', '2025-04-09 11:20:42', '0', '1'),
(480, '31_BUG001', 450000, 'Monthly_Rent', 2025, 'April', 'BUG001', '2025-04-09 11:20:45', '0', '1'),
(481, '32_WKS001', 350000, 'Monthly_Rent', 2025, 'April', 'WKS001', '2025-04-09 11:20:49', '0', '1'),
(482, '2_001', 80000, 'Monthly_Rent', 2025, 'April', 'KAB01', '2025-04-09 11:20:53', '1', 'Tabula2025000015'),
(483, '3_002', 80000, 'Monthly_Rent', 2025, 'April', 'KAB02', '2025-04-09 11:20:57', '1', 'Tabula2025000015'),
(484, '4_003', 80000, 'Monthly_Rent', 2025, 'April', 'KAB03', '2025-04-09 11:21:00', '1', 'Tabula2025000015'),
(485, '5_004', 80000, 'Monthly_Rent', 2025, 'April', 'KAB04', '2025-04-09 11:21:05', '1', 'Tabula2025000015'),
(488, '8_007', 150000, 'Monthly_Rent', 2025, 'April', 'KAB11', '2025-04-09 11:21:20', '0', 'Tabula2025000015'),
(489, '9_008', 200000, 'Monthly_Rent', 2025, 'April', 'KAB12', '2025-04-09 11:21:25', '1', 'Tabula2025000015'),
(490, '10_009', 250000, 'Monthly_Rent', 2025, 'April', 'KAB13', '2025-04-09 11:21:28', '1', 'Tabula2025000015'),
(491, '33_BHK001', 700000, 'Monthly_Rent', 2025, 'April', 'BHK', '2025-04-16 03:00:49', '0', '1'),
(492, '19_006', 80000, 'Monthly_Rent', 2025, 'April', 'KAB06', '2025-04-16 03:00:55', '1', 'Tabula2025000015'),
(493, '18_005', 80000, 'Monthly_Rent', 2025, 'April', 'KAB05', '2025-04-16 03:00:59', '1', 'Tabula2025000015'),
(494, '11_NAB003', 70000, 'Monthly_Rent', 2025, 'April', 'NAB03', '2025-04-16 03:01:02', '0', 'Tabula2025000015'),
(495, '13_008', 130000, 'Monthly_Rent', 2025, 'April', 'NAB08', '2025-04-16 03:01:06', '0', 'Tabula2025000015'),
(496, '14_009', 80000, 'Monthly_Rent', 2025, 'April', 'NAB09', '2025-04-16 03:01:11', '0', 'Tabula2025000015'),
(497, '15_0010', 120000, 'Monthly_Rent', 2025, 'April', 'NAB10', '2025-04-16 03:01:14', '0', 'Tabula2025000015'),
(498, '16_002', 130000, 'Monthly_Rent', 2025, 'April', 'NAB11', '2025-04-16 03:01:18', '1', 'Tabula2025000015'),
(499, '19_K008', 80000, 'Monthly_Rent', 2025, 'April', 'KAB08', '2025-04-16 03:01:21', '0', 'Tabula2025000015'),
(500, '21_001', 70000, 'Monthly_Rent', 2025, 'April', 'NAB001', '2025-04-16 03:01:25', '0', 'Tabula2025000015'),
(501, '22_nk001', 70000, 'Monthly_Rent', 2025, 'April', 'NAKU01', '2025-04-16 03:01:29', '0', 'Tabula2025000015'),
(502, '23_NK002', 70000, 'Monthly_Rent', 2025, 'April', 'NAKU02', '2025-04-16 03:01:33', '1', 'Tabula2025000015'),
(503, '24_NK003', 70000, 'Monthly_Rent', 2025, 'April', 'NAKU03', '2025-04-16 03:01:36', '1', 'Tabula2025000015'),
(504, '25_NK004', 70000, 'Monthly_Rent', 2025, 'April', 'NAKU04', '2025-04-16 03:01:40', '1', 'Tabula2025000015'),
(505, '26_NK005', 60000, 'Monthly_Rent', 2025, 'April', 'NAKU05', '2025-04-16 03:01:44', '1', 'Tabula2025000015'),
(506, '27_NK006', 90000, 'Monthly_Rent', 2025, 'April', 'NAKU06', '2025-04-16 03:01:47', '1', 'Tabula2025000015'),
(507, '28_NK007', 100000, 'Monthly_Rent', 2025, 'April', 'NAKU07', '2025-04-16 03:01:56', '1', 'Tabula2025000015'),
(508, '29_NK008', 150000, 'Monthly_Rent', 2025, 'April', 'NAKU08', '2025-04-16 03:02:01', '0', 'Tabula2025000015'),
(509, '30_NK009', 140000, 'Monthly_Rent', 2025, 'April', 'NAKU09', '2025-04-16 03:02:05', '0', 'Tabula2025000015'),
(510, '31_NK010', 80000, 'Monthly_Rent', 2025, 'April', 'NAKU10', '2025-04-16 03:02:10', '1', 'Tabula2025000015'),
(511, '32_NK11', 100000, 'Monthly_Rent', 2025, 'April', 'NAKU11', '2025-04-16 03:02:14', '0', 'Tabula2025000015'),
(512, '33_NK13', 80000, 'Monthly_Rent', 2025, 'April', 'NAKU12', '2025-04-16 03:02:18', '0', 'Tabula2025000015'),
(513, '34_NK13', 80000, 'Monthly_Rent', 2025, 'April', 'NAKU13', '2025-04-16 03:02:21', '0', 'Tabula2025000015'),
(514, '35_NK14', 80000, 'Monthly_Rent', 2025, 'April', 'NAKU14', '2025-04-16 03:02:25', '0', 'Tabula2025000015'),
(515, '36_NK15', 80000, 'Monthly_Rent', 2025, 'April', 'NAKU15', '2025-04-16 03:02:29', '0', 'Tabula2025000015'),
(516, '12_002', 70000, 'Monthly_Rent', 2025, 'April', 'NAB05', '2025-04-23 03:24:21', '1', 'Tabula2025000015'),
(517, '17_013', 130000, 'Monthly_Rent', 2025, 'April', 'NAB13', '2025-04-23 03:26:53', '0', 'Tabula2025000015'),
(518, '20_002', 80000, 'Monthly_Rent', 2025, 'April', 'KAB07', '2025-04-23 03:28:20', '1', 'Tabula2025000015'),
(519, '20_002', 80000, 'Monthly_Rent', 2025, 'February', 'KAB07', '2025-04-23 03:39:09', '1', 'Tabula2025000015'),
(520, 'BH9', 700000, 'Monthly_Rent', 2025, 'May', 'L3003', '2025-05-07 08:44:06', '0', '1'),
(521, '28', 700000, 'Monthly_Rent', 2025, 'May', 'NER001', '2025-05-07 08:44:10', '0', '1'),
(522, '30_WKS001', 350000, 'Monthly_Rent', 2025, 'May', 'WKS001', '2025-05-07 08:44:14', '0', '1'),
(523, '31_BUG001', 450000, 'Monthly_Rent', 2025, 'May', 'BUG001', '2025-05-07 08:44:18', '0', '1'),
(524, '32_WKS001', 350000, 'Monthly_Rent', 2025, 'May', 'WKS001', '2025-05-07 08:44:22', '0', '1'),
(525, '1_G1', 400000, 'Monthly_Rent', 2025, 'May', 'G1', '2025-05-07 08:44:25', '0', 'SA2024000011'),
(526, '2_G2', 1800000, 'Monthly_Rent', 2025, 'May', 'G2', '2025-05-07 08:44:29', '0', 'SA2024000011'),
(527, '3_G4', 350000, 'Monthly_Rent', 2025, 'May', 'G4', '2025-05-07 08:44:32', '0', 'SA2024000011'),
(528, '4_G8', 550000, 'Monthly_Rent', 2025, 'May', 'G8', '2025-05-07 08:44:36', '0', 'SA2024000011'),
(529, '5_G10', 250000, 'Monthly_Rent', 2025, 'May', 'G10', '2025-05-07 08:44:40', '0', 'SA2024000011'),
(530, '6_F1', 350000, 'Monthly_Rent', 2025, 'May', 'F1', '2025-05-07 08:44:44', '0', 'SA2024000011'),
(531, '7_F15', 600000, 'Monthly_Rent', 2025, 'May', 'F15', '2025-05-07 08:44:48', '0', 'SA2024000011'),
(532, '8_F13', 250000, 'Monthly_Rent', 2025, 'May', 'F13', '2025-05-07 08:44:52', '0', 'SA2024000011'),
(533, '9_L_01', 250000, 'Monthly_Rent', 2025, 'May', 'L_01', '2025-05-07 08:44:56', '0', 'SA2024000011'),
(534, '10_L_02', 300000, 'Monthly_Rent', 2025, 'May', 'L_02', '2025-05-07 08:44:59', '0', 'SA2024000011'),
(535, '11_L_03', 250000, 'Monthly_Rent', 2025, 'May', 'L_03', '2025-05-07 08:45:03', '0', 'SA2024000011'),
(536, '12_L07', 750000, 'Monthly_Rent', 2025, 'May', 'L_07', '2025-05-07 08:45:07', '0', 'SA2024000011'),
(537, '13_KIS', 500000, 'Monthly_Rent', 2025, 'May', '1', '2025-05-07 08:45:11', '0', 'SA2024000011'),
(538, '14_KIS2', 500000, 'Monthly_Rent', 2025, 'May', '2', '2025-05-07 08:45:15', '0', 'SA2024000011'),
(539, '15_KIS3', 550000, 'Monthly_Rent', 2025, 'May', '3', '2025-05-07 08:45:18', '0', 'SA2024000011'),
(540, '16_KIS4', 550000, 'Monthly_Rent', 2025, 'May', '4', '2025-05-07 08:45:23', '0', 'SA2024000011'),
(541, '17_B1', 400000, 'Monthly_Rent', 2025, 'May', 'Block_B1', '2025-05-07 08:45:27', '0', 'SA2024000011'),
(542, '18_B2', 450000, 'Monthly_Rent', 2025, 'May', 'Block_B2', '2025-05-07 08:45:31', '0', 'SA2024000011'),
(543, '19_B3', 450000, 'Monthly_Rent', 2025, 'May', 'Block_B3', '2025-05-07 08:45:35', '0', 'SA2024000011'),
(544, '20_B4', 450000, 'Monthly_Rent', 2025, 'May', 'Block_B4', '2025-05-07 08:45:39', '0', 'SA2024000011'),
(545, '21_B5', 500000, 'Monthly_Rent', 2025, 'May', 'Block_B5', '2025-05-07 08:45:43', '0', 'SA2024000011'),
(546, '22_B6', 450000, 'Monthly_Rent', 2025, 'May', 'Block B6', '2025-05-07 08:45:47', '0', 'SA2024000011'),
(547, '2_001', 80000, 'Monthly_Rent', 2025, 'May', 'KAB01', '2025-05-07 08:45:52', '0', 'Tabula2025000015'),
(548, '3_002', 90000, 'Monthly_Rent', 2025, 'May', 'KAB02', '2025-05-07 08:45:56', '0', 'Tabula2025000015'),
(549, '4_003', 80000, 'Monthly_Rent', 2025, 'May', 'KAB03', '2025-05-07 08:46:00', '0', 'Tabula2025000015'),
(550, '5_004', 80000, 'Monthly_Rent', 2025, 'May', 'KAB04', '2025-05-07 08:46:04', '0', 'Tabula2025000015'),
(551, '19_006', 80000, 'Monthly_Rent', 2025, 'May', 'KAB06', '2025-05-07 08:46:08', '0', 'Tabula2025000015'),
(552, '18_005', 80000, 'Monthly_Rent', 2025, 'May', 'KAB05', '2025-05-07 08:46:12', '1', 'Tabula2025000015'),
(553, '8_007', 150000, 'Monthly_Rent', 2025, 'May', 'KAB11', '2025-05-07 08:46:16', '0', 'Tabula2025000015'),
(554, '9_008', 200000, 'Monthly_Rent', 2025, 'May', 'KAB12', '2025-05-07 08:46:20', '0', 'Tabula2025000015'),
(555, '10_009', 250000, 'Monthly_Rent', 2025, 'May', 'KAB13', '2025-05-07 08:46:24', '0', 'Tabula2025000015'),
(556, '11_NAB003', 70000, 'Monthly_Rent', 2025, 'May', 'NAB03', '2025-05-07 08:46:29', '0', 'Tabula2025000015'),
(557, '12_002', 70000, 'Monthly_Rent', 2025, 'May', 'NAB05', '2025-05-07 08:46:33', '0', 'Tabula2025000015'),
(558, '13_008', 130000, 'Monthly_Rent', 2025, 'May', 'NAB08', '2025-05-07 08:46:36', '0', 'Tabula2025000015'),
(559, '14_009', 80000, 'Monthly_Rent', 2025, 'May', 'NAB09', '2025-05-07 08:46:40', '0', 'Tabula2025000015'),
(560, '15_0010', 120000, 'Monthly_Rent', 2025, 'May', 'NAB10', '2025-05-07 08:46:45', '0', 'Tabula2025000015'),
(561, '16_002', 130000, 'Monthly_Rent', 2025, 'May', 'NAB11', '2025-05-07 08:46:50', '1', 'Tabula2025000015'),
(562, '17_013', 130000, 'Monthly_Rent', 2025, 'May', 'NAB13', '2025-05-07 08:46:54', '0', 'Tabula2025000015'),
(563, '19_K008', 80000, 'Monthly_Rent', 2025, 'May', 'KAB08', '2025-05-07 08:46:59', '0', 'Tabula2025000015'),
(564, '20_002', 80000, 'Monthly_Rent', 2025, 'May', 'KAB07', '2025-05-07 08:47:03', '1', 'Tabula2025000015'),
(565, '22_nk001', 70000, 'Monthly_Rent', 2025, 'May', 'NAKU01', '2025-05-07 08:47:07', '0', 'Tabula2025000015'),
(566, '23_NK002', 70000, 'Monthly_Rent', 2025, 'May', 'NAKU02', '2025-05-07 08:47:11', '0', 'Tabula2025000015'),
(567, '24_NK003', 70000, 'Monthly_Rent', 2025, 'May', 'NAKU03', '2025-05-07 08:47:15', '0', 'Tabula2025000015'),
(568, '25_NK004', 70000, 'Monthly_Rent', 2025, 'May', 'NAKU04', '2025-05-07 08:47:19', '0', 'Tabula2025000015'),
(569, '26_NK005', 60000, 'Monthly_Rent', 2025, 'May', 'NAKU05', '2025-05-07 08:47:23', '0', 'Tabula2025000015'),
(570, '27_NK006', 90000, 'Monthly_Rent', 2025, 'May', 'NAKU06', '2025-05-07 08:47:26', '0', 'Tabula2025000015'),
(571, '28_NK007', 100000, 'Monthly_Rent', 2025, 'May', 'NAKU07', '2025-05-07 08:47:31', '0', 'Tabula2025000015'),
(572, '29_NK008', 150000, 'Monthly_Rent', 2025, 'May', 'NAKU08', '2025-05-07 08:47:35', '0', 'Tabula2025000015'),
(573, '30_NK009', 140000, 'Monthly_Rent', 2025, 'May', 'NAKU09', '2025-05-07 08:47:39', '1', 'Tabula2025000015'),
(574, '31_NK010', 80000, 'Monthly_Rent', 2025, 'May', 'NAKU10', '2025-05-07 08:47:43', '0', 'Tabula2025000015'),
(575, '32_NK11', 100000, 'Monthly_Rent', 2025, 'May', 'NAKU11', '2025-05-07 08:47:47', '0', 'Tabula2025000015'),
(576, '33_NK13', 80000, 'Monthly_Rent', 2025, 'May', 'NAKU12', '2025-05-07 08:47:51', '0', 'Tabula2025000015'),
(577, '34_NK13', 80000, 'Monthly_Rent', 2025, 'May', 'NAKU13', '2025-05-07 08:47:56', '0', 'Tabula2025000015'),
(578, '35_NK14', 80000, 'Monthly_Rent', 2025, 'May', 'NAKU14', '2025-05-07 08:48:00', '0', 'Tabula2025000015'),
(579, '36_NK15', 80000, 'Monthly_Rent', 2025, 'May', 'NAKU15', '2025-05-07 08:48:04', '0', 'Tabula2025000015'),
(580, 'BH9', 700000, 'Monthly_Rent', 2025, 'June', 'L3003', '2025-06-02 07:07:45', '0', '1'),
(581, '28', 700000, 'Monthly_Rent', 2025, 'June', 'NER001', '2025-06-05 12:10:41', '0', '1'),
(582, '30_WKS001', 350000, 'Monthly_Rent', 2025, 'June', 'WKS001', '2025-06-05 12:10:45', '0', '1'),
(583, '31_BUG001', 500000, 'Monthly_Rent', 2025, 'June', 'BUG001', '2025-06-05 12:10:49', '0', '1'),
(584, '32_WKS001', 350000, 'Monthly_Rent', 2025, 'June', 'WKS001', '2025-06-11 05:38:56', '0', '1'),
(585, '1_G1', 400000, 'Monthly_Rent', 2025, 'June', 'G1', '2025-06-11 05:39:00', '0', 'SA2024000011');
INSERT INTO `payments` (`id`, `tenant_id`, `amount`, `InvoiceType`, `Year`, `Month`, `House_id`, `date_created`, `pay_status`, `shopid`) VALUES
(586, '2_G2', 1800000, 'Monthly_Rent', 2025, 'June', 'G2', '2025-06-11 05:39:03', '0', 'SA2024000011'),
(587, '3_G4', 350000, 'Monthly_Rent', 2025, 'June', 'G4', '2025-06-11 05:39:07', '0', 'SA2024000011'),
(588, '4_G8', 550000, 'Monthly_Rent', 2025, 'June', 'G8', '2025-06-11 05:39:10', '0', 'SA2024000011'),
(589, '5_G10', 250000, 'Monthly_Rent', 2025, 'June', 'G10', '2025-06-11 05:39:14', '0', 'SA2024000011'),
(590, '6_F1', 350000, 'Monthly_Rent', 2025, 'June', 'F1', '2025-06-11 05:39:17', '0', 'SA2024000011'),
(591, '7_F15', 600000, 'Monthly_Rent', 2025, 'June', 'F15', '2025-06-11 05:39:21', '0', 'SA2024000011'),
(592, '8_F13', 250000, 'Monthly_Rent', 2025, 'June', 'F13', '2025-06-11 05:39:24', '0', 'SA2024000011'),
(593, '9_L_01', 250000, 'Monthly_Rent', 2025, 'June', 'L_01', '2025-06-11 05:39:28', '0', 'SA2024000011'),
(594, '10_L_02', 300000, 'Monthly_Rent', 2025, 'June', 'L_02', '2025-06-11 05:39:31', '0', 'SA2024000011'),
(595, '11_L_03', 250000, 'Monthly_Rent', 2025, 'June', 'L_03', '2025-06-11 05:39:35', '0', 'SA2024000011'),
(596, '12_L07', 750000, 'Monthly_Rent', 2025, 'June', 'L_07', '2025-06-11 05:39:39', '0', 'SA2024000011'),
(597, '13_KIS', 500000, 'Monthly_Rent', 2025, 'June', '1', '2025-06-11 05:39:42', '0', 'SA2024000011'),
(598, '14_KIS2', 500000, 'Monthly_Rent', 2025, 'June', '2', '2025-06-11 05:39:46', '0', 'SA2024000011'),
(599, '15_KIS3', 550000, 'Monthly_Rent', 2025, 'June', '3', '2025-06-11 05:39:49', '0', 'SA2024000011'),
(600, '16_KIS4', 550000, 'Monthly_Rent', 2025, 'June', '4', '2025-06-11 05:39:53', '0', 'SA2024000011'),
(601, '17_B1', 400000, 'Monthly_Rent', 2025, 'June', 'Block_B1', '2025-06-11 05:39:57', '0', 'SA2024000011'),
(602, '18_B2', 450000, 'Monthly_Rent', 2025, 'June', 'Block_B2', '2025-06-11 05:40:00', '0', 'SA2024000011'),
(603, '19_B3', 450000, 'Monthly_Rent', 2025, 'June', 'Block_B3', '2025-06-11 05:40:04', '0', 'SA2024000011'),
(604, '20_B4', 450000, 'Monthly_Rent', 2025, 'June', 'Block_B4', '2025-06-11 05:40:08', '0', 'SA2024000011'),
(605, '21_B5', 500000, 'Monthly_Rent', 2025, 'June', 'Block_B5', '2025-06-11 05:40:11', '0', 'SA2024000011'),
(606, '22_B6', 450000, 'Monthly_Rent', 2025, 'June', 'Block B6', '2025-06-11 05:40:15', '0', 'SA2024000011'),
(607, '2_001', 80000, 'Monthly_Rent', 2025, 'June', 'KAB01', '2025-06-11 05:40:18', '0', 'Tabula2025000015'),
(608, '3_002', 90000, 'Monthly_Rent', 2025, 'June', 'KAB02', '2025-06-11 05:40:22', '0', 'Tabula2025000015'),
(609, '4_003', 80000, 'Monthly_Rent', 2025, 'June', 'KAB03', '2025-06-11 05:40:26', '0', 'Tabula2025000015'),
(610, '5_004', 80000, 'Monthly_Rent', 2025, 'June', 'KAB04', '2025-06-11 05:40:29', '0', 'Tabula2025000015'),
(611, '19_006', 80000, 'Monthly_Rent', 2025, 'June', 'KAB06', '2025-06-11 05:40:33', '1', 'Tabula2025000015'),
(612, '18_005', 80000, 'Monthly_Rent', 2025, 'June', 'KAB05', '2025-06-11 05:40:36', '0', 'Tabula2025000015'),
(613, '8_007', 150000, 'Monthly_Rent', 2025, 'June', 'KAB11', '2025-06-11 05:40:40', '0', 'Tabula2025000015'),
(614, '9_008', 200000, 'Monthly_Rent', 2025, 'June', 'KAB12', '2025-06-11 05:40:43', '0', 'Tabula2025000015'),
(615, '10_009', 250000, 'Monthly_Rent', 2025, 'June', 'KAB13', '2025-06-11 05:40:47', '0', 'Tabula2025000015'),
(616, '11_NAB003', 70000, 'Monthly_Rent', 2025, 'June', 'NAB03', '2025-06-11 05:40:51', '0', 'Tabula2025000015'),
(617, '12_002', 70000, 'Monthly_Rent', 2025, 'June', 'NAB05', '2025-06-11 05:40:54', '0', 'Tabula2025000015'),
(618, '13_008', 130000, 'Monthly_Rent', 2025, 'June', 'NAB08', '2025-06-11 05:40:58', '0', 'Tabula2025000015'),
(619, '14_009', 80000, 'Monthly_Rent', 2025, 'June', 'NAB09', '2025-06-11 05:41:01', '0', 'Tabula2025000015'),
(620, '15_0010', 120000, 'Monthly_Rent', 2025, 'June', 'NAB10', '2025-06-11 05:41:05', '0', 'Tabula2025000015'),
(621, '16_002', 130000, 'Monthly_Rent', 2025, 'June', 'NAB11', '2025-06-11 05:41:09', '0', 'Tabula2025000015'),
(622, '17_013', 130000, 'Monthly_Rent', 2025, 'June', 'NAB13', '2025-06-11 05:41:12', '0', 'Tabula2025000015'),
(623, '19_K008', 80000, 'Monthly_Rent', 2025, 'June', 'KAB08', '2025-06-11 05:41:16', '0', 'Tabula2025000015'),
(624, '20_002', 80000, 'Monthly_Rent', 2025, 'June', 'KAB07', '2025-06-11 05:41:19', '0', 'Tabula2025000015'),
(625, '22_nk001', 70000, 'Monthly_Rent', 2025, 'June', 'NAKU01', '2025-06-11 05:41:23', '0', 'Tabula2025000015'),
(626, '23_NK002', 70000, 'Monthly_Rent', 2025, 'June', 'NAKU02', '2025-06-11 05:41:27', '0', 'Tabula2025000015'),
(627, '24_NK003', 70000, 'Monthly_Rent', 2025, 'June', 'NAKU03', '2025-06-11 05:41:30', '0', 'Tabula2025000015'),
(628, '25_NK004', 70000, 'Monthly_Rent', 2025, 'June', 'NAKU04', '2025-06-11 05:41:34', '1', 'Tabula2025000015'),
(629, '26_NK005', 60000, 'Monthly_Rent', 2025, 'June', 'NAKU05', '2025-06-11 05:41:38', '0', 'Tabula2025000015'),
(630, '27_NK006', 90000, 'Monthly_Rent', 2025, 'June', 'NAKU06', '2025-06-11 05:41:42', '0', 'Tabula2025000015'),
(631, '28_NK007', 100000, 'Monthly_Rent', 2025, 'June', 'NAKU07', '2025-06-11 05:41:45', '1', 'Tabula2025000015'),
(632, '29_NK008', 150000, 'Monthly_Rent', 2025, 'June', 'NAKU08', '2025-06-11 05:41:49', '0', 'Tabula2025000015'),
(633, '30_NK009', 140000, 'Monthly_Rent', 2025, 'June', 'NAKU09', '2025-06-11 05:41:53', '0', 'Tabula2025000015'),
(634, '31_NK010', 80000, 'Monthly_Rent', 2025, 'June', 'NAKU10', '2025-06-11 05:41:56', '0', 'Tabula2025000015'),
(635, '32_NK11', 100000, 'Monthly_Rent', 2025, 'June', 'NAKU11', '2025-06-11 05:42:00', '0', 'Tabula2025000015'),
(636, '33_NK13', 80000, 'Monthly_Rent', 2025, 'June', 'NAKU12', '2025-06-11 05:42:03', '0', 'Tabula2025000015'),
(637, '34_NK13', 80000, 'Monthly_Rent', 2025, 'June', 'NAKU13', '2025-06-11 05:42:07', '1', 'Tabula2025000015'),
(638, '35_NK14', 80000, 'Monthly_Rent', 2025, 'June', 'NAKU14', '2025-06-11 05:42:11', '0', 'Tabula2025000015'),
(639, '36_NK15', 80000, 'Monthly_Rent', 2025, 'June', 'NAKU15', '2025-06-11 05:42:14', '0', 'Tabula2025000015'),
(640, 'BH9', 700000, 'Monthly_Rent', 2025, 'July', 'L3003', '2025-07-04 02:51:26', '0', '1'),
(641, '28', 700000, 'Monthly_Rent', 2025, 'July', 'NER001', '2025-07-04 02:51:31', '0', '1'),
(642, '30_WKS001', 300000, 'Monthly_Rent', 2025, 'July', 'WKS001', '2025-07-04 02:51:35', '1', '1'),
(643, '31_BUG001', 500000, 'Monthly_Rent', 2025, 'July', 'BUG001', '2025-07-04 02:51:39', '0', '1'),
(644, '32_WKS001', 300000, 'Monthly_Rent', 2025, 'July', 'WKS001', '2025-07-04 02:51:43', '0', '1'),
(645, '1_G1', 400000, 'Monthly_Rent', 2025, 'July', 'G1', '2025-07-04 02:51:47', '0', 'SA2024000011'),
(646, '2_G2', 1800000, 'Monthly_Rent', 2025, 'July', 'G2', '2025-07-04 02:51:51', '0', 'SA2024000011'),
(647, '3_G4', 350000, 'Monthly_Rent', 2025, 'July', 'G4', '2025-07-04 02:51:55', '0', 'SA2024000011'),
(648, '4_G8', 550000, 'Monthly_Rent', 2025, 'July', 'G8', '2025-07-04 02:52:00', '0', 'SA2024000011'),
(649, '5_G10', 250000, 'Monthly_Rent', 2025, 'July', 'G10', '2025-07-04 02:52:04', '0', 'SA2024000011'),
(650, '6_F1', 350000, 'Monthly_Rent', 2025, 'July', 'F1', '2025-07-04 02:52:08', '0', 'SA2024000011'),
(651, '7_F15', 600000, 'Monthly_Rent', 2025, 'July', 'F15', '2025-07-04 02:52:12', '0', 'SA2024000011'),
(652, '8_F13', 250000, 'Monthly_Rent', 2025, 'July', 'F13', '2025-07-04 02:52:15', '0', 'SA2024000011'),
(653, '9_L_01', 250000, 'Monthly_Rent', 2025, 'July', 'L_01', '2025-07-04 02:52:19', '0', 'SA2024000011'),
(654, '10_L_02', 300000, 'Monthly_Rent', 2025, 'July', 'L_02', '2025-07-04 02:52:23', '0', 'SA2024000011'),
(655, '11_L_03', 250000, 'Monthly_Rent', 2025, 'July', 'L_03', '2025-07-04 02:52:27', '0', 'SA2024000011'),
(656, '12_L07', 750000, 'Monthly_Rent', 2025, 'July', 'L_07', '2025-07-04 02:52:31', '0', 'SA2024000011'),
(657, '13_KIS', 500000, 'Monthly_Rent', 2025, 'July', '1', '2025-07-04 02:52:35', '0', 'SA2024000011'),
(658, '14_KIS2', 500000, 'Monthly_Rent', 2025, 'July', '2', '2025-07-04 02:52:39', '0', 'SA2024000011'),
(659, '15_KIS3', 550000, 'Monthly_Rent', 2025, 'July', '3', '2025-07-04 02:52:43', '0', 'SA2024000011'),
(660, '16_KIS4', 550000, 'Monthly_Rent', 2025, 'July', '4', '2025-07-04 02:52:47', '0', 'SA2024000011'),
(661, '17_B1', 400000, 'Monthly_Rent', 2025, 'July', 'Block_B1', '2025-07-04 02:52:51', '0', 'SA2024000011'),
(662, '18_B2', 450000, 'Monthly_Rent', 2025, 'July', 'Block_B2', '2025-07-04 02:52:55', '0', 'SA2024000011'),
(663, '19_B3', 450000, 'Monthly_Rent', 2025, 'July', 'Block_B3', '2025-07-04 02:52:59', '0', 'SA2024000011'),
(664, '20_B4', 450000, 'Monthly_Rent', 2025, 'July', 'Block_B4', '2025-07-04 02:53:03', '0', 'SA2024000011'),
(665, '21_B5', 500000, 'Monthly_Rent', 2025, 'July', 'Block_B5', '2025-07-04 02:53:07', '0', 'SA2024000011'),
(666, '22_B6', 450000, 'Monthly_Rent', 2025, 'July', 'Block B6', '2025-07-04 02:53:11', '0', 'SA2024000011'),
(667, '2_001', 80000, 'Monthly_Rent', 2025, 'July', 'KAB01', '2025-07-04 02:53:15', '0', 'Tabula2025000015'),
(668, '3_002', 90000, 'Monthly_Rent', 2025, 'July', 'KAB02', '2025-07-04 02:53:19', '0', 'Tabula2025000015'),
(669, '4_003', 80000, 'Monthly_Rent', 2025, 'July', 'KAB03', '2025-07-04 02:53:23', '0', 'Tabula2025000015'),
(670, '5_004', 80000, 'Monthly_Rent', 2025, 'July', 'KAB04', '2025-07-04 02:53:27', '0', 'Tabula2025000015'),
(671, '19_006', 80000, 'Monthly_Rent', 2025, 'July', 'KAB06', '2025-07-04 02:53:32', '0', 'Tabula2025000015'),
(672, '18_005', 80000, 'Monthly_Rent', 2025, 'July', 'KAB05', '2025-07-04 02:53:36', '0', 'Tabula2025000015'),
(673, '8_007', 150000, 'Monthly_Rent', 2025, 'July', 'KAB11', '2025-07-04 02:53:40', '0', 'Tabula2025000015'),
(674, '9_008', 200000, 'Monthly_Rent', 2025, 'July', 'KAB12', '2025-07-04 02:53:45', '0', 'Tabula2025000015'),
(675, '10_009', 250000, 'Monthly_Rent', 2025, 'July', 'KAB13', '2025-07-04 02:53:49', '0', 'Tabula2025000015'),
(676, '11_NAB003', 70000, 'Monthly_Rent', 2025, 'July', 'NAB03', '2025-07-04 02:53:54', '0', 'Tabula2025000015'),
(677, '12_002', 70000, 'Monthly_Rent', 2025, 'July', 'NAB05', '2025-07-04 02:53:57', '0', 'Tabula2025000015'),
(678, '13_008', 130000, 'Monthly_Rent', 2025, 'July', 'NAB08', '2025-07-04 02:54:01', '0', 'Tabula2025000015'),
(679, '14_009', 80000, 'Monthly_Rent', 2025, 'July', 'NAB09', '2025-07-04 02:54:05', '0', 'Tabula2025000015'),
(680, '15_0010', 120000, 'Monthly_Rent', 2025, 'July', 'NAB10', '2025-07-04 02:54:08', '0', 'Tabula2025000015'),
(681, '16_002', 130000, 'Monthly_Rent', 2025, 'July', 'NAB11', '2025-07-04 02:54:12', '0', 'Tabula2025000015'),
(682, '17_013', 130000, 'Monthly_Rent', 2025, 'July', 'NAB13', '2025-07-04 02:54:16', '0', 'Tabula2025000015'),
(683, '19_K008', 80000, 'Monthly_Rent', 2025, 'July', 'KAB08', '2025-07-04 02:54:19', '0', 'Tabula2025000015'),
(684, '20_002', 80000, 'Monthly_Rent', 2025, 'July', 'KAB07', '2025-07-04 02:54:23', '0', 'Tabula2025000015'),
(685, '22_nk001', 70000, 'Monthly_Rent', 2025, 'July', 'NAKU01', '2025-07-04 02:54:26', '0', 'Tabula2025000015'),
(686, '23_NK002', 70000, 'Monthly_Rent', 2025, 'July', 'NAKU02', '2025-07-04 02:54:30', '0', 'Tabula2025000015'),
(687, '24_NK003', 70000, 'Monthly_Rent', 2025, 'July', 'NAKU03', '2025-07-04 02:54:34', '0', 'Tabula2025000015'),
(688, '25_NK004', 70000, 'Monthly_Rent', 2025, 'July', 'NAKU04', '2025-07-04 02:54:37', '0', 'Tabula2025000015'),
(689, '26_NK005', 60000, 'Monthly_Rent', 2025, 'July', 'NAKU05', '2025-07-04 02:54:41', '0', 'Tabula2025000015'),
(690, '27_NK006', 90000, 'Monthly_Rent', 2025, 'July', 'NAKU06', '2025-07-04 02:54:45', '0', 'Tabula2025000015'),
(691, '28_NK007', 100000, 'Monthly_Rent', 2025, 'July', 'NAKU07', '2025-07-04 02:54:48', '0', 'Tabula2025000015'),
(692, '29_NK008', 150000, 'Monthly_Rent', 2025, 'July', 'NAKU08', '2025-07-04 02:54:52', '0', 'Tabula2025000015'),
(693, '30_NK009', 140000, 'Monthly_Rent', 2025, 'July', 'NAKU09', '2025-07-04 02:54:56', '0', 'Tabula2025000015'),
(694, '31_NK010', 80000, 'Monthly_Rent', 2025, 'July', 'NAKU10', '2025-07-04 02:54:59', '0', 'Tabula2025000015'),
(695, '32_NK11', 100000, 'Monthly_Rent', 2025, 'July', 'NAKU11', '2025-07-04 02:55:03', '0', 'Tabula2025000015'),
(696, '33_NK13', 80000, 'Monthly_Rent', 2025, 'July', 'NAKU12', '2025-07-04 02:55:07', '0', 'Tabula2025000015'),
(697, '34_NK13', 80000, 'Monthly_Rent', 2025, 'July', 'NAKU13', '2025-07-04 02:55:10', '0', 'Tabula2025000015'),
(698, '35_NK14', 80000, 'Monthly_Rent', 2025, 'July', 'NAKU14', '2025-07-04 02:55:14', '0', 'Tabula2025000015'),
(699, '36_NK15', 80000, 'Monthly_Rent', 2025, 'July', 'NAKU15', '2025-07-04 02:55:18', '0', 'Tabula2025000015'),
(700, '34', 25000000, 'Monthly_Rent', 2025, 'July', 'PLOT36', '2025-07-16 01:14:54', '1', '1'),
(701, '1_1475', 24000000, 'Monthly_Rent', 2025, 'July', 'Plot1475_Sala', '2025-07-16 09:20:10', '1', 'GE2025000018'),
(702, '3_1478', 24000000, 'Monthly_Rent', 2025, 'July', 'Plot1478_Sala', '2025-07-16 09:24:20', '1', 'GE2025000018'),
(703, '6_1483', 24000000, 'Monthly_Rent', 2025, 'July', 'Plot1483_Sala', '2025-07-16 09:31:34', '1', 'GE2025000018'),
(704, '4_1480', 24000000, 'Monthly_Rent', 2025, 'July', 'Plot1480_Sala', '2025-07-16 09:32:14', '0', 'GE2025000018'),
(705, '2_1477', 24000000, 'Monthly_Rent', 2025, 'July', 'Plot1477_Sala', '2025-07-16 09:32:50', '0', 'GE2025000018'),
(706, '7_1484', 24000000, 'Monthly_Rent', 2025, 'July', 'Plot1484_Sala', '2025-07-16 09:34:44', '0', 'GE2025000018'),
(707, '5_1482', 24000000, 'Monthly_Rent', 2025, 'July', 'Plot1482_Sala', '2025-07-16 09:36:10', '0', 'GE2025000018'),
(708, '8_1491', 24000000, 'Monthly_Rent', 2025, 'July', 'Plot1491_Sala', '2025-07-16 09:38:28', '1', 'GE2025000018'),
(709, '9_1496', 24000000, 'Monthly_Rent', 2025, 'July', 'Plot1496_Sala', '2025-07-16 14:34:44', '0', 'GE2025000018'),
(711, '35_WKE', 20000, 'Monthly_Rent', 2025, 'July', 'WKE001', '2025-07-24 11:47:06', '0', '1'),
(712, '10_2252', 15000000, 'Monthly_Rent', 2025, 'July', '9524', '2025-07-24 11:47:11', '1', 'GE2025000018');

-- --------------------------------------------------------

--
-- Table structure for table `smschannels`
--

DROP TABLE IF EXISTS `smschannels`;
CREATE TABLE IF NOT EXISTS `smschannels` (
  `ChannelNo` int(11) NOT NULL AUTO_INCREMENT,
  `Channel` varchar(100) NOT NULL,
  PRIMARY KEY (`ChannelNo`)
) ENGINE=MyISAM AUTO_INCREMENT=2 DEFAULT CHARSET=latin1;

--
-- Dumping data for table `smschannels`
--

INSERT INTO `smschannels` (`ChannelNo`, `Channel`) VALUES
(1, '5');

-- --------------------------------------------------------

--
-- Table structure for table `sms_credits`
--

DROP TABLE IF EXISTS `sms_credits`;
CREATE TABLE IF NOT EXISTS `sms_credits` (
  `schoolid` varchar(100) NOT NULL,
  `Amount` int(11) NOT NULL,
  `Rate` int(11) NOT NULL,
  PRIMARY KEY (`schoolid`)
) ENGINE=MyISAM DEFAULT CHARSET=latin1;

--
-- Dumping data for table `sms_credits`
--

INSERT INTO `sms_credits` (`schoolid`, `Amount`, `Rate`) VALUES
('56HALL2005', 36270, 35),
('4NSJSS2014', 0, 50),
('10DCB2014', 20, 50),
('122014', 0, 50),
('6WSSS2014', 50, 50),
('15LIMS2014', 21310, 50),
('14JOTELL2014', 0, 35),
('balikjose', 468704, 35),
('poulk', 39200, 50),
('17cheap kasubi2015', 0, 50),
('nkoowehighschool', 70, 35),
('15BSSS2014', 50, 55),
('mukasa', 100, 50),
('marvin', 0, 50),
('jotellug', 25, 35),
('webcat', 0, 35),
('ealikisente', 10035, 40),
('mukiibi', 10680, 35),
('sdenzo.denis7', 70, 35),
('trusted', 75, 35),
('globalcafe', 35, 35),
('daxtinecompany ltd', 140, 35),
('stmbuga1', 35, 35),
('kyeyune901', 70, 35),
('hawasecschool', 70, 35),
('bugembeolga', 70, 35),
('omutakalubs', 3250, 35),
('buhweju', 15575, 35),
('kascosa', 180, 45),
('benita', 125, 35),
('Jonanliebe', 1505, 35),
('globalhighschool', 460, 35),
('evelyne', 90, 45),
('eva', 180, 45),
('wakisoclassic', 45, 45),
('Abaho', 90, 45),
('richard', 180, 45),
('pulse', 8586, 35),
('isoke', 4690, 35),
('mzeefred', 180, 45),
('keith', 57345, 35),
('divine', 540, 50),
('rech', 23233, 35),
('kironde', 5130, 80),
('lizchris', 180, 45),
('pk007', 30205, 50),
('19JSS2015', 50, 50),
('Inspector Derick', 1090, 35),
('Litmus', 75270, 35),
('stjosephsclinic', 56790, 35),
('camaline', 650, 35),
('SWIFT', 180, 45),
('Bongole', 180, 45),
('Cissy', 135, 45),
('jani', 180, 45),
('buhwejudigest', 180, 45),
('kkasozi', 9930, 35),
('14NJS2015', 9950, 50),
('jotell2', 20000, 35),
('wee2', 180, 45),
('kee', 180, 45),
('nico', 180, 45),
('11JOT22016', 180, 45),
('Lubowa ilIbrahim', 180, 45),
('csss@gmail.com', 180, 45),
('claire', 180, 45),
('1', 4250, 25);

-- --------------------------------------------------------

--
-- Table structure for table `system_settings`
--

DROP TABLE IF EXISTS `system_settings`;
CREATE TABLE IF NOT EXISTS `system_settings` (
  `id` int(30) NOT NULL AUTO_INCREMENT,
  `name` text COLLATE utf8mb4_general_ci NOT NULL,
  `email` varchar(200) COLLATE utf8mb4_general_ci NOT NULL,
  `contact` varchar(20) COLLATE utf8mb4_general_ci NOT NULL,
  `cover_img` text COLLATE utf8mb4_general_ci NOT NULL,
  `about_content` text COLLATE utf8mb4_general_ci NOT NULL,
  `landlord_id` int(11) DEFAULT NULL,
  PRIMARY KEY (`id`)
) ENGINE=InnoDB AUTO_INCREMENT=2 DEFAULT CHARSET=utf8mb4 COLLATE=utf8mb4_general_ci;

--
-- Dumping data for table `system_settings`
--

INSERT INTO `system_settings` (`id`, `name`, `email`, `contact`, `cover_img`, `about_content`, `landlord_id`) VALUES
(1, 'Urent Management System', 'info@sample.comm', '+6948 8542 623', '1603344720_1602738120_pngtree-purple-hd-business-banner-image_5493.jpg', '&lt;p style=&quot;text-align: center; background: transparent; position: relative;&quot;&gt;&lt;span style=&quot;color: rgb(0, 0, 0); font-family: &amp;quot;Open Sans&amp;quot;, Arial, sans-serif; font-weight: 400; text-align: justify;&quot;&gt;&amp;nbsp;is simply dummy text of the printing and typesetting industry. Lorem Ipsum has been the industry&rsquo;s standard dummy text ever since the 1500s, when an unknown printer took a galley of type and scrambled it to make a type specimen book. It has survived not only five centuries, but also the leap into electronic typesetting, remaining essentially unchanged. It was popularised in the 1960s with the release of Letraset sheets containing Lorem Ipsum passages, and more recently with desktop publishing software like Aldus PageMaker including versions of Lorem Ipsum.&lt;/span&gt;&lt;br&gt;&lt;/p&gt;&lt;p style=&quot;text-align: center; background: transparent; position: relative;&quot;&gt;&lt;br&gt;&lt;/p&gt;&lt;p style=&quot;text-align: center; background: transparent; position: relative;&quot;&gt;&lt;br&gt;&lt;/p&gt;&lt;p&gt;&lt;/p&gt;', NULL);

-- --------------------------------------------------------

--
-- Table structure for table `tenants`
--

DROP TABLE IF EXISTS `tenants`;
CREATE TABLE IF NOT EXISTS `tenants` (
  `id` varchar(100) COLLATE utf8mb4_general_ci NOT NULL,
  `firstname` varchar(100) COLLATE utf8mb4_general_ci NOT NULL,
  `middlename` varchar(100) COLLATE utf8mb4_general_ci NOT NULL,
  `lastname` varchar(100) COLLATE utf8mb4_general_ci NOT NULL,
  `email` varchar(100) COLLATE utf8mb4_general_ci NOT NULL,
  `contact` varchar(50) COLLATE utf8mb4_general_ci NOT NULL,
  `shopid` varchar(255) COLLATE utf8mb4_general_ci DEFAULT NULL,
  `id_card` varchar(50) COLLATE utf8mb4_general_ci NOT NULL,
  `id_number` varchar(100) COLLATE utf8mb4_general_ci NOT NULL,
  `id_document` varchar(255) COLLATE utf8mb4_general_ci DEFAULT NULL,
  `nextkin` varchar(100) COLLATE utf8mb4_general_ci NOT NULL,
  `kin_no` varchar(50) COLLATE utf8mb4_general_ci NOT NULL,
  `account_type` tinyint(1) NOT NULL COMMENT '1=rentals 2=estate',
  `no_of_records` int(25) NOT NULL,
  PRIMARY KEY (`id`)
) ENGINE=InnoDB DEFAULT CHARSET=utf8mb4 COLLATE=utf8mb4_general_ci;

--
-- Dumping data for table `tenants`
--

INSERT INTO `tenants` (`id`, `firstname`, `middlename`, `lastname`, `email`, `contact`, `shopid`, `id_card`, `id_number`, `id_document`, `nextkin`, `kin_no`, `account_type`, `no_of_records`) VALUES
('1', 'DANIEL', '', 'ARAPMOI  ', 'danielarap@gmail.com', '+2547432368640', 'WBG2024000005', '', '', NULL, '', '', 0, 0),
('10_009', 'CHRISTINE', '', 'ASIIMWE', 'email@email.com', '0000000000', 'Tabula2025000015', 'National ID', 'CM0000000000000', '10_009.png', '', '', 0, 0),
('10_2252', 'NAKIRANDA', 'IAN', 'HAJARA', 'email@email.com', '0000000000', 'GE2025000018', 'National ID', 'CM52016KUL50', '10_2252.png', 'Hope', '0000000000', 0, 0),
('10_L10', 'MICHAEL', '', 'MUKAIRA', 'mich.mk@outlook.com', '256783084521', 'HA2024000008', 'Passport', 'B1102351', NULL, '', '', 0, 0),
('10_L_02', 'TWAHA', '', 't', 'email@gmail.com', '000000000000', 'SA2024000011', 'National ID', 'CM875423GYT', NULL, '', '', 0, 0),
('11_L_03', 'KALIMIIRO', '', 'JOHN', 'email@gmail.com', '0751373655', 'SA2024000011', 'National ID', 'CM9365432RT', '11_L_03.jpg', '', '', 0, 0),
('11_M01', 'DEO', 'MWOMBA', 'MUNGU', 'deomungu@yahoo.com', '256772556144', 'HA2024000008', 'National ID', 'CM200103115', NULL, '', '', 0, 0),
('11_NAB003', 'ISMAIL', '', 'SSEGAWA', 'email@email.com', '0756597710', 'Tabula2025000015', 'National ID', 'CM0000000000000', '11_NAB003.png', '', '', 0, 0),
('11_wk', 'john', 'paul', 'peter', 'email@email.com', '0000000000', 'GE2025000018', 'National ID', 'CM52016KUL50', NULL, 'joan', '0000000000', 0, 0),
('12', 'DOREEN  ', '', 'KABAREBE', 'Doreenk230@gmail.com', '0706437255', 'WBG2024000005', '', '', NULL, '', '', 0, 0),
('12_002', 'SATAD', '', 'KALANZI', 'email@email.com', '0756597710', 'Tabula2025000015', 'National ID', 'CM0000000000000', '12_002.png', '', '', 0, 0),
('12_00224', 'Cathey', '', 'Vickie', 'email@email.com', '0000000000', 'GE2025000018', 'National ID', 'CM52016KUL50', '12_00224.jpeg', 'Kimberly', '0000000000', 0, 0),
('12_L07', 'BBOSA', 'SAM', 'WORSHIP_MINISTRIES_WAKISO', 'email@gmail.com', '0703518659', 'SA2024000011', 'National ID', 'CM893246YHUZ', '12_L07.jpg', '', '', 0, 0),
('12_M02', 'HAMZA', '', 'KALENZI', 'khamza@yahoo.com', '256392174468', 'HA2024000008', 'Driving License', 'L15256021', NULL, '', '', 0, 0),
('13', 'PRISCILLA', '', '  GALABUZI', 'Galabpri1995@gmail.com', '0703566148', 'WBG2024000005', '', '', NULL, '', '', 0, 0),
('13_008', 'MUSA', '', 'NDYANABO', 'email@email.com', '0000000000', 'Tabula2025000015', 'National ID', 'CM0000000000000', '13_008.png', '', '', 0, 0),
('13_KIS', 'MRS', 'ALINGO', 'HELEN', 'email@gmail.com', '0784901844', 'SA2024000011', 'National ID', 'CF9156476GYH', '13_KIS.jpg', '', '', 0, 0),
('13_M03', 'TRACY', '', 'KUKUNDA', 'tracyk@gmail.com', '256702046909', 'HA2024000008', 'National ID', 'CF9204103115', NULL, '', '', 0, 0),
('14', 'ANTHONY', '', 'GALABUZA  ', 'anthonygalabuzi24@gmail.com', '0705445636', 'WBG2024000005', '', '', NULL, '', '', 0, 0),
('14_009', 'MATHIAS', '', 'KILABILA', 'email@email.com', '0000000000', 'Tabula2025000015', 'National ID', 'CM0000000000000', '14_009.png', '', '', 0, 0),
('14_KIS2', 'MR', 'MULINDWA', 'PATRICK', 'email@gmail.com', '0752818439', 'SA2024000011', 'National ID', 'CM907654RE', '14_KIS2.jpg', '', '', 0, 0),
('14_S01', 'OFFICE', '', 'BRIAN', 'brian@gmail.com', '256774576054', 'HA2024000008', 'National ID', 'CM920210315', NULL, '', '', 0, 0),
('15', ' MOSES', '', 'ASSIMWE ', 'moses125@gmail.com', '0703459648', 'WBG2024000005', '', '', NULL, '', '', 0, 0),
('15_0010', 'MUBIRU', '', 'WASSWA', 'email@email.com', '0000000000', 'Tabula2025000015', 'National ID', 'CM0000000000000', '15_0010.png', '', '', 0, 0),
('15_KIS3', 'MRS', 'KYOMUHEND', 'NAIT', 'email@gmail.com', '0754952969', 'SA2024000011', 'National ID', 'CF90876TRF', '15_KIS3.jpg', '', '', 0, 0),
('15_L02', 'NAKAZZI', 'RACHAEL', 'NAMIRIMU', 'rachnami@gmail.com', '256772452341', 'HA2024000008', 'National ID', 'CF8500103115', NULL, '', '', 0, 0),
('16', 'ETHAN ', '', ' KANKUNDA', 'ethan.kankunda@gmail.com', '0773606566', 'WBG2024000005', '', '', NULL, '', '', 0, 0),
('16_002', 'MUSA', '', 'BYANGANGA', 'email@email.com', '0000000000', 'Tabula2025000015', 'National ID', 'CM0000000000000', '16_002.png', '', '', 0, 0),
('16_KIS4', 'MR', 'JUUKO', 'MARK', 'email@gmail.com', '0763222621', 'SA2024000011', 'National ID', 'CM875435ZWE', '16_KIS4.jpg', '', '', 0, 0),
('16_L03', 'JONES', '', 'BALABALA', 'balajon@gmail.com', '256702660632', 'HA2024000008', 'National ID', 'CM9202103145', NULL, '', '', 0, 0),
('17', 'GILBERT', '', 'AINEBYONA  ', 'gilbert4aine@gmail.com', '0789654456', 'WBG2024000005', '', '', NULL, '', '', 0, 0),
('17_013', 'YUSUF', '', 'MUBIRU', 'email@email.com', '0000000000', 'Tabula2025000015', 'National ID', 'CM0000000000000', '17_013.png', '', '', 0, 0),
('17_B1', 'MRS', 'MUNYAMBABAZI', 'JULIET', 'email@gmail.com', '0782627778', 'SA2024000011', 'National ID', 'CF885436YTG', NULL, '', '', 0, 0),
('17_S04', 'MICHAEL', 'MUKASA', 'SEBASTIAN', 'sebamuka@outlook.com', '256775191043', 'HA2024000008', 'National ID', 'CM92005210', NULL, '', '', 0, 0),
('18', 'GAVIN', '', 'MUHOOZI  ', 'muhgavin56@gmail.com', '07256544957', 'WBG2024000005', '', '', NULL, '', '', 0, 0),
('18_005', 'EDISON', '', 'BAGUMA', 'email@email.com', '0000000000', 'Tabula2025000015', 'National ID', 'CM0000000000000', '18_005.png', '', '', 0, 0),
('18_B2', 'MR', 'KIKOMEKO', 'HAKUMEDI', 'email@gmail.com', '0701478916', 'SA2024000011', 'National ID', 'CM865498TGY', '18_B2.jpg', '', '', 0, 0),
('18_S05', 'KENNETH', '', 'SUUNA', 'sunnken@gmail.com', '256701486069', 'HA2024000008', 'National ID', 'CF9200104KLH', NULL, '', '', 0, 0),
('19', 'PETER', '', 'KAINERUGABA', 'kaine.peter@gmail.com', '07034563696', 'WBG2024000005', '', '', NULL, '', '', 0, 0),
('19-L2004', 'NAMYALO', 'JUNIOR ', 'GLORIA', 'balikjose2005@gmail.com', '256776027777', '1', '13133112', '121333', '19-L2004.pdf', 'Geraldin', '0000000000', 0, 0),
('19_006', 'ISMAIL', '', 'ISMAIL', 'email@email.com', '0000000000', 'Tabula2025000015', 'National ID', 'CM0000000000000', '19_006.png', '', '', 0, 0),
('19_AP', 'GRACE', '', 'NASSOZI', 'nasgr@yahoo.com', '256783155014', 'HA2024000008', 'National ID', 'CF920015KLO', NULL, '', '', 0, 0),
('19_B3', 'MARTHA', '', 'OWOR', 'email@gmail.com', '0779223267', 'SA2024000011', 'National ID', 'CF7654789', '19_B3.jpg', '', '', 0, 0),
('19_K008', 'CHARLES', '', 'OKUMU', 'email@email.com', '0700404078', 'Tabula2025000015', 'National ID', 'CM0000000000000', '19_K008.png', '', '', 0, 0),
('1PS', 'GLORIA', 'FLOWER', 'NAKAWUKI', 'nakagloria@gmail.com', '0757875053', 'PS2024000007', 'PASSPORT', 'B201450', '1PS.jpg', '', '', 0, 0),
('1_1475', 'C', '', 'Carol', 'email@email.com', '0000000000', 'GE2025000018', 'National ID', 'cm00000000000', '1_1475.jpeg', '', '', 0, 0),
('1_G1', 'MUTEBI', '', 'SAM', 'email@gmail.com', '0702053677', 'SA2024000011', 'National ID', 'CM9867YUIH', '1_G1.jpg', '', '', 0, 0),
('1_L01', 'JANET', '', 'KICONCO', 'jkiconco@gmail.com', '256782856208', 'HA2024000008', 'National ID', 'CM9200103115', NULL, '', '', 0, 0),
('2', 'NAKIRANDA', '', 'HAJARA', 'nakihaj65@gmail.com', '0772508858', 'PS2024000007', '', '', NULL, '', '', 0, 0),
('20', ' FILBERT', '', 'MUHONGOZI ', 'fil.muhongozi@gmail.com', '0703453696', 'WBG2024000005', '', '', NULL, '', '', 0, 0),
('20_002', 'MARY', '', 'NAMUBIRU', 'email@email.com', '0000000000', 'Tabula2025000015', 'National ID', 'CM0000000000000', '20_002.png', '', '', 0, 0),
('20_B4', 'SAM', '', 'YAGABA', 'email@gmail.com', '0757121201', 'SA2024000011', 'National ID', 'CM9623490TY', '20_B4.jpg', '', '', 0, 0),
('20_BB', 'ABEL', '', 'MWEBEMBEZI', 'abel@gmail.com', '256772992312', 'HA2024000008', 'National ID', 'CM920025GHN', NULL, '', '', 0, 0),
('21', ' DANIEL', '', 'MUHEJI ', 'muhejidan77@outlook.com', '0743545645', 'WBG2024000005', '', '', NULL, '', '', 0, 0),
('21-k001', 'jane', '', 'joyce', 'balikjose2005@gmail.com', '256702014626', '1', 'DRIVING PERMIT ', '21342227', NULL, '', '', 0, 0),
('21_B5', 'M', '', 'MOHAMMED', 'email@gmail.com', '0000000000', 'SA2024000011', 'National ID', 'CM9798543ERF', '21_B5.jpg', '', '', 0, 0),
('22', 'HAJARA', '', 'NAKIYAGA  ', 'hajaranaki86@outlook.com', '0752343456', 'WBG2024000005', '', '', NULL, '', '', 0, 0),
('22-A001', 'NAKYAGABA', '', 'JOAN', 'Jjoan.nakyagaba@gmail.com', '0707856539', '1', 'National ID', 'CM9200103119', 'uploads/national_ids/66fe442960795.png', '', '', 0, 0),
('22_B6', 'GODFREY', '', 'NSITA', 'email@gmail.com', '0700621670', 'SA2024000011', 'National ID', 'CM926754ZWQA', '22_B6.jpg', '', '', 0, 0),
('22_DD', 'SAAD', '', 'MATOVU', 'matsaad@gmail.com', '256702393671', 'HA2024000008', 'National ID', 'CM7200GHT', NULL, '', '', 0, 0),
('22_nk001', 'JOSEPH', '', 'JOSEPH', 'email@email.com', '0759638402', 'Tabula2025000015', 'National ID', 'CM0000000000000', '22_nk001.png', '', '', 0, 0),
('23', 'ISMAIL', '', 'SSEMAKULA', 'Ssema.isma@gmail.com', '0773456653', 'WBG2024000005', '', '', NULL, '', '', 0, 0),
('23_EE', 'PATRICK', '', 'NYIWAN', 'pattricknyi@gmail.com', '256772746733', 'HA2024000008', 'National ID', 'CM72045THY', NULL, '', '', 0, 0),
('23_NK002', 'JOSEPH', '', 'JOSEPH', 'email@email.com', '0759638402', 'Tabula2025000015', 'National ID', 'CM0000000000000', '23_NK002.png', '', '', 0, 0),
('24', 'GODFREY', '', 'BANYENZAKI  ', 'banyegodfrey@gmail.com', '0772543456', 'WBG2024000005', '', '', NULL, '', '', 0, 0),
('24-KA01', 'MAWEJJE', '', 'PHILLIP ', 'pmawejje@gmail.com', '0782524232', '1', 'National ID', 'CM62016KUL50', '24-KA01.jpg', '', '', 0, 0),
('24_GG', 'REBECCA', '', 'MUTUZO', 'recbeccamutuzo@gmail.com', '256776094738', 'HA2024000008', 'National ID', 'CF87800GTYD', NULL, '', '', 0, 0),
('24_NK003', 'ALI', '', 'ALI', 'email@email.com', '0000000000', 'Tabula2025000015', 'National ID', 'CM0000000000000', '24_NK003.png', '', '', 0, 0),
('25', ' SHEILA', '', 'NAMUYOMBYA ', 'namushei190@gmail.com', '0785543568', 'WBG2024000005', '', '', NULL, '', '', 0, 0),
('25BEE', 'DANIEL ', 'DAN', 'KALIBAALA ', 'email@email.com', '256705454550', '1', 'National ID', '1213111671111', '', '', '', 0, 0),
('25_HH', 'SHAMIM', '', 'NAKULIMA', 'shamimnak@gmail.com', '256705639302', 'HA2024000008', 'National ID', 'CM72001345GT', NULL, '', '', 0, 0),
('25_NK004', 'JAMES', '', 'AGABA', 'email@email.com', '0700500159', 'Tabula2025000015', 'National ID', 'CM0000000000000', '25_NK004.png', '', '', 0, 0),
('26', 'HADIJAH', '', 'NASSIMBWA', '', 'hadij.nass145@gmail.com', 'WBG2024000005', '', '', NULL, '', '', 0, 0),
('26LM', 'ELIZABETH', '', 'NAMUWAYA', 'namuwaya@gmail.com', '256784454512', '1', 'National ID', '12133311', '26LM.jpeg', '', '', 0, 0),
('26_JJ', 'RITAH', '', 'NAMUTEBI ', 'ritanamutebi@gmail.com', '256775434854', 'HA2024000008', 'National ID', 'C5823103115', NULL, '', '', 0, 0),
('26_NK005', 'CHRISTINE', '', 'ATUSASIRE', 'email@email.com', '0000000000', 'Tabula2025000015', 'National ID', 'CM0000000000000', '26_NK005.png', '', '', 0, 0),
('27', 'JOANITA', '', 'AKAKIKUNDA  ', 'akakijoan23@otlook.com', '0742345689', 'WBG2024000005', '', '', NULL, '', '', 0, 0),
('27_dd', 'JULIENT', 'JULIET', 'NAMAZZI', 'balikjose2005@gmail.com', '256702014626', '1', 'National ID', 'CFN12134444', '27_dd.jpg', '', '', 0, 0),
('27_KK', 'ADAMS', '', 'AMIRA', 'admsaa@gmail.com', '256788756325', 'HA2024000008', 'National ID', 'CM920jSDR', NULL, '', '', 0, 0),
('27_NK006', 'JANATE', '', 'ANKUNDA', 'email@email.com', '0776767704', 'Tabula2025000015', 'National ID', 'CM0000000000000', '27_NK006.png', '', '', 0, 0),
('28', 'JUNIOR', '', 'MUTAMBA', 'mutamba@gmail.com', '0785206288', '1', 'National ID', 'CM3456TH4980', '28.jpg', '', '', 0, 0),
('28_A1', 'ANN', '', 'TUMWINE', 'anntumw@gmail.com', '256785456766', 'HA2024000008', 'National ID', 'CF935674HUX', NULL, '', '', 0, 0),
('28_NK007', 'DAVIS', '', 'KISEKA', 'email@email.com', '0000000000', 'Tabula2025000015', 'National ID', 'CM0000000000000', '28_NK007.png', '', '', 0, 0),
('29_NK008', 'FATUMA', '', 'NABIRYE', 'email@email.com', '0000000000', 'Tabula2025000015', 'National ID', 'CM0000000000000', '29_NK008.png', '', '', 0, 0),
('29_RP', 'PLAZA', '', 'ROBERTA', 'roberta@gmail.com', '0785206286', '1', 'National ID', 'CM54456TH4980', '29_RP.jpg', '', '', 0, 0),
('2_001', 'ERIA', '', 'SSALONGO', 'email@email.com', '0000000000', 'Tabula2025000015', 'National ID', 'CM0000000000000', '2_001.png', '', '', 0, 0),
('2_1477', 'R', '', 'Ritah', 'email@email.com', '0000000000', 'GE2025000018', 'National ID', 'cm00000000000', '2_1477.jpg', '', '', 0, 0),
('2_853', 'HASSAN', '', 'BUKENYA', 'email@email.com', '0000000000', 'TUBAP2025000014', 'National ID', 'Cf0000000000000', '2_853.pdf', '', '', 0, 0),
('2_A2', 'ISAAC', '', 'SSENKUMBA', 'senkumisaac@gmail.com', '256702443867', 'HA2024000008', 'National ID', 'CM9202103115', NULL, '', '', 0, 0),
('2_G2', 'SSEWANYANA', '', 'RITAH', 'email@gmail.com', '0702880944', 'SA2024000011', 'National ID', 'CF9956478RFT', '2_G2.jpg', '', '', 0, 0),
('2_L02', 'WINNIE', '', 'TUMUSIIME', 'wtumusime@gmail.com', '256704194621', 'HA2024000008', 'National ID', 'CF9200103115', NULL, '', '', 0, 0),
('3', 'GEORGE', '', 'OPENI  ', 'Openigeorge200@gmail.com', '0786543587', 'WBG2024000005', '', '', NULL, '', '', 0, 0),
('30_A3', 'REBECCAH', '', 'KATUSIIME', 'rebeccakat@gmail.com', '256765981978', 'HA2024000008', 'National ID', 'CF856010DRF', NULL, '', '', 0, 0),
('30_NK009', 'TOM', '', 'KYALIGONZA', 'email@email.com', '0000000000', 'Tabula2025000015', 'National ID', 'CM0000000000000', '30_NK009.png', '', '', 0, 0),
('30_WKS001', 'William', '', 'Darius', 'dar12@gmail.com', '0000000000', '1', 'National ID', 'CM9200103114', '30_WKS001.png', '', '', 0, 0),
('31_A', 'EARNEST', '', 'BAFAKI', 'eranestbafaki@gmail.com', '256772483165', 'HA2024000008', 'National ID', 'CM02514FRTGSX', NULL, '', '', 0, 0),
('31_BUG001', 'PA ', '', 'EL', 'elpa@gmail.com', '0000000000', '1', 'Driving License', 'CM81988KUL56', '31_BUG001.jpg', '', '', 0, 0),
('31_NK010', 'HASSAN', '', 'HASSAN', 'email@email.com', '0000000000', 'Tabula2025000015', 'National ID', 'CM0000000000000', '31_NK010.png', '', '', 0, 0),
('32_B', 'EB', '', 'EBNEZER', 'ebenezer@gmail.com', '256751473407', 'HA2024000008', 'National ID', 'CM92025kj', NULL, '', '', 0, 0),
('32_CC', 'DOROTHY', '', 'TURITWENKA', 'tdorothy@gmail.com', '256759889087', 'HA2024000008', 'National ID', 'CF72016KUL50', NULL, '', '', 0, 0),
('32_NK11', 'PANTA', '', 'KYAMBADDE', 'email@email.com', '0000000000', 'Tabula2025000015', 'National ID', 'CM0000000000000', '32_NK11.png', '', '', 0, 0),
('32_WKS001', 'NA', '', 'HAJARA', 'rhy@gmail.com', '00000000000', '1', 'Passport', 'A03463056', '32_WKS001.jpg', '', '', 0, 0),
('33_BHK001', 'MUKOWU', 'EDITH', 'NANKYA', 'rechonankya@gmail.com', '0757875053', '1', 'National ID', 'CM0000000000000', '33_BHK001.png', '', '', 0, 0),
('33_HS1', 'COLLINS', '', 'KIMERA', 'kcolins@gmail.com', '256708838452', 'HA2024000008', 'National ID', 'CM920010UHY', NULL, '', '', 0, 0),
('33_NK13', 'JOSEPHINE', '', 'NABUKEERA', 'email@email.com', '0000000000', 'Tabula2025000015', 'National ID', 'CM0000000000000', '33_NK13.png', '', '', 0, 0),
('34', 'SAM', '', 'KIBE', 'email@email.com', '0757875053', '1', 'National ID', 'CF01201540HYT', '34.pdf', '', '', 0, 0),
('34_HS2', 'GERALD', '', 'MBONIMPA', 'mgeralg56@gmail.com', '256702093146', 'HA2024000008', 'National ID', 'CM51988KUL50', NULL, '', '', 0, 0),
('34_NK13', 'JOSEPHINE', '', 'SSEGIRINYA', 'email@email.com', '0000000000', 'Tabula2025000015', 'National ID', 'CM0000000000000', '34_NK13.png', '', '', 0, 0),
('35_HS4', 'GODFREY', '', 'MWESIGYE', 'mwegodfrey@gmail.com', '256778410285', 'HA2024000008', 'National ID', 'CM1985421KIU', NULL, '', '', 0, 0),
('35_NK14', 'DILISA', '', 'WASSWA', 'email@email.com', '0000000000', 'Tabula2025000015', 'National ID', 'CM0000000000000', '35_NK14.png', '', '', 0, 0),
('35_WKE', 'NAKIRANDA', 'ARNU', 'HAJARA', 'email@email.com', '0000000000', '1', 'Driving License', 'CM51988KUL50', NULL, 'Geraldinne', '0000000000', 0, 0),
('36_HS4', 'GRACE', '', 'MUGISHA', 'gracemug@gmail.com', '256784399281', 'HA2024000008', 'National ID', 'CF18900103YHGY', NULL, '', '', 0, 0),
('36_NK15', 'KENNETH', '', 'PAUL', 'email@email.com', '0000000000', 'Tabula2025000015', 'National ID', 'CM0000000000000', '36_NK15.png', '', '', 0, 0),
('37_HS5', 'FRED', '', 'JJUKO', 'jjuko@gmail.com', '256708461046', 'HA2024000008', 'National ID', 'CM1985KUL50', NULL, '', '', 0, 0),
('38_HS5', 'DOUGLAS', '', 'SUUNA', 'suunadoug@gmail.com', '256706213783', 'HA2024000008', 'National ID', 'CM2000KUL50', NULL, '', '', 0, 0),
('3PS', 'PETER', 'JOHN', 'SELWANGA', 'peter.sel@yahoo.com', '0724566256', 'PS2024000007', '', '', NULL, '', '', 0, 0),
('3_002', 'DAN', '', 'NIWANYA', 'email@email.com', '0000000000', 'Tabula2025000015', 'National ID', 'CM0000000000000', '3_002.png', '', '', 0, 0),
('3_050', 'JOHN  ', 'VIAN', 'TUMUKUNDE', 'email@email.com', '0703193484', 'TUBAP2025000014', 'National ID', 'Cf0000000000045', '3_050.pdf', '', '', 0, 0),
('3_1478', 'E', '', 'Evans', 'email@email.com', '0000000000', 'GE2025000018', 'National ID', 'cm00000000000', '3_1478.jpg', '', '', 0, 0),
('3_219', 'NELSON', '', 'HOPE', 'email@email.com', '0000000000', 'TUBAP2025000014', 'National ID', 'Cf0000000000000', '3_219.pdf', '', '', 0, 0),
('3_G4', 'AMPURIRE', '', 'FRANK', 'email@gmail.com', '0707909219', 'SA2024000011', 'National ID', 'CM87432559YJ', '3_G4.jpg', '', '', 0, 0),
('3_L03', '_AND_EDGAR', '', 'BRENDA', 'bredgar@gmail.com', '256771842015', 'HA2024000008', 'National ID', 'CF9300103115', NULL, '', '', 0, 0),
('4', 'JOVIA', '', 'LAMAR', 'Jovi.lamar@outlook.com', '0786565358', 'WBG2024000005', '', '', NULL, '', '', 0, 0),
('4PS', 'DOUGLAS', '', 'SSEMATIMBA', 'ssema.doug@hotmail.com', '0772505783', 'PS2024000007', 'LICENSE', 'DR256412', '4PS.pdf', '', '', 0, 0),
('4_003', 'LAWRENCE', '', 'NSUBUGA', 'email@email.com', '0000000000', 'Tabula2025000015', 'National ID', 'CM0000000000000', '4_003.png', '', '', 0, 0),
('4_1480', 'O', '', 'Oliver', 'email@email.com', '0000000000', 'GE2025000018', 'National ID', 'cm00000000000', '4_1480.jpg', '', '', 0, 0),
('4_G8', ' MUHUMBO_EDWARD ', '_and_IRENE', 'KANYUNYUZI', 'email@gmail.com', '0000000000', 'SA2024000011', 'National ID', 'CM987654RTF', NULL, '', '', 0, 0),
('5', 'HARRIET', '', 'NAKIMULI ', 'naki.harry@gmail.com', '0754350658', 'WBG2024000005', '', '', NULL, '', '', 0, 0),
('5PS', 'Kenneth', '', 'Owani', 'kennethowani@gmail.com', '0755213918', 'PS2024000007', '', '', NULL, '', '', 0, 0),
('5_004', 'EDISON', '', 'BAGUMA', 'email@email.com', '0000000000', 'Tabula2025000015', 'National ID', 'CM0000000000000', '5_004.png', '', '', 0, 0),
('5_078', 'PELONY', '', 'AGABA ', 'email@email.com', '256782676557', 'TUBAP2025000014', 'National ID', 'CF4500000', '5_078.pdf', '', '', 0, 0),
('5_1482', 'S', '', 'Steven', 'email@email.com', '0000000000', 'GE2025000018', 'National ID', 'cm00000000000', '5_1482.jpg', '', '', 0, 0),
('5_G10', 'AKANKUNDA', '', 'LILIAN', 'email@gmail.com', '0000000000000', 'SA2024000011', 'National ID', 'CF98765THYU', '5_G10.jpg', '', '', 0, 0),
('5_L04', 'DAVIS', '', 'ATWIINE', 'datwine@yahoo.com', '256774301581', 'HA2024000008', 'National ID', 'CM7200103115', NULL, '', '', 0, 0),
('5_L05', 'HADGI', 'DAN', 'MUGAMBE', 'mudan@yahoo.com', '256752636216', 'HA2024000008', 'National ID', 'CM9205103115', NULL, '', '', 0, 0),
('6_075', 'JOYCE', '', 'NANFUKA ', 'Email@email.com', '256753026533', 'TUBAP2025000014', 'National ID', 'CF34555555555', '6_075.pdf', '', '', 0, 0),
('6_077', 'MIIRR0', 'MWANJE   OCTAVIA', 'TADEO', 'Email@email.com', '0752533443', 'TUBAP2025000014', 'National ID', 'CF48788778', '6_077.pdf', '', '', 0, 0),
('6_1483', 'J', '', 'Job', 'email@email.com', '0000000000', 'GE2025000018', 'National ID', 'cm00000000000', '6_1483.jpg', '', '', 0, 0),
('6_F1', 'SHEILA', '', 'AMPAIRE', 'email@gmail.com', '0782794885', 'SA2024000011', 'National ID', 'CF79065434ERT', '6_F1.jpg', '', '', 0, 0),
('6_L06', 'Sam', '_AND_Carol', 'CanRach', 'samcarol@outlook.com', '256702153065', 'HA2024000008', 'Passport', 'CMF9200103115', NULL, '', '', 0, 0),
('7_1484', 'S', '', 'Segone', 'email@email.com', '0000000000', 'GE2025000018', 'National ID', 'cm00000000000', '7_1484.jpg', '', '', 0, 0),
('7_F15', 'DEBA', 'FINANCIAL', 'SERVICES', 'email@gmail.com', '0752795848', 'SA2024000011', 'National ID', 'CM87YU4356', '7_F15.jpg', '', '', 0, 0),
('7_L07', 'PASKAZIA', '', 'TUMWESIGYE', 'paskaztum@gmail.com', '256779047610', 'HA2024000008', 'National ID', 'CM9300103115', NULL, '', '', 0, 0),
('8', 'JOHNSON  ', '', 'MUWONGE', 'John.muwonge@gmail.com', '0756543587', 'WBG2024000005', '', '', NULL, '', '', 0, 0),
('8_007', 'NAKITTO', '', '.', 'email@email.com', '0000000000', 'Tabula2025000015', 'National ID', 'CM0000000000000', '8_007.png', '', '', 0, 0),
('8_1491', 'I', '', 'Irene', 'email@email.com', '0000000000', 'GE2025000018', 'National ID', 'cm00000000000', '8_1491.jpg', '', '', 0, 0),
('8_F13', 'KYAKULOGA', '', 'JULIUS', 'email@gmail.com', '0753961906', 'SA2024000011', 'National ID', 'CM95763908IUYH', '8_F13.jpg', '', '', 0, 0),
('8_L08', 'PETER', '', 'KAZIBWE', 'petrkz12@gmail.com', '256794001148', 'HA2024000008', 'National ID', 'CM860103115', NULL, '', '', 0, 0),
('9', 'JUDITH  ', '', 'NABAKOOZA', 'Judy234nabakooza@gmail.com', '0772654358', 'WBG2024000005', '', '', NULL, '', '', 0, 0),
('9_008', 'RUTH', '', 'NABATANZI', 'email@email.com', '0000000000', 'Tabula2025000015', 'National ID', 'CM0000000000000', '9_008.png', '', '', 0, 0),
('9_1496', 'K', '', 'Kizito', 'email@email.com', '0000000000', 'GE2025000018', 'National ID', 'cm00000000000', '9_1496.jpg', '', '', 0, 0),
('9_L09', 'Shamillah', 'Co', 'Elias', 'eliasham@yahoo.com', '256782752834', 'HA2024000008', 'Passport', 'B102351', NULL, '', '', 0, 0),
('9_L_01', 'RODNEY', 'MUSUMBA', 'CAMPUS_PROPERTY_SERVICES', 'email@gmail.com', '0756726299', 'SA2024000011', 'National ID', 'CM945678GJHIY', '9_L_01.jpg', '', '', 0, 0),
('BH1', 'ARAP ', 'MOI', 'DANIEL', 'danielarap@gmail.com', '2547432368640', '1', '', '', NULL, '', '', 0, 0),
('BH10', 'NABAKOOZA ', '', 'JUDITH ', 'judy234nabakooza@gmail.com', '07726543580', '1', '', '', NULL, '', '', 0, 0),
('BH13', 'KABAREBE ', '', 'DOREEN ', 'doreenk230@gmail.com', '256706437255', '1', 'DRIVING PERMIT ', '121311111112', 'BH13.jpg', '', '', 0, 0),
('BH14', 'GALABUZI ', 'JUNIOR ', 'PRISCILLA ', 'galabpril1995@gmail.com', '256703566148', '1', 'NIN', '21342222', NULL, '', '', 0, 0),
('BH15', 'ANTHONY ', '', 'GALABUZA ', 'anthonygalabuzi24@gmail.com', '070500000', '1', '131331112', '111211', NULL, '', '', 0, 0),
('BH16', 'MOSES ', '', 'ASSIMWE ', 'balikjose2005@gmail.com', '0703459648', '1', 'PASSPORT', 'A00563456', NULL, '', '', 0, 0),
('BH17', 'KANKUNDA ', '', 'ETHAN ', 'ethan.kankunda@gmail.com', '256773606566', '1', 'National_id', '321678900', 'BH17.jpg', '', '', 0, 0),
('BH18', 'GILBERT ', '', 'AINEBYONA ', 'gilbert4aine@gmail.com', '256789654456', '1', '', '', NULL, '', '', 0, 0),
('BH2', 'RASHIDA', '', 'KEMIGISHA ', 'rashkemi34@gmail.com', '256774368245', '1', '', '', NULL, '', '', 0, 0),
('BH20', 'GAVIN ', '', 'MUHOOZI ', 'muggavin@gmail.com', '256', '1', '', '', NULL, '', '', 0, 0),
('BH21', 'PETER ', '', 'KAINERUGABA', 'kaine.peter@gmail.com', '0703456369', '1', '', '', NULL, '', '', 0, 0),
('BH22', 'STELLA ', 'CHRISTINE', 'NDAGIRE', 'nstella33@gmail.com', '256702014626', '1', '', '', NULL, '', '', 0, 0),
('BH5', ' JOVIA', '', 'LAMAR ', 'jovi.lamar@outlook.com', '0786565358', '1', '', '', NULL, '', '', 0, 0),
('BH6', 'HARRIET', '', 'NAKIMULI', 'naki.harry@gmail.com', '0754350658', '1', '', '', NULL, '', '', 0, 0),
('BH8', 'MUWONGE ', '', 'DEVIN ', 'devinmuwonge@yahoo.com', '0782654358', '1', '', '', NULL, '', '', 0, 0),
('BH9', 'MUKOWU', 'EDITH', 'NANKYA ', 'rechonankya@gmail.com', '256757875053', '1', '', '', NULL, '', '', 0, 0),
('DR001', 'JANE ', 'FRANCIS', 'NASSANGA ', 'email@email.com', '256789959632', '1', 'National ID', '121311111111111', 'DR001.jpeg', '', '', 0, 0),
('LT23', 'JOHN', 'WILLIAM ', 'KASUMBA ', 'email@email.com', '256785454545', '1', '', '', NULL, '', '', 0, 0),
('LV333', 'FRANCISICO', 'JANE', 'NABBOSA', 'email@email.com', '256789959632', '1', '', '', NULL, '', '', 0, 0),
('MWS/001', 'VIOLA', 'SAMARTHA', 'NAMULI', 'email@email.com', '256789959632', 'MWS2024000003', '', '', NULL, '', '', 0, 0),
('MWS/002', 'JOHN ', 'BAPTIST ', 'KASUMBA ', 'email@email.com', '0789985674', 'MWS2024000003', '', '', NULL, '', '', 0, 0),
('single20', 'BALIKUDDEMBE JOSEPH', '', 'KIWUUWA', 'balikjose2005@gmail.com', '0789985874', '1', '', '', NULL, '', '', 0, 0);

-- --------------------------------------------------------

--
-- Table structure for table `users`
--

DROP TABLE IF EXISTS `users`;
CREATE TABLE IF NOT EXISTS `users` (
  `id` int(30) NOT NULL AUTO_INCREMENT,
  `name` text COLLATE utf8mb4_general_ci NOT NULL,
  `username` varchar(200) COLLATE utf8mb4_general_ci NOT NULL,
  `password` text COLLATE utf8mb4_general_ci NOT NULL,
  `type` tinyint(1) NOT NULL DEFAULT '2' COMMENT '1=Admin,2=Staff',
  `landlord_id` varchar(255) COLLATE utf8mb4_general_ci DEFAULT NULL,
  `add_house` tinyint(4) DEFAULT '0',
  `enter_tenant` int(10) NOT NULL,
  `view_invoices` tinyint(4) DEFAULT '0',
  `manage_invoices` tinyint(4) DEFAULT '0',
  `manage_tenant_wallant` tinyint(4) DEFAULT '0',
  `manage_utility_bills` tinyint(4) DEFAULT '0',
  `house_overview_report` tinyint(4) DEFAULT '0',
  `monthly_reports` tinyint(4) DEFAULT '0',
  `financial_reports` tinyint(4) DEFAULT '0',
  `view_statements` tinyint(4) DEFAULT '0',
  `account_type` tinyint(4) DEFAULT '0' COMMENT '1=rentals 2=estate',
  `no_of_records` int(25) NOT NULL,
  PRIMARY KEY (`id`)
) ENGINE=InnoDB AUTO_INCREMENT=62 DEFAULT CHARSET=utf8mb4 COLLATE=utf8mb4_general_ci;

--
-- Dumping data for table `users`
--

INSERT INTO `users` (`id`, `name`, `username`, `password`, `type`, `landlord_id`, `add_house`, `enter_tenant`, `view_invoices`, `manage_invoices`, `manage_tenant_wallant`, `manage_utility_bills`, `house_overview_report`, `monthly_reports`, `financial_reports`, `view_statements`, `account_type`, `no_of_records`) VALUES
(1, 'Administrator', 'admin', '0192023a7bbd73250516f069df18b500', 1, '1', 1, 1, 1, 1, 1, 1, 1, 1, 1, 1, 0, 0),
(6, 'BALIKUDDEMBE JOSEPH KIWUUWA', 'wakayima', '9c7922f38a49e52734440c23bd94a751', 1, 'WBG2024000005', 0, 0, 0, 0, 0, 0, 0, 0, 0, 0, 0, 0),
(7, 'NANKYA RECHAEL EDITH', 'nankya', 'e2fbca38f01671122474abb19d9523ff', 1, 'NE2024000006', 0, 0, 0, 0, 0, 0, 0, 0, 0, 0, 0, 0),
(23, 'BALIKUDDEMBE JOSEPH KIWUUWA3', 'admin233', '9c7922f38a49e52734440c23bd94a751', 1, 'MWS332024000003', 0, 0, 0, 0, 0, 0, 0, 0, 0, 0, 0, 0),
(28, 'AYEET DANIEL ONYANGA', 'isleeve', '94f06de18a38e903f164858887fe92db', 1, 'Onyanga Group 2024000007', 0, 0, 0, 0, 0, 0, 0, 0, 0, 0, 0, 0),
(29, 'BALIKUDDEMBE JOSEPH KIWUUWA', 'nana', '9c7922f38a49e52734440c23bd94a751', 1, 'NANA2024000005', 0, 0, 0, 0, 0, 0, 0, 0, 0, 0, 0, 0),
(30, 'john Doe', 'startech_admin', 'ccf5538dc31d435d6bab145c924041d8', 1, 'STS2024000006', 0, 0, 0, 0, 0, 0, 0, 0, 0, 0, 0, 0),
(31, 'EDITH RANIA', 'Psalms24', 'cd29bd424e1b850f6d716880eeab94cd', 1, 'PS2024000007', 0, 0, 0, 0, 0, 0, 0, 0, 0, 0, 0, 0),
(32, 'Jotham Mubagizi', 'Hillel', '13d7f2aaa426668625157e4c0d0f1d83', 1, 'HA2024000008', 1, 1, 1, 1, 1, 1, 1, 1, 1, 1, 0, 0),
(33, 'Ntambi Andrew', 'Andy', '6cab2757382a6d973ed0675024d6821d', 1, 'ARUG2024000009', 0, 0, 0, 0, 0, 0, 0, 0, 0, 0, 0, 0),
(34, '0703396077', 'Cathy', 'd76dc271be728c8b595eca056b8fb7fa', 1, 'MC2024000010', 0, 0, 0, 0, 0, 0, 0, 0, 0, 0, 0, 0),
(37, 'JOSEPH', 'jose', '', 1, '1', 1, 1, 0, 0, 0, 1, 0, 0, 0, 0, 0, 0),
(52, 'DatabaseManager', 'DataManager', '202cb962ac59075b964b07152d234b70', 2, 'HA2024000008', 1, 1, 1, 0, 0, 1, 0, 0, 0, 0, 0, 0),
(53, 'SSEMANDA ALOYSIUS', 'ssemmanda', '93ab7584bbd4442d65cb3a7effbe7b92', 1, 'SA2024000011', 1, 1, 1, 1, 1, 1, 1, 1, 1, 1, 0, 0),
(54, 'Domo', 'domo', '5d5cf6661eaf1f30a501a3198dae1558', 1, 'Domo2025000012', 0, 0, 0, 0, 0, 0, 0, 0, 0, 0, 0, 0),
(55, 'moses kasule', 'Mksquared ', 'ce0497d058acd81c59cd9fd195c0e74d', 1, 'MK2025000013', 0, 0, 0, 0, 0, 0, 0, 0, 0, 0, 0, 0),
(56, 'TUBAGALIZA ', 'Tubagaliza', 'a39708da3c902a29d14a08ce589b4de0', 1, 'TUBAP2025000014', 1, 1, 1, 1, 1, 1, 1, 1, 1, 1, 0, 0),
(57, 'MUTESASIRA RONALD', 'Tabula', 'c5d0d0d4aba5805fbbc788d9953a1657', 1, 'Tabula2025000015', 1, 1, 1, 1, 1, 1, 1, 1, 1, 1, 0, 0),
(58, 'Luutu Nelson', 'luutun', 'afe5193a0130513d82ef8be01b0da682', 1, 'WAPT2025000016', 0, 0, 0, 0, 0, 0, 0, 0, 0, 0, 0, 0),
(59, 'JoyMarie', 'joymarie.schnelle@allfreemail.net', '1c1d58a0abe59e318d50de91dacab45d', 1, 'BMJ2025000017', 0, 0, 0, 0, 0, 0, 0, 0, 0, 0, 0, 0),
(60, 'WILLIAM BAZADDE', 'Genuine', '61b8e536e9276c5b9bf00f594d7ae6f3', 1, 'GE2025000018', 1, 1, 1, 1, 1, 1, 1, 1, 1, 1, 0, 0),
(61, 'Bill John', 'Njovu', '4550fed7005ca7eda83c575bd427717d', 1, 'NJVE2025000019', 0, 0, 0, 0, 0, 0, 0, 0, 0, 0, 0, 0);

-- --------------------------------------------------------

--
-- Table structure for table `utility_bill_categories`
--

DROP TABLE IF EXISTS `utility_bill_categories`;
CREATE TABLE IF NOT EXISTS `utility_bill_categories` (
  `id` int(11) NOT NULL AUTO_INCREMENT,
  `name` varchar(255) NOT NULL,
  `amount` float NOT NULL,
  `created_on` date NOT NULL,
  `shopid` varchar(255) DEFAULT NULL,
  `account_type` tinyint(1) NOT NULL COMMENT '1=rentals 2=estate',
  `no_of_records` int(25) NOT NULL,
  PRIMARY KEY (`id`)
) ENGINE=MyISAM AUTO_INCREMENT=48 DEFAULT CHARSET=utf8;

--
-- Dumping data for table `utility_bill_categories`
--

INSERT INTO `utility_bill_categories` (`id`, `name`, `amount`, `created_on`, `shopid`, `account_type`, `no_of_records`) VALUES
(22, 'WATER', 35000, '0000-00-00', 'MWS2024000003', 0, 0),
(23, 'ELECTRICITY', 50000, '0000-00-00', 'MWS2024000003', 0, 0),
(24, 'INTERNET ', 47500, '0000-00-00', 'MWS2024000003', 0, 0),
(25, 'water', 34000, '2024-09-02', 'WBG2024000005', 0, 0),
(26, 'WATER ', 150000, '2024-09-10', '1', 0, 0),
(27, 'ELECTRICITY', 50000, '2024-09-10', '1', 0, 0),
(28, 'INTERNET ', 153000, '2024-09-10', '1', 0, 0),
(29, 'garbage', 60000, '2024-09-24', '1', 0, 0),
(30, 'security', 10000, '2024-09-30', '1', 0, 0),
(31, 'garbage', 10000, '2024-09-26', 'PS2024000007', 0, 0),
(32, 'security', 25000, '2024-09-26', 'PS2024000007', 0, 0),
(34, 'SECURITY_DEPOSIT', 0, '2024-10-07', 'HA2024000008', 0, 0),
(35, 'SECURITY_DEPOSIT', 0, '2024-10-15', '1', 0, 0),
(36, 'Credit_Reversal', 0, '2024-10-28', 'HA2024000008', 0, 0),
(40, 'deposit_nakibuule', 0, '2024-11-12', 'SA2024000011', 0, 0),
(38, 'security', 0, '2024-11-11', 'SA2024000011', 0, 0),
(39, 'Common_Services', 0, '2024-11-11', 'SA2024000011', 0, 0),
(47, 'LAND_TRANSFER_PLOT1900_bUSIRO', 0, '2025-03-27', 'TUBAP2025000014', 0, 0),
(45, 'LAND_TRANSFER', 0, '2025-03-27', 'TUBAP2025000014', 0, 0);

-- --------------------------------------------------------

--
-- Table structure for table `wallet`
--

DROP TABLE IF EXISTS `wallet`;
CREATE TABLE IF NOT EXISTS `wallet` (
  `id` int(11) NOT NULL AUTO_INCREMENT,
  `tenant_id` varchar(200) NOT NULL,
  `transaction_id` varchar(100) NOT NULL,
  `amount` float NOT NULL,
  `paid_by` varchar(100) NOT NULL,
  `Mode_pay` varchar(200) NOT NULL DEFAULT 'CASH',
  `Trans_date` date NOT NULL DEFAULT '2024-10-05',
  `shopid` varchar(255) DEFAULT NULL,
  `account_type` tinyint(1) NOT NULL COMMENT '1=rentals 2=estate',
  `no_of_records` int(25) NOT NULL,
  PRIMARY KEY (`id`)
) ENGINE=MyISAM AUTO_INCREMENT=536 DEFAULT CHARSET=latin1;

--
-- Dumping data for table `wallet`
--

INSERT INTO `wallet` (`id`, `tenant_id`, `transaction_id`, `amount`, `paid_by`, `Mode_pay`, `Trans_date`, `shopid`, `account_type`, `no_of_records`) VALUES
(3, '1', '12111', 30000, 'ree', 'cash', '2024-12-12', 'WBG2024000005', 0, 0),
(19, 'MWS/001', '1213378', 10000000, 'Joshua', 'bank', '2024-12-12', 'MWS2024000003', 0, 0),
(20, 'MWS/001', 'Monthly_Rent', -250000, 'September 2024', 'Wallet', '2024-12-12', 'MWS2024000003', 0, 0),
(21, 'MWS/001', 'WATER', -35000, 'September 2024', 'Wallet', '2024-12-12', NULL, 0, 0),
(22, 'MWS/001', 'ELECTRICITY', -50000, 'September 2024', 'Wallet', '2024-12-12', NULL, 0, 0),
(23, 'MWS/001', 'INTERNET ', -47500, 'September 2024', 'Wallet', '2024-12-12', NULL, 0, 0),
(24, 'MWS/001', 'Utility_Bills', -250000, 'September 2024', 'Wallet', '2024-12-12', 'MWS2024000003', 0, 0),
(25, '5', 'Monthly_Rent', 0, 'January 2024', 'Wallet', '2024-12-12', 'WBG2024000005', 0, 0),
(56, 'BH10', '47800', 30000, 'KAWALYA ', 'mm', '2024-12-12', '1', 0, 0),
(27, 'BH18', '14781', 1570000, 'Joshua', 'bank', '2024-11-02', '1', 0, 0),
(28, 'BH16', '121333', 789000, 'Moses Akampulire', 'cash', '2024-11-02', '1', 0, 0),
(29, 'BH1', '12134', 5700000, 'JOSEPH', 'mm', '2024-11-02', '1', 0, 0),
(30, 'BH1', '13211', 6400000, 'JOHN BOSCO', 'mm', '2024-11-01', '1', 0, 0),
(31, 'BH8', '78451', 570000, 'KAWALYA ', 'bank', '2024-12-12', '1', 0, 0),
(32, 'BH13', '16789', 5730000, 'JOSEPH', 'bank', '2024-09-12', '1', 0, 0),
(33, 'BH15', '132456', 570000, 'WILLIAM ', 'bank', '2024-12-12', '1', 0, 0),
(34, 'BH9', '12133175', 784500, 'KIWANUKA JOSEPH', 'bank', '2024-09-27', '1', 0, 0),
(35, 'BH10', '289012', 74000, 'LILLIAN MUYAMA', 'Corrections', '2024-11-01', '1', 0, 0),
(36, 'BH10', '341234', 1457000, 'ANGELLA ', 'bank', '2024-09-23', '1', 0, 0),
(37, 'BH21', '121112', 8945000, 'Joshua', 'cash', '2024-12-11', '1', 0, 0),
(38, 'BH2', '231456', 20000, 'JOSEPH', 'bank', '2024-12-12', '1', 0, 0),
(39, 'BH2', '78450', 3567000, 'OPIO BETTY ', 'bank', '2024-12-12', '1', 0, 0),
(40, 'BH5', '23455', 358000, 'PETER AKANKWASA', 'bank', '2024-12-12', '1', 0, 0),
(41, 'BH6', '231890', 2310000, 'KAKOOZA GILBERT', 'bank', '2024-12-12', '1', 0, 0),
(42, 'BH18', 'Monthly_Rent', -950000, 'September 2024', 'Wallet', '2024-12-12', '1', 0, 0),
(43, 'BH20', 'Monthly_Rent', 0, 'February 2024', 'Wallet', '2024-12-12', '1', 0, 0),
(44, 'BH1', 'Monthly_Rent', 0, 'January 2024', 'Wallet', '2024-12-12', '1', 0, 0),
(45, 'BH9', 'Monthly_Rent', 0, 'January 2024', 'Wallet', '2024-12-12', '1', 0, 0),
(46, 'BH9', 'WATER', -35000, 'January 2024', 'Wallet', '2024-12-12', NULL, 0, 0),
(47, 'BH9', 'ELECTRICITY', -50000, 'January 2024', 'Wallet', '2024-12-12', NULL, 0, 0),
(48, 'BH9', 'INTERNET ', -153000, 'January 2024', 'Wallet', '2024-12-12', NULL, 0, 0),
(49, 'BH9', 'water', -34000, 'January 2024', 'Wallet', '2024-12-12', NULL, 0, 0),
(50, 'BH9', 'WATER ', -150000, 'January 2024', 'Wallet', '2024-12-12', NULL, 0, 0),
(51, 'BH9', 'ELECTRICITY', -50000, 'January 2024', 'Wallet', '2024-12-12', NULL, 0, 0),
(52, 'BH9', 'INTERNET ', -153000, 'January 2024', 'Wallet', '2024-12-12', NULL, 0, 0),
(53, 'BH9', 'Utility_Bills', 0, 'January 2024', 'Wallet', '2024-12-12', '1', 0, 0),
(54, 'BH8', 't12092024', 5000000, 'Devin', 'mm', '2024-12-12', '1', 0, 0),
(55, 'BH8', 'Monthly_Rent', -1050000, 'September 2024', 'Wallet', '2024-12-12', '1', 0, 0),
(57, 'BH18', 'Monthly_Rent', 0, 'January 2024', 'Wallet', '2024-12-12', '1', 0, 0),
(58, 'LT23', '1213456', 570000, 'KASUMBA JOHN WILLIAM', 'bank', '2024-12-12', '1', 0, 0),
(59, 'BH22', '3123456', 2500000, 'JOSEPH BOSCO', 'bank', '2024-12-12', '1', 0, 0),
(60, 'BH22', 'Monthly_Rent', -950000, 'September 2024', 'Wallet', '2024-12-12', '1', 0, 0),
(61, 'BH22', 'Monthly_Rent', 0, 'August 2024', 'Wallet', '2024-12-12', '1', 0, 0),
(62, 'BH22', 'Monthly_Rent', -950000, 'October 2024', 'Wallet', '2024-12-12', '1', 0, 0),
(63, 'BH10', 'T-092024', 3000000, 'Judith', 'mm', '2024-12-12', '1', 0, 0),
(64, 'BH10', 'Monthly_Rent', -1450000, 'October 2024', 'Wallet', '2024-12-12', '1', 0, 0),
(65, 'BH10', 'Monthly_Rent', -1450000, 'September 2024', 'Wallet', '2024-12-12', '1', 0, 0),
(66, 'BH10', 'Monthly_Rent', -1450000, 'November 2024', 'Wallet', '2024-12-12', '1', 0, 0),
(67, 'BH10', 'Monthly_Rent', -1450000, 'December 2024', 'Wallet', '2024-12-12', '1', 0, 0),
(68, 'BH21', 'Monthly_Rent', -450000, 'September 2024', 'Wallet', '2024-12-12', '1', 0, 0),
(69, 'BH21', 'Monthly_Rent', -450000, 'October 2024', 'Wallet', '2024-12-12', '1', 0, 0),
(70, 'BH21', 'Monthly_Rent', -450000, 'November 2024', 'Wallet', '2024-12-12', '1', 0, 0),
(71, 'BH21', 'Monthly_Rent', -450000, 'December 2024', 'Wallet', '2024-12-12', '1', 0, 0),
(72, 'BH21', 'Monthly_Rent', -450000, 'August 2024', 'Wallet', '2024-12-12', '1', 0, 0),
(73, 'BH21', 'Monthly_Rent', -450000, 'July 2024', 'Wallet', '2024-12-12', '1', 0, 0),
(74, 'BH21', 'WATER', -35000, 'September 2024', 'Wallet', '2024-12-12', NULL, 0, 0),
(75, 'BH21', 'ELECTRICITY', -50000, 'September 2024', 'Wallet', '2024-12-12', NULL, 0, 0),
(76, 'BH21', 'INTERNET ', -153000, 'September 2024', 'Wallet', '2024-12-12', NULL, 0, 0),
(77, 'BH21', 'Utility_Bills', -450000, 'September 2024', 'Wallet', '2024-12-12', '1', 0, 0),
(78, 'BH21', 'Utility_Bills', -450000, 'September 2024', 'Wallet', '2024-12-12', '1', 0, 0),
(79, 'BH21', 'Monthly_Rent', -450000, 'January 2024', 'Wallet', '2024-12-12', '1', 0, 0),
(80, '19-L2004', 't4585', 2000000, 'gloria', 'bank', '2024-12-12', '1', 0, 0),
(81, '19-L2004', 'Monthly_Rent', -1450000, 'October 2024', 'Wallet', '2024-12-12', '1', 0, 0),
(82, '19-L2004', 'garbage', -60000, 'October 2024', 'Wallet', '2024-12-12', NULL, 0, 0),
(83, '19-L2004', 'security', -100000, 'October 2024', 'Wallet', '2024-12-12', NULL, 0, 0),
(84, 'BH18', 'Monthly_Rent', 0, 'November 2024', 'Wallet', '2024-12-12', '1', 0, 0),
(85, 'BH18', 'Monthly_Rent', -25000, 'November 2024', 'Wallet', '2024-12-12', '1', 0, 0),
(86, 'BH18', '121147800', 10000, 'Joshua', 'cash', '2024-09-25', '1', 0, 0),
(87, 'BH18', 'Monthly_Rent', -450000, 'September 2024', 'Wallet', '2024-12-12', '1', 0, 0),
(88, 'BH21', 'Monthly_Rent', -450000, 'August 2024', 'Wallet', '2024-12-12', '1', 0, 0),
(89, 'BH18', 'Monthly_Rent', -25000, 'November 2024', 'Wallet', '2024-12-12', '1', 0, 0),
(90, '1PS', 'PS-t1', 635000, 'Gloria', 'cash', '2024-09-26', 'PS2024000007', 0, 0),
(91, '1PS', 'Monthly_Rent', -500000, 'September 2024', 'Wallet', '2024-12-12', 'PS2024000007', 0, 0),
(92, '', 'garbage', -10000, ' ', 'Wallet', '2024-12-12', NULL, 0, 0),
(93, '', 'security', -25000, ' ', 'Wallet', '2024-12-12', NULL, 0, 0),
(94, '1PS', 'garbage', -10000, 'September 2024', 'Wallet', '2024-12-12', NULL, 0, 0),
(95, '1PS', 'security', -25000, 'September 2024', 'Wallet', '2024-12-12', NULL, 0, 0),
(96, '1PS', 'Utility_Bills', -35000, 'September 2024', 'Wallet', '2024-12-12', 'PS2024000007', 0, 0),
(97, '1PS', 'PS-t2', 35000, 'landlord', 'cash', '2024-09-26', 'PS2024000007', 0, 0),
(98, '1PS', 'Utility_Bills', 0, 'September 2024', 'Wallet', '2024-12-12', 'PS2024000007', 0, 0),
(99, 'BH18', 'ELECTRICITY', -50000, 'January 2024', 'Wallet', '2024-12-12', NULL, 0, 0),
(100, 'BH18', 'Utility_Bills', 0, 'January 2024', 'Wallet', '2024-12-12', '1', 0, 0),
(101, 'BH18', 'Utility_Bills', -1000, 'January 2024', 'Wallet', '2024-12-12', '1', 0, 0),
(102, '2', 'PS-t3', 680000, 'Hajara', 'cash', '2024-09-26', 'PS2024000007', 0, 0),
(103, '2', 'garbage', -10000, 'September 2024', 'Wallet', '2024-12-12', NULL, 0, 0),
(104, '2', 'security', -25000, 'September 2024', 'Wallet', '2024-12-12', NULL, 0, 0),
(105, '2', 'Utility_Bills', -250000, 'September 2024', 'Wallet', '2024-12-12', 'PS2024000007', 0, 0),
(106, '2', 'Monthly_Rent', -250000, 'September 2024', 'Wallet', '2024-12-12', 'PS2024000007', 0, 0),
(107, '2', 'Utility_Bills', -25000, 'September 2024', 'Wallet', '2024-12-12', 'PS2024000007', 0, 0),
(108, '2', 'Monthly_Rent', 0, 'September 2024', 'Wallet', '2024-12-12', 'PS2024000007', 0, 0),
(109, '2', 'Utility_Bills', 0, 'September 2024', 'Wallet', '2024-12-12', 'PS2024000007', 0, 0),
(110, '2', 'Monthly Rent', -250000, 'October 2024', 'Wallet', '2024-12-12', 'PS2024000007', 0, 0),
(111, '2', 'rev-1', 275000, 'landlord', 'cash', '2024-09-26', 'PS2024000007', 0, 0),
(112, '19-L2004', 'Monthly_Rent', -250000, 'August 2024', 'Wallet', '2024-12-12', '1', 0, 0),
(113, '19-L2004', 'Monthly_Rent', -250000, 'July 2024', 'Wallet', '2024-12-12', '1', 0, 0),
(114, '19-L2004', '3124555', 300000, 'Nkwenge', 'cash', '2024-09-26', '1', 0, 0),
(115, '19-L2004', 'Monthly_Rent', -250000, 'July 2024', 'Wallet', '2024-12-12', '1', 0, 0),
(116, 'BH22', 'Monthly_Rent', 0, 'August 2024', 'Wallet', '2024-12-12', '1', 0, 0),
(117, 'BH16', '1213555', 450000, 'MUKISA', 'cash', '2024-09-26', '1', 0, 0),
(118, 'BH17', 'Monthly_Rent', 0, 'January 2024', 'Wallet', '2024-12-12', '1', 0, 0),
(119, 'BH21', 'Monthly_Rent', -450000, 'September 2024', 'Wallet', '2024-12-12', '1', 0, 0),
(120, '4PS', 'Monthly_Rent', 0, 'September 2024', 'Wallet', '2024-12-12', 'PS2024000007', 0, 0),
(121, '4PS', 't4', 2500000, 'Cedric', 'cash', '2024-09-27', 'PS2024000007', 0, 0),
(122, '4PS', 'Monthly_Rent', -1000000, 'September 2024', 'Wallet', '2024-12-12', 'PS2024000007', 0, 0),
(123, 'BH1', 'Monthly_Rent', -650000, 'February 2024', 'Wallet', '2024-12-12', '1', 0, 0),
(124, 'single20', 't-sept', 3120000, 'Joseph', 'cash', '2024-09-30', '1', 0, 0),
(125, 'single20', 'Monthly_Rent', -780000, 'September 2024', 'Wallet', '2024-12-12', '1', 0, 0),
(126, 'single20', 'Monthly_Rent', 0, 'October 2024', 'Wallet', '2024-12-12', '1', 0, 0),
(127, 'single20', 'Monthly_Rent', 0, 'November 2024', 'Wallet', '2024-12-12', '1', 0, 0),
(128, 'single20', 'Monthly_Rent', -780000, 'October 2024', 'Wallet', '2024-12-12', '1', 0, 0),
(129, 'single20', 'Monthly_Rent', -780000, 'November 2024', 'Wallet', '2024-12-12', '1', 0, 0),
(130, '21-k001', 't-12', 300000, 'Jane', 'cash', '2024-09-30', '1', 0, 0),
(131, '21-k001', 'Monthly_Rent', -200000, 'September 2024', 'Wallet', '2024-12-12', '1', 0, 0),
(132, 'BH1', '145000', 350000, 'JOSEPH', 'bank', '2024-10-01', '1', 0, 0),
(226, '1_L01', 'Utility_Bills', -870000, 'SECURITY_DEPOSIT September 2024', 'Wallet', '2024-10-07', 'HA2024000008', 0, 0),
(225, '30_A3', '30', 700000, 'REBECCA KATUSIIME ', 'cash', '2024-10-05', 'HA2024000008', 0, 0),
(224, '2_A2', '29', 700000, 'SSENKUMBA ISAAC', 'cash', '2024-10-05', 'HA2024000008', 0, 0),
(223, '28_A1', '28', 700000, 'TUMWINE ANN ', 'cash', '2024-10-05', 'HA2024000008', 0, 0),
(222, '27_KK', '27', 900000, 'AMIRA ADAMS ', 'cash', '2024-10-05', 'HA2024000008', 0, 0),
(221, '26_JJ', '26', 850000, 'NAMUTEBI RITAH ', 'cash', '2024-10-05', 'HA2024000008', 0, 0),
(220, '25_HH', '25', 900000, 'NAKULIMA SHAMIM', 'cash', '2024-10-05', 'HA2024000008', 0, 0),
(219, '24_GG', '24', 800000, 'MUTUZO REBECCA', 'cash', '2024-10-05', 'HA2024000008', 0, 0),
(218, '23_EE', '23', 900000, 'PATRICK NYIWAN', 'cash', '2024-10-05', 'HA2024000008', 0, 0),
(217, '22_DD', '22', 850000, 'MATOVU SAAD ', 'cash', '2024-10-05', 'HA2024000008', 0, 0),
(216, '32_CC', '21', 850000, 'TURITWENKA DOROTHY ', 'cash', '2024-10-05', 'HA2024000008', 0, 0),
(215, '20_BB', '20', 800000, 'MWEBEMBEZI ABEL', 'cash', '2024-10-05', 'HA2024000008', 0, 0),
(214, '19_AP', '19', 900000, 'NASSOZI GRACE', 'cash', '2024-10-05', 'HA2024000008', 0, 0),
(213, '18_S05', '18', 700000, 'KENNETH SUUNA', 'cash', '2024-10-05', 'HA2024000008', 0, 0),
(212, '17_S04', '17', 600000, 'SEBASTIAN MUKASA', 'cash', '2024-10-05', 'HA2024000008', 0, 0),
(211, '16_L03', '16', 600000, 'BALABALA', 'cash', '2024-10-05', 'HA2024000008', 0, 0),
(210, '15_L02', '15', 700000, 'NAMIRIMU RACHAEL', 'cash', '2024-10-05', 'HA2024000008', 0, 0),
(209, '14_S01', '14', 700000, 'BRAIN', 'cash', '2024-10-05', 'HA2024000008', 0, 0),
(208, '13_M03', '13', 750000, 'TRACY KUKUNDA ', 'cash', '2024-10-05', 'HA2024000008', 0, 0),
(207, '12_M02', '12', 700000, 'KALANZI HAMZA ', 'cash', '2024-10-05', 'HA2024000008', 0, 0),
(206, '11_M01', '11', 700000, 'DEO MWOMBA', 'cash', '2024-10-05', 'HA2024000008', 0, 0),
(205, '10_L10', '10', 750000, 'MICHAEL MUKAIRA', 'cash', '2024-10-05', 'HA2024000008', 0, 0),
(204, '9_L09', '9', 800000, 'SHAMILLAH_ERIAS', 'cash', '2024-10-05', 'HA2024000008', 0, 0),
(203, '8_L08', '8', 700000, 'KAZIBWE PETER ', 'cash', '2024-10-05', 'HA2024000008', 0, 0),
(202, '7_L07', '7', 870000, 'TUMWESIGYE PASKAZIA', 'cash', '2024-10-05', 'HA2024000008', 0, 0),
(201, '6_L06', '6', 870000, 'SAM _AND_CAROL', 'cash', '2024-10-05', 'HA2024000008', 0, 0),
(200, '5_L05', '5', 850000, 'MUGAMBE DAN HADGI', 'cash', '2024-10-05', 'HA2024000008', 0, 0),
(199, '5_L04', '4', 870000, 'ATWIINE DAVIS', 'cash', '2024-10-05', 'HA2024000008', 0, 0),
(198, '3_L03', '3', 870000, 'BRENDA_AND_EDGER ', 'cash', '2024-10-05', 'HA2024000008', 0, 0),
(197, '2_L02', '2', 870000, 'TUMUSIIME WINNIE', 'cash', '2024-10-05', 'HA2024000008', 0, 0),
(196, '1_L01', '1', 870000, 'JANET KICONCO ', 'cash', '2024-10-05', 'HA2024000008', 0, 0),
(227, '2_L02', '2024-10-08', 950000, 'TUMUSIIME WINNIE', 'cash', '2024-10-08', 'HA2024000008', 0, 0),
(228, '7_L07', '2024-10-08', 80000, 'TUMWESIGYE PASKAZIA', 'cash', '2024-10-08', 'HA2024000008', 0, 0),
(229, '7_L07', 'Utility_Bills', -870000, 'SECURITY_DEPOSIT September 2024', 'Wallet', '2024-10-07', 'HA2024000008', 0, 0),
(230, '8_L08', '2024-10-08', 170000, 'KAZIBWE PETER ', 'cash', '2024-10-08', 'HA2024000008', 0, 0),
(231, '8_L08', 'Utility_Bills', -700000, 'SECURITY_DEPOSIT September 2024', 'Wallet', '2024-10-07', 'HA2024000008', 0, 0),
(232, 'BH16', 'Utility_Bills', -150000, 'WATER  January 2024', 'Wallet', '2024-10-08', '1', 0, 0),
(233, 'BH1', 'Utility_Bills', -10000, 'security January 2024', 'Wallet', '2024-10-08', '1', 0, 0),
(234, 'BH18', 'Monthly_Rent', 0, 'October 2024', 'Wallet', '2024-10-08', '1', 0, 0),
(235, 'BH16', 'Utility_Bills', -150000, 'WATER  January 2024', 'Wallet', '2024-10-08', '1', 0, 0),
(236, '9_L09', '2024-10-08', 70000, 'SHAMILLAH_ERIAS', 'cash', '2024-10-08', 'HA2024000008', 0, 0),
(237, '9_L09', 'Utility_Bills', -800000, 'SECURITY_DEPOSIT September 2024', 'Wallet', '2024-10-08', 'HA2024000008', 0, 0),
(238, '10_L10', '2024-10-08', 240000, 'MICHAEL MUKAIRA', 'cash', '2024-10-08', 'HA2024000008', 0, 0),
(239, '10_L10', 'Utility_Bills', -750000, 'SECURITY_DEPOSIT September 2024', 'Wallet', '2024-10-08', 'HA2024000008', 0, 0),
(240, '12_M02', '2024-10-08', 100000, 'KALANZI HAMZA ', 'cash', '2024-10-08', 'HA2024000008', 0, 0),
(241, '12_M02', 'Utility_Bills', -700000, 'SECURITY_DEPOSIT September 2024', 'Wallet', '2024-10-08', 'HA2024000008', 0, 0),
(242, '13_M03', '2024-10-08', 475000, 'TRACY KUKUNDA ', 'cash', '2024-10-08', 'HA2024000008', 0, 0),
(243, '13_M03', 'Utility_Bills', -750000, 'SECURITY_DEPOSIT August 2024', 'Wallet', '2024-10-08', 'HA2024000008', 0, 0),
(244, '14_S01', '2024-10-08', 100000, 'BRAIN OFFICE ', 'cash', '2024-10-08', 'HA2024000008', 0, 0),
(245, '14_S01', 'Utility_Bills', -700000, 'SECURITY_DEPOSIT August 2024', 'Wallet', '2024-10-08', 'HA2024000008', 0, 0),
(246, '16_L03', '2024-10-08', 150000, 'BALABALA JONES', 'cash', '2024-10-08', 'HA2024000008', 0, 0),
(247, '16_L03', 'Utility_Bills', -600000, 'SECURITY_DEPOSIT September 2024', 'Wallet', '2024-10-08', 'HA2024000008', 0, 0),
(248, '17_S04', '2024-10-08', 150000, 'SEBASTIAN MUKASA', 'cash', '2024-10-08', 'HA2024000008', 0, 0),
(249, '17_S04', 'Utility_Bills', -600000, 'SECURITY_DEPOSIT September 2024', 'Wallet', '2024-10-08', 'HA2024000008', 0, 0),
(250, '18_S05', '2024-10-08', 100000, 'SUUNA KENNETH', 'cash', '2024-10-08', 'HA2024000008', 0, 0),
(251, '18_S05', 'Utility_Bills', -700000, 'SECURITY_DEPOSIT August 2024', 'Wallet', '2024-10-08', 'HA2024000008', 0, 0),
(252, '19_AP', 'Utility_Bills', -900000, 'SECURITY_DEPOSIT September 2024', 'Wallet', '2024-10-08', 'HA2024000008', 0, 0),
(255, '32_CC', '2024-10-08', 750000, 'TURITWENKA DOROTHY ', 'cash', '2024-10-08', 'HA2024000008', 0, 0),
(254, '20_BB', 'Utility_Bills', -800000, 'SECURITY_DEPOSIT September 2024', 'Wallet', '2024-10-08', 'HA2024000008', 0, 0),
(256, '20_BB', '2024-10-08', 800000, 'MWEBEMBEZI ABEL', 'cash', '2024-10-08', 'HA2024000008', 0, 0),
(257, '20_BB', 'Monthly_Rent', -800000, 'September 2024', 'Wallet', '2024-10-08', 'HA2024000008', 0, 0),
(258, '32_CC', 'Utility_Bills', -850000, 'SECURITY_DEPOSIT September 2024', 'Wallet', '2024-10-08', 'HA2024000008', 0, 0),
(259, '22_DD', '2024-10-08', 1150000, 'MATOVU SAAD ', 'cash', '2024-10-08', 'HA2024000008', 0, 0),
(260, '22_DD', 'Utility_Bills', -850000, 'SECURITY_DEPOSIT July 2024', 'Wallet', '2024-10-08', 'HA2024000008', 0, 0),
(261, '22_DD', 'Monthly_Rent', -850000, 'July 2024', 'Wallet', '2024-10-08', 'HA2024000008', 0, 0),
(262, '23_EE', '2024-10-08', 900000, 'NYIWAN PATRICK', 'cash', '2024-10-08', 'HA2024000008', 0, 0),
(263, '23_EE', 'Utility_Bills', -900000, 'SECURITY_DEPOSIT September 2024', 'Wallet', '2024-10-08', 'HA2024000008', 0, 0),
(264, '23_EE', 'Monthly_Rent', -900000, 'September 2024', 'Wallet', '2024-10-08', 'HA2024000008', 0, 0),
(265, '24_GG', 'Utility_Bills', -800000, 'SECURITY_DEPOSIT August 2024', 'Wallet', '2024-10-08', 'HA2024000008', 0, 0),
(266, '25_HH', 'Utility_Bills', -900000, 'SECURITY_DEPOSIT September 2024', 'Wallet', '2024-10-08', 'HA2024000008', 0, 0),
(267, '26_JJ', '2024-10-08', 1050000, 'NAMUTEBI RITAH ', 'cash', '2024-10-08', 'HA2024000008', 0, 0),
(268, '26_JJ', 'Utility_Bills', -850000, 'SECURITY_DEPOSIT August 2024', 'Wallet', '2024-10-08', 'HA2024000008', 0, 0),
(269, '26_JJ', 'Monthly_Rent', -850000, 'September 2024', 'Wallet', '2024-10-08', 'HA2024000008', 0, 0),
(270, '27_KK', '2024-10-08', 1800000, 'AMIRA ADAMS ', 'cash', '2024-10-08', 'HA2024000008', 0, 0),
(271, '27_KK', 'Utility_Bills', -900000, 'SECURITY_DEPOSIT July 2024', 'Wallet', '2024-10-08', 'HA2024000008', 0, 0),
(272, '27_KK', 'Monthly_Rent', -900000, 'July 2024', 'Wallet', '2024-10-08', 'HA2024000008', 0, 0),
(273, '27_KK', 'Monthly_Rent', -900000, 'August 2024', 'Wallet', '2024-10-08', 'HA2024000008', 0, 0),
(274, '28_A1', 'Utility_Bills', -700000, 'SECURITY_DEPOSIT August 2024', 'Wallet', '2024-10-08', 'HA2024000008', 0, 0),
(275, '2_A2', 'Utility_Bills', -700000, 'SECURITY_DEPOSIT September 2024', 'Wallet', '2024-10-08', 'HA2024000008', 0, 0),
(276, '30_A3', 'Utility_Bills', -700000, 'SECURITY_DEPOSIT September 2024', 'Wallet', '2024-10-08', 'HA2024000008', 0, 0),
(277, '33_HS1', '2024-10-08', 600000, 'KIMERA COLLINS', 'cash', '2024-10-08', 'HA2024000008', 0, 0),
(278, '33_HS1', 'Monthly_Rent', -300000, 'October 2024', 'Wallet', '2024-10-08', 'HA2024000008', 0, 0),
(279, '33_HS1', 'Monthly_Rent', -300000, 'November 2024', 'Wallet', '2024-10-08', 'HA2024000008', 0, 0),
(281, '34_HS2', '2024-10-08', 300000, 'MBONIMPA GERALD', 'cash', '2024-10-08', 'HA2024000008', 0, 0),
(282, '34_HS2', 'Monthly_Rent', -300000, 'October 2024', 'Wallet', '2024-10-08', 'HA2024000008', 0, 0),
(283, '36_HS4', '2024-10-08', 100000, 'MUGISHA GRACE', 'cash', '2024-10-08', 'HA2024000008', 0, 0),
(284, 'BH1', 'Monthly_Rent', -650000, 'December 2024', 'Wallet', '2024-10-13', '1', 0, 0),
(285, '21-k001', '12134554', 78000000, 'JANE JOYCE', 'cash', '2024-10-05', '1', 0, 0),
(286, '21-k001', 'Monthly_Rent', -500000, 'January 2024', 'Wallet', '2024-10-13', '1', 0, 0),
(287, 'BH18', 'Monthly_Rent', 0, 'February 2024', 'Wallet', '2024-10-15', '1', 0, 0),
(288, 'BH18', '478111', 4550000, 'KAZIBWE PETER ', 'cash', '2024-10-05', '1', 0, 0),
(289, 'BH18', 'Utility_Bills', -800000, 'SECURITY_DEPOSIT January 2024', 'Wallet', '2024-10-15', '1', 0, 0),
(290, '26LM', '23127890', 2500000, 'NAMUWAYA ELIZABETH', 'cash', '2024-10-05', '1', 0, 0),
(291, '26LM', 'Monthly_Rent', -1050000, 'October 2024', 'Wallet', '2024-10-15', '1', 0, 0),
(292, '24-KA01', '1213444', 3500000, 'MAWEJJE PHILIP', 'cash', '2024-10-05', '1', 0, 0),
(293, '24-KA01', 'Monthly_Rent', -1450000, 'October 2024', 'Wallet', '2024-10-16', '1', 0, 0),
(294, '24-KA01', 'Monthly_Rent', -1450000, 'September 2024', 'Wallet', '2024-10-16', '1', 0, 0),
(295, 'BH16', 'Monthly_Rent', 0, 'June 2024', 'Wallet', '2024-10-17', '1', 0, 0),
(296, 'BH16', 'Monthly_Rent', -650000, 'June 2024', 'Wallet', '2024-10-17', '1', 0, 0),
(297, 'BH16', '7871444', 6500000, 'MOSES ASSIMWE', 'cash', '2024-10-05', '1', 0, 0),
(298, 'BH16', 'Monthly_Rent', -650000, 'October 2024', 'Wallet', '2024-10-17', '1', 0, 0),
(299, 'BH16', 'Monthly_Rent', -650000, 'October 2024', 'Wallet', '2024-10-17', '1', 0, 0),
(300, 'BH16', 'Utility_Bills', -800000, 'SECURITY_DEPOSIT January 2024', 'Wallet', '2024-10-17', '1', 0, 0),
(301, 'BH18', '89123', 10000, 'AINEBYONA GLORIA', 'cash', '2024-10-05', '1', 0, 0),
(302, '19-L2004', '897145', 10000, 'NAMYALO GLORIA', 'cash', '2024-10-05', '1', 0, 0),
(303, '21-k001', '34109', 250000, 'JOYCE JANE', 'cash', '2024-10-05', '1', 0, 0),
(304, '21-k001', '4512', 748000, 'JOYCE JANE ', 'cash', '2024-10-05', '1', 0, 0),
(305, '21-k001', '45112', 250000, 'JOYCE JANE', 'cash', '2024-10-05', '1', 0, 0),
(306, '21-k001', '231422', 450000, 'KIWUUWA J B', 'cash', '2024-10-05', '1', 0, 0),
(307, 'BH18', '2133211', 1000000, 'AINEBYONA GLORIA', 'cash', '2024-10-05', '1', 0, 0),
(308, '21-k001', '1213146', 250000, 'JOYCE JANE', 'cash', '2024-10-05', '1', 0, 0),
(336, '27_dd', 'Utility_Bills', -750000, 'SECURITY_DEPOSIT November 2024', 'Wallet for L4003', '2024-11-07', '1', 0, 0),
(311, 'BH18', '1311', 10000, 'Joshua', 'cash', '2024-10-21', '1', 0, 0),
(312, 'BH10', 'Monthly_Rent', 0, 'July 2024', 'Wallet', '2024-10-24', '1', 0, 0),
(313, '21-k001', '2131121', 478000, 'MUSA', 'cash', '2024-10-29', '1', 0, 0),
(314, '21-k001', '7841221', 100000, 'KAZIBWE PETER ', 'cash', '2024-11-01', '1', 0, 0),
(315, 'BH18', 'Monthly_Rent', -450000, 'September 2024', 'Wallet', '2024-11-01', '1', 0, 0),
(316, 'BH18', 'Utility_Bills', -250000, 'SECURITY_DEPOSIT November 2024', 'Wallet', '2024-11-01', '1', 0, 0),
(317, 'BH18', 'Utility_Bills', -10000, 'security November 2024', 'Wallet for ', '2024-11-01', '1', 0, 0),
(318, 'BH18', 'Monthly_Rent', 0, 'October 2024', 'Wallet', '2024-11-01', '1', 0, 0),
(319, 'BH18', '2312221', 850000, 'AINEBYONA GLORIA', 'cash', '2024-11-01', '1', 0, 0),
(320, 'BH8', 'Monthly_Rent', -1050000, 'September 2024', 'Wallet for ', '2024-11-01', '1', 0, 0),
(321, 'BH9', 'Monthly_Rent', -650000, 'November 2024', 'Wallet for L3003', '2024-11-02', '1', 0, 0),
(322, 'BH9', '212343', 2000000, 'RACHEAL', 'cash', '2024-11-02', '1', 0, 0),
(335, '27_dd', '122', 3570000, 'NAMAZZI JULIET', 'cash', '2024-11-07', '1', 0, 0),
(324, 'BH18', '113', 120000, 'KAZIBWE PETER ', 'bank', '2024-11-02', '1', 0, 0),
(325, 'BH6', 'Monthly_Rent November 2024', -1050000, '2024', 'Wallet for L4001 November 2024 ', '2024-11-06', '1', 0, 0),
(326, 'BH13', 'Monthly_Rent November 2024', -650000, '2024', 'Wallet for L2001 November 2024 ', '2024-11-06', '1', 0, 0),
(327, 'BH16', 'Monthly_Rent November 2024', -650000, '2024', 'Wallet for L1003 November 2024 ', '2024-11-06', '1', 0, 0),
(328, 'BH1', 'Monthly_Rent November 2024', -650000, '2024', 'Wallet for G002 November 2024 ', '2024-11-06', '1', 0, 0),
(329, 'BH21', 'Monthly_Rent November 2024', -450000, '2024', 'Wallet for L4004 November 2024 ', '2024-11-06', '1', 0, 0),
(330, 'BH2', 'Monthly_Rent November 2024', -1050000, '2024', 'Wallet for L3001 November 2024 ', '2024-11-06', '1', 0, 0),
(331, '21-k001', 'Monthly_Rent November 2024', -500000, '2024', 'Wallet for  K001 November 2024 ', '2024-11-06', '1', 0, 0),
(332, '26LM', 'Monthly_Rent November 2024', -1050000, '2024', 'Wallet for L3004 November 2024 ', '2024-11-06', '1', 0, 0),
(333, '2_L02', 'Monthly_Rent November 2024', -950000, '2024', 'Wallet for L02 November 2024 ', '2024-11-06', 'HA2024000008', 0, 0),
(334, '16_L03', 'Monthly_Rent November 2024', -750000, '2024', 'Wallet for S03 November 2024 ', '2024-11-06', 'HA2024000008', 0, 0),
(337, '27_dd', 'Monthly_Rent', -1450000, 'November 2024', 'Wallet for L4003', '2024-11-07', '1', 0, 0),
(338, '1_G1', '1', 400000, 'SAM MUTEBI', 'cash', '2024-10-31', 'SA2024000011', 0, 0),
(339, '2_G2', '2', 1400000, 'RITAH', 'cash', '2024-10-31', 'SA2024000011', 0, 0),
(340, '4_G8', '3', 350000, 'IRENE', 'cash', '2024-10-29', 'SA2024000011', 0, 0),
(341, '5_G10', '4', 250000, 'LILIAN', 'cash', '2024-10-29', 'SA2024000011', 0, 0),
(342, '6_F1', '5', 400000, 'SHEILA', 'cash', '2024-10-30', 'SA2024000011', 0, 0),
(343, '3_G4', '6', 350000, 'FRANK', 'cash', '2024-10-30', 'SA2024000011', 0, 0),
(344, '7_F15', '7', 600000, 'DEBA', 'cash', '2024-10-29', 'SA2024000011', 0, 0),
(345, '9_L_01', '8', 250000, 'RODNEY', 'cash', '2024-10-30', 'SA2024000011', 0, 0),
(346, '10_L_02', '9', 300000, 'TWAHA', 'cash', '2024-10-29', 'SA2024000011', 0, 0),
(347, '11_L_03', '10', 250000, 'JOHN', '', '2024-10-30', 'SA2024000011', 0, 0),
(348, '12_L07', '11', 750000, 'BBOSA SAM', 'cash', '2024-10-30', 'SA2024000011', 0, 0),
(349, '1_G1', 'Utility_Bills', -400000, 'deposit_nakibuule October 2024', 'Wallet for G1', '2024-11-12', 'SA2024000011', 0, 0),
(350, '2_G2', 'Utility_Bills', -1400000, 'deposit_nakibuule October 2024', 'Wallet for G2', '2024-11-12', 'SA2024000011', 0, 0),
(351, '3_G4', 'Utility_Bills', -350000, 'deposit_nakibuule October 2024', 'Wallet for G4', '2024-11-12', 'SA2024000011', 0, 0),
(352, '4_G8', 'Utility_Bills', -350000, 'deposit_nakibuule October 2024', 'Wallet for G8', '2024-11-12', 'SA2024000011', 0, 0),
(353, '5_G10', 'Utility_Bills', -250000, 'deposit_nakibuule October 2024', 'Wallet for G10', '2024-11-12', 'SA2024000011', 0, 0),
(354, '6_F1', 'Utility_Bills', -400000, 'deposit_nakibuule October 2024', 'Wallet for F1', '2024-11-12', 'SA2024000011', 0, 0),
(355, '7_F15', 'Utility_Bills', -600000, 'deposit_nakibuule October 2024', 'Wallet for F15', '2024-11-12', 'SA2024000011', 0, 0),
(356, '8_F13', '19', 250000, 'JULIUS', 'cash', '2024-10-29', 'SA2024000011', 0, 0),
(357, '8_F13', 'Utility_Bills', -250000, 'deposit_nakibuule October 2024', 'Wallet for F13', '2024-11-12', 'SA2024000011', 0, 0),
(358, '9_L_01', 'Utility_Bills', -250000, 'deposit_nakibuule October 2024', 'Wallet for L_01', '2024-11-12', 'SA2024000011', 0, 0),
(359, '10_L_02', 'Utility_Bills', -300000, 'deposit_nakibuule October 2024', 'Wallet for L_02', '2024-11-12', 'SA2024000011', 0, 0),
(360, '11_L_03', 'Utility_Bills', -250000, 'deposit_nakibuule October 2024', 'Wallet for L_03', '2024-11-12', 'SA2024000011', 0, 0),
(361, '12_L07', 'Utility_Bills', -750000, 'deposit_nakibuule October 2024', 'Wallet for L_07', '2024-11-12', 'SA2024000011', 0, 0),
(362, 'BH6', 'Monthly_Rent December 2024', -1050000, '2024', 'Wallet for L4001 December 2024 ', '2024-12-03', '1', 0, 0),
(363, 'BH9', 'Monthly_Rent December 2024', -650000, '2024', 'Wallet for L3003 December 2024 ', '2024-12-03', '1', 0, 0),
(364, 'BH13', 'Monthly_Rent December 2024', -650000, '2024', 'Wallet for L2001 December 2024 ', '2024-12-03', '1', 0, 0),
(365, 'BH16', 'Monthly_Rent December 2024', -650000, '2024', 'Wallet for L1003 December 2024 ', '2024-12-03', '1', 0, 0),
(366, 'BH21', 'Monthly_Rent December 2024', -450000, '2024', 'Wallet for L4004 December 2024 ', '2024-12-03', '1', 0, 0),
(367, 'BH2', 'Monthly_Rent December 2024', -1050000, '2024', 'Wallet for L3001 December 2024 ', '2024-12-03', '1', 0, 0),
(368, '21-k001', 'Monthly_Rent December 2024', -500000, '2024', 'Wallet for  K001 December 2024 ', '2024-12-03', '1', 0, 0),
(369, '26_JJ', '85', 1300000, 'Namutebi', 'bank', '2024-12-05', 'HA2024000008', 0, 0),
(370, '27_KK', '86', 900000, 'Amela Adams', 'bank', '2024-11-30', 'HA2024000008', 0, 0),
(371, '2_A2', '87', 700000, 'Senkumba', 'bank', '2024-11-14', 'HA2024000008', 0, 0),
(372, '22_DD', '88', 350000, 'Matovu', 'bank', '2024-11-04', 'HA2024000008', 0, 0),
(373, '22_DD', '89', 500000, 'Nakato Sumaya', 'bank', '2024-11-07', 'HA2024000008', 0, 0),
(374, '19_AP', '90', 900000, 'Report Eliot', 'bank', '2024-11-01', 'HA2024000008', 0, 0),
(375, '32_CC', '91', 850000, 'Eliot Report', 'bank', '2024-11-05', 'HA2024000008', 0, 0),
(376, '23_EE', '92', 1100000, 'Eliot Report', 'mm', '2024-11-21', 'HA2024000008', 0, 0),
(377, '24_GG', '93', 1600000, 'Eliot Report', 'mm', '2024-11-20', 'HA2024000008', 0, 0),
(378, '25_HH', '94', 900000, 'Eliot Report', 'bank', '2024-11-06', 'HA2024000008', 0, 0),
(379, '28_A1', '95', 700000, 'Eliot Report', 'mm', '2024-11-19', 'HA2024000008', 0, 0),
(380, '28_A1', '96', 1400000, 'Eliot Report', 'mm', '2024-11-26', 'HA2024000008', 0, 0),
(381, '30_A3', '97', 700000, 'Eliot Report', 'mm', '2024-11-15', 'HA2024000008', 0, 0),
(382, '19_AP', '98', 900000, 'Eliot Report', 'bank', '2024-10-03', 'HA2024000008', 0, 0),
(383, '20_BB', '99', 1600000, 'Eliot Report', 'bank', '2024-10-23', 'HA2024000008', 0, 0),
(384, '32_CC', '100', 850000, 'Eliot Report', 'bank', '2024-10-15', 'HA2024000008', 0, 0),
(385, '24_GG', '101', 1600000, 'Eliot Report', 'mm', '2024-10-09', 'HA2024000008', 0, 0),
(386, '25_HH', '102', 900000, 'Eliot Report', 'bank', '2024-10-04', 'HA2024000008', 0, 0),
(387, '26_JJ', '103', 1040000, 'Eliot Report', 'bank', '2024-10-05', 'HA2024000008', 0, 0),
(388, '26_JJ', '104', 500000, 'Eliot Report', 'bank', '2024-10-14', 'HA2024000008', 0, 0),
(389, '27_KK', '105', 900000, 'Eliot Report', 'bank', '2024-10-08', 'HA2024000008', 0, 0),
(390, '28_A1', '106', 700000, 'Eliot Report', 'bank', '2024-10-18', 'HA2024000008', 0, 0),
(391, '30_A3', '107', 700000, 'Eliot Report', 'mm', '2024-10-11', 'HA2024000008', 0, 0),
(392, '32_B', '108-Jotham', 1000000, 'ebnezer', 'mm', '2024-12-01', 'HA2024000008', 0, 0),
(393, '29_RP', '1200', 800000, 'plaza', 'cash', '2024-12-06', '1', 0, 0),
(394, '29_RP', 'Utility_Bills', -400000, 'SECURITY_DEPOSIT December 2024', 'Wallet for 5', '2024-12-16', '1', 0, 0),
(395, '28', '120125', 700000, 'mutamba', 'cash', '2025-01-12', '1', 0, 0),
(396, '28', 'Monthly_Rent', -700000, 'January 2025', 'Wallet for NER001', '2025-01-12', '1', 0, 0),
(397, 'BH22', '031224', 400000, 'Stella', 'cash', '2024-12-03', '1', 0, 0),
(398, 'BH22', 'Monthly_Rent', -950000, 'November 2024', 'Wallet for L2002', '2025-01-12', '1', 0, 0),
(399, 'BH22', '231224', 900000, 'Stella', 'cash', '2024-12-23', '1', 0, 0),
(400, 'BH22', 'Monthly_Rent', -950000, 'December 2024', 'Wallet for L2002', '2025-01-12', '1', 0, 0),
(401, '1_G1', 'Monthly_Rent', 0, 'November 2024', 'Wallet for G1', '2025-01-15', 'SA2024000011', 0, 0),
(402, '3_G4', '010125', 350000, 'frank', 'cash', '2025-01-01', 'SA2024000011', 0, 0),
(403, 'BH9', 'Monthly_Rent January 2025', -700000, '2025', 'Wallet for L3003 January 2025 ', '2025-01-15', '1', 0, 0),
(404, '3_G4', 'Monthly_Rent January 2025', -350000, '2025', 'Wallet for G4 January 2025 ', '2025-01-15', 'SA2024000011', 0, 0),
(405, '30_WKS001', '5643', 1000000, 'Darius', 'cash', '2025-03-12', '1', 0, 0),
(406, '30_WKS001', 'Utility_Bills', -350000, 'SECURITY_DEPOSIT March 2025', 'Wallet for WKS001', '2025-03-15', '1', 0, 0),
(407, '30_WKS001', 'Monthly_Rent', -350000, 'March 2025', 'Wallet for WKS001', '2025-03-15', '1', 0, 0),
(408, '25BEE', '12312', 2560000, 'dan', 'cash', '2025-01-31', '1', 0, 0),
(409, '25BEE', 'Monthly_Rent', -450000, 'November 2024', 'Wallet for G001', '2025-03-15', '1', 0, 0),
(410, '25BEE', 'Monthly_Rent', -450000, 'December 2024', 'Wallet for G001', '2025-03-15', '1', 0, 0),
(411, '25BEE', '1472', 900000, 'dan', 'cash', '2025-01-30', '1', 0, 0),
(412, '25BEE', 'Monthly_Rent', -2560000, 'January 2025', 'Wallet for G001', '2025-03-15', '1', 0, 0),
(413, '31_BUG001', '00045', 900000, 'el', 'bank', '2025-03-20', '1', 0, 0),
(414, '31_BUG001', 'Utility_Bills', -450000, 'SECURITY_DEPOSIT January 2025', 'Wallet for BUG001', '2025-03-15', '1', 0, 0),
(415, '31_BUG001', 'Monthly_Rent', -450000, 'March 2025', 'Wallet for BUG001', '2025-03-15', '1', 0, 0),
(435, '3_219', '231', 4000000, 'Twesigye Faith', 'cash', '2025-02-26', 'TUBAP2025000014', 0, 0),
(434, '3_219', '227', 5000000, 'Twesigye Faith', 'cash', '2025-02-12', 'TUBAP2025000014', 0, 0),
(433, '3_219', '220', 5000000, 'Twesigye Faith', 'cash', '2025-01-21', 'TUBAP2025000014', 0, 0),
(432, '3_219', '219', 5000000, 'Twesigye Faith', 'cash', '2025-01-18', 'TUBAP2025000014', 0, 0),
(446, 'BH9', 'Monthly_Rent March 2025', -700000, '2025', 'Wallet for L3003 March 2025 ', '2025-03-27', '1', 0, 0),
(430, 'DR001', 'Monthly_Rent', -2560000, 'January 2025', 'Wallet for G001', '2025-03-27', '1', 0, 0),
(429, 'DR001', '1521', 3000000, 'jane', 'cash', '2025-03-27', '1', 0, 0),
(438, '2_853', '853', 20000000, 'BUKENYA', 'cash', '2024-07-06', 'TUBAP2025000014', 0, 0),
(440, '2_853', '241', 5000000, 'BUKENYA', 'cash', '2025-03-19', 'TUBAP2025000014', 0, 0),
(439, '2_853', '203', 8000000, 'BUKENYA', 'cash', '2024-11-28', 'TUBAP2025000014', 0, 0),
(436, '3_219', '244', 3000000, 'Twesigye Faith', 'cash', '2025-03-21', 'TUBAP2025000014', 0, 0),
(447, '28', '155', 700000, 'junior', 'bank', '2025-03-19', '1', 0, 0),
(448, 'BH18', '1214444', 6000000, 'jovia', 'bank', '2025-03-28', '1', 0, 0),
(449, '4_050', '050', 40000000, 'VIAN', 'cash', '2024-10-05', 'TUBAP2025000014', 0, 0),
(450, '4_050', '899', 10000000, 'VIAN', 'cash', '2024-10-29', 'TUBAP2025000014', 0, 0),
(451, '4_050', '900', 5000000, 'VIAN', 'cash', '2024-11-11', 'TUBAP2025000014', 0, 0),
(452, '5_078', '78', 10000000, 'MARIAN', 'bank', '2025-03-21', 'TUBAP2025000014', 0, 0),
(453, '6_077', '077', 15000000, 'TADEO MIIRO', 'mm', '2025-03-19', 'TUBAP2025000014', 0, 0),
(454, '5_078', 'Monthly_Rent', -10000000, 'April 2025', 'Wallet for PLOT_1511_KYAPISI', '2025-03-31', 'TUBAP2025000014', 0, 0),
(455, '6_075', '075', 37000000, 'JOYCE', 'cash', '2025-03-11', 'TUBAP2025000014', 0, 0),
(456, '6_075', 'Monthly_Rent', 0, 'April 2025', 'Wallet for PLOT_1815_BUSIRO', '2025-04-01', 'TUBAP2025000014', 0, 0),
(457, '28', 'Monthly_Rent April 2025', -700000, '2025', 'Wallet for NER001 April 2025 ', '2025-04-01', '1', 0, 0),
(458, '19_006', '123', 80000, 'Ismail', 'cash', '2025-04-16', 'Tabula2025000015', 0, 0),
(459, '19_006', 'Monthly_Rent', -80000, 'April 2025', 'Wallet for KAB06', '2025-04-23', 'Tabula2025000015', 0, 0),
(460, '12_002', '321', 70000, 'kalanzi', 'mm', '2025-04-22', 'Tabula2025000015', 0, 0),
(461, '12_002', 'Monthly_Rent', -70000, 'April 2025', 'Wallet for NAB05', '2025-04-23', 'Tabula2025000015', 0, 0),
(462, '18_005', '232', 80000, 'baguma', 'cash', '2025-04-16', 'Tabula2025000015', 0, 0),
(463, '18_005', '234', 80000, 'baguma', 'cash', '2025-04-16', 'Tabula2025000015', 0, 0),
(464, '18_005', 'Monthly_Rent', -80000, 'April 2025', 'Wallet for KAB05', '2025-04-23', 'Tabula2025000015', 0, 0),
(465, '20_002', '823', 160000, 'mary', 'cash', '2025-03-21', 'Tabula2025000015', 0, 0),
(466, '20_002', 'Monthly_Rent', -80000, 'February 2025', 'Wallet for KAB07', '2025-04-23', 'Tabula2025000015', 0, 0),
(467, '18_005', 'Monthly_Rent May 2025', -80000, '2025', 'Wallet for KAB05 May 2025 ', '2025-05-07', 'Tabula2025000015', 0, 0),
(468, '20_002', 'Monthly_Rent May 2025', -80000, '2025', 'Wallet for KAB07 May 2025 ', '2025-05-07', 'Tabula2025000015', 0, 0),
(469, '27_NK006', '12', 90000, 'Ankunda', 'cash', '2025-04-27', 'Tabula2025000015', 0, 0),
(470, '27_NK006', 'Monthly_Rent', -90000, 'April 2025', 'Wallet for NAKU06', '2025-05-09', 'Tabula2025000015', 0, 0),
(471, '23_NK002', '14', 70000, 'JOSEPH', 'cash', '2025-04-27', 'Tabula2025000015', 0, 0),
(472, '23_NK002', 'Monthly_Rent', -70000, 'April 2025', 'Wallet for NAKU02', '2025-05-09', 'Tabula2025000015', 0, 0),
(473, '10_009', '16', 60000, 'CHRISTINE', 'cash', '2025-04-06', 'Tabula2025000015', 0, 0),
(474, '10_009', '17', 190000, 'ASIMWE', 'cash', '2025-04-06', 'Tabula2025000015', 0, 0),
(475, '10_009', 'Monthly_Rent', -250000, 'April 2025', 'Wallet for KAB13', '2025-05-09', 'Tabula2025000015', 0, 0),
(476, '26_NK005', '19', 60000, 'ATUSAAIRE', 'cash', '2025-04-13', 'Tabula2025000015', 0, 0),
(477, '26_NK005', 'Monthly_Rent', -60000, 'April 2025', 'Wallet for NAKU05', '2025-05-09', 'Tabula2025000015', 0, 0),
(478, '5_004', '21', 80000, 'BAGUMA', 'cash', '2025-05-03', 'Tabula2025000015', 0, 0),
(479, '5_004', 'Monthly_Rent', -80000, 'April 2025', 'Wallet for KAB04', '2025-05-09', 'Tabula2025000015', 0, 0),
(480, '19_006', '23', 80000, 'ISMAIL', 'cash', '2025-04-10', 'Tabula2025000015', 0, 0),
(481, '28_NK007', '24', 140000, 'DAVIS', 'cash', '2025-04-27', 'Tabula2025000015', 0, 0),
(482, '28_NK007', 'Monthly_Rent', -100000, 'April 2025', 'Wallet for NAKU07', '2025-05-09', 'Tabula2025000015', 0, 0),
(483, '28_NK007', '26', 100000, 'DAVIS', 'cash', '2025-04-13', 'Tabula2025000015', 0, 0),
(484, '30_NK009', '27', 140000, 'TOM', 'cash', '2025-04-27', 'Tabula2025000015', 0, 0),
(485, '30_NK009', 'Monthly_Rent', -140000, 'May 2025', 'Wallet for NAKU09', '2025-05-09', 'Tabula2025000015', 0, 0),
(486, '16_002', '29', 130000, 'MOSES', 'cash', '2025-04-13', 'Tabula2025000015', 0, 0),
(487, '16_002', 'Monthly_Rent', -130000, 'April 2025', 'Wallet for NAB11', '2025-05-09', 'Tabula2025000015', 0, 0),
(488, '32_NK11', '31', 80000, 'PANTA', 'cash', '2025-05-05', 'Tabula2025000015', 0, 0),
(489, '2_001', '32', 80000, 'ERIA', 'cash', '2025-04-27', 'Tabula2025000015', 0, 0),
(490, '2_001', 'Monthly_Rent', -80000, 'April 2025', 'Wallet for KAB01', '2025-05-09', 'Tabula2025000015', 0, 0),
(491, '3_002', '34', 80000, 'DAN', 'cash', '2025-04-13', 'Tabula2025000015', 0, 0),
(492, '3_002', 'Monthly_Rent', -80000, 'April 2025', 'Wallet for KAB02', '2025-05-09', 'Tabula2025000015', 0, 0),
(493, '4_003', '36', 80000, 'NSUBUGA', 'cash', '2025-04-13', 'Tabula2025000015', 0, 0),
(494, '4_003', 'Monthly_Rent', -80000, 'April 2025', 'Wallet for KAB03', '2025-05-09', 'Tabula2025000015', 0, 0),
(495, '9_008', '38', 200000, 'RUTH', 'cash', '2025-12-04', 'Tabula2025000015', 0, 0),
(496, '9_008', 'Monthly_Rent', -200000, 'April 2025', 'Wallet for KAB12', '2025-05-09', 'Tabula2025000015', 0, 0),
(497, '7_006', '40', 80000, 'OKUMU', 'cash', '2025-04-27', 'Tabula2025000015', 0, 0),
(498, '7_006', '41', 80000, 'OKUMU', 'cash', '2025-04-27', 'Tabula2025000015', 0, 0),
(499, '24_NK003', '42', 70000, 'ALI', 'cash', '2025-04-27', 'Tabula2025000015', 0, 0),
(500, '24_NK003', 'Monthly_Rent', -70000, 'April 2025', 'Wallet for NAKU03', '2025-05-09', 'Tabula2025000015', 0, 0),
(501, '20_002', '44', 80000, 'MARY', 'cash', '2025-04-16', 'Tabula2025000015', 0, 0),
(502, '20_002', 'Monthly_Rent', -80000, 'April 2025', 'Wallet for KAB07', '2025-05-09', 'Tabula2025000015', 0, 0),
(503, '34_NK13', '46', 80000, 'JOSPEH', 'cash', '2025-04-16', 'Tabula2025000015', 0, 0),
(504, '25_NK004', '47', 140000, 'AGABA', 'cash', '2025-04-11', 'Tabula2025000015', 0, 0),
(505, '25_NK004', 'Monthly_Rent', -70000, 'April 2025', 'Wallet for NAKU04', '2025-05-09', 'Tabula2025000015', 0, 0),
(506, '31_NK010', '49', 80000, 'HUSSAN', 'cash', '2025-04-02', 'Tabula2025000015', 0, 0),
(507, '31_NK010', 'Monthly_Rent', -80000, 'April 2025', 'Wallet for NAKU10', '2025-05-09', 'Tabula2025000015', 0, 0),
(508, '16_002', '51', 130000, 'MOSE', 'mm', '2025-04-16', 'Tabula2025000015', 0, 0),
(509, '16_002', 'Monthly_Rent', -130000, 'May 2025', 'Wallet for NAB11', '2025-05-09', 'Tabula2025000015', 0, 0),
(510, '19_006', 'Monthly_Rent June 2025', -80000, '2025', 'Wallet for KAB06 June 2025 ', '2025-06-11', 'Tabula2025000015', 0, 0),
(511, '25_NK004', 'Monthly_Rent June 2025', -70000, '2025', 'Wallet for NAKU04 June 2025 ', '2025-06-11', 'Tabula2025000015', 0, 0),
(512, '28_NK007', 'Monthly_Rent June 2025', -100000, '2025', 'Wallet for NAKU07 June 2025 ', '2025-06-11', 'Tabula2025000015', 0, 0),
(513, '34_NK13', 'Monthly_Rent June 2025', -80000, '2025', 'Wallet for NAKU13 June 2025 ', '2025-06-11', 'Tabula2025000015', 0, 0),
(514, '30_WKS001', 'Monthly_Rent July 2025', -300000, '2025', 'Wallet for WKS001 July 2025 ', '2025-07-04', '1', 0, 0),
(515, '34', '159', 10000000, 'sam', 'cash', '2025-07-09', '1', 0, 0),
(516, '34', '160', 15000000, 'sam', 'cash', '2025-07-15', '1', 0, 0),
(517, '34', 'Monthly_Rent', -25000000, 'July 2025', 'Wallet for PLOT36', '2025-07-16', '1', 0, 0),
(518, '1_1475', '1', 24000000, 'carol', 'cash', '2025-07-02', 'GE2025000018', 0, 0),
(519, '1_1475', 'Monthly_Rent', -24000000, 'July 2025', 'Wallet for Plot1475_Sala', '2025-07-16', 'GE2025000018', 0, 0),
(520, '2_1477', '3', 18000000, 'Ritah', 'cash', '2025-07-08', 'GE2025000018', 0, 0),
(521, '2_1477', '4', 2000000, 'Ritah', 'cash', '2025-07-03', 'GE2025000018', 0, 0),
(522, '3_1478', '5', 24000000, 'Evans', 'cash', '2025-07-10', 'GE2025000018', 0, 0),
(523, '3_1478', 'Monthly_Rent', -24000000, 'July 2025', 'Wallet for Plot1478_Sala', '2025-07-16', 'GE2025000018', 0, 0),
(524, '4_1480', '7', 18000000, 'Oliver', 'cash', '2025-07-01', 'GE2025000018', 0, 0),
(525, '4_1480', '8', 1000000, 'Oliver', 'cash', '2025-07-08', 'GE2025000018', 0, 0),
(526, '5_1482', '9', 20000000, 'Steven', 'cash', '2025-07-02', 'GE2025000018', 0, 0),
(527, '6_1483', '10', 24000000, 'Steven', 'cash', '2025-07-10', 'GE2025000018', 0, 0),
(528, '6_1483', 'Monthly_Rent', -24000000, 'July 2025', 'Wallet for Plot1483_Sala', '2025-07-16', 'GE2025000018', 0, 0),
(529, '7_1484', '12', 10000000, 'Segone', 'cash', '2025-07-07', 'GE2025000018', 0, 0),
(530, '8_1491', '13', 24000000, 'Irene', 'cash', '2025-07-10', 'GE2025000018', 0, 0),
(531, '8_1491', 'Monthly_Rent', -24000000, 'July 2025', 'Wallet for Plot1491_Sala', '2025-07-16', 'GE2025000018', 0, 0),
(532, '9_1496', '15', 8000000, 'Kizito', 'cash', '2025-07-11', 'GE2025000018', 0, 0),
(533, '', '', -0, ' ', 'Wallet for ', '2025-07-24', 'GE2025000018', 0, 0),
(534, '10_2252', '17452', 15000000, 'hajara', 'cash', '2025-07-01', 'GE2025000018', 0, 0),
(535, '10_2252', 'Monthly_Rent July 2025', -15000000, '2025', 'Wallet for 9524 July 2025 ', '2025-07-24', 'GE2025000018', 0, 0);
COMMIT;

/*!40101 SET CHARACTER_SET_CLIENT=@OLD_CHARACTER_SET_CLIENT */;
/*!40101 SET CHARACTER_SET_RESULTS=@OLD_CHARACTER_SET_RESULTS */;
/*!40101 SET COLLATION_CONNECTION=@OLD_COLLATION_CONNECTION */;
